/home/mattin/Desktop/.venv/lib/python3.12/site-packages/torch/jit/_script.py:1491: FutureWarning: `torch.jit.script` is deprecated. Please switch to `torch.compile` or `torch.export`.
  warnings.warn(
17:39:14 | INFO  | __init__.py | JAX version 0.11.2 available.
17:39:16 | INFO  | atomic_chec~| [atomic_save] installed crash-safe checkpoint plugin (write to sibling .tmp + fsync + atomic rename)
[2026-09-29 17:39:16,718][root][INFO] - Cached 'action' from '/home/mattin/.stable_worldmodel/datasets/ogbench/cube_single_expert.h5'
[2026-09-29 17:39:18,000][root][INFO] - Cached 'observation' from '/home/mattin/.stable_worldmodel/datasets/ogbench/cube_single_expert.h5'
[2026-09-29 17:39:20,089][root][INFO] - Merged columns ['proprio_effector_pos', 'proprio_effector_yaw', 'proprio_gripper_contact', 'proprio_gripper_opening', 'proprio_gripper_vel', 'proprio_joint_pos', 'proprio_joint_vel'] into 'proprio' and cached it
17:39:20 | INFO  | utils.py    | Created ViT-tiny from scratch with config: {'hidden_size': 192, 'num_hidden_layers': 12, 'num_attention_heads': 3, 'intermediate_size': 768, 'image_size': 224, 'patch_size': 14}
17:39:20 | INFO  | module.py   | Setting up DataModule
17:39:20 | INFO  | utils.py    | ── Module ────────────────────────────────────────
17:39:20 | WARN  | module.py   | ! No hyperparameters provided - hyperparameter logging is disabled.
17:39:20 | INFO  | module.py   |   Setting custom forward method.
17:39:20 | INFO  | module.py   |   Setting attribute: self.model = <class 'hjepa.HJEPA'>
17:39:20 | INFO  | module.py   |   Setting attribute: self.sigreg = <class 'module.SIGReg'>
17:39:20 | INFO  | module.py   |   Setting attribute: self.optim = <class 'dict'>
17:39:20 | INFO  | module.py   |   No metrics configuration provided - automatic metric tracking is disabled.
/home/mattin/Desktop/.venv/lib/python3.12/site-packages/lightning/fabric/connector.py:571: `precision=bf16` is supported for historical reasons but its usage is discouraged. Please set your precision to bf16-mixed instead!
Using bfloat16 Automatic Mixed Precision (AMP)
17:39:20 | INFO  | env_info.py |   EnvironmentDumpCallback initialized (filename=environment.json, async=True)
17:39:20 | INFO  | utils.py    | ── HuggingFaceCheckpoint ─────────────────────────
17:39:20 | INFO  | hf_models.py|   save_dir: <cyan>hf_exports</cyan>
17:39:20 | INFO  | hf_models.py|   per_step: <cyan>False</cyan>  (False ⇒ overwrite single 'last/' subdir; True ⇒ keep step_N/)
Adding 14 callbacks from entry point 'stablepretraining_callbacks': PrintProgressBar, ModuleRegistryCallback, LoggingCallback, EnvironmentDumpCallback, TrainerInfo, SklearnCheckpoint, WandbCheckpoint, TrackioCheckpoint, SwanLabCheckpoint, ModuleSummary, SLURMInfo, LogUnusedParametersOnce, HuggingFaceCheckpointCallback, HardwareMonitor
GPU available: True (cuda), used: True
TPU available: False, using: 0 TPU cores
/home/mattin/Desktop/.venv/lib/python3.12/site-packages/lightning/pytorch/trainer/connectors/logger_connector/logger_connector.py:76: Starting from v1.9.0, `tensorboardX` has been removed as a dependency of the `lightning.pytorch` package, due to potential conflicts with other packages in the ML ecosystem. For this reason, `logger=True` will use `CSVLogger` as the default logger, unless the `tensorboard` or `tensorboardX` packages are found. Please `pip install lightning[extra]` or one of them to enable TensorBoard support by default
💡 Tip: For seamless cloud logging and experiment tracking, try installing [litlogger](https://pypi.org/project/litlogger/) to enable LitLogger, which logs metrics and artifacts automatically to the Lightning Experiments platform.
17:39:20 | INFO  | utils.py    | ── SIGTERM preempt handler — install ─────────────
17:39:20 | INFO  | manager.py  |   SLURM_JOB_ID         = None
17:39:20 | INFO  | manager.py  |   SLURM_RESTART_COUNT  = '0'
17:39:20 | INFO  | manager.py  |   SLURM_PROCID         = '?'
17:39:20 | INFO  | manager.py  |   SLURM_NODEID         = '?'
17:39:20 | INFO  | manager.py  |   → not under SLURM (SLURM_JOB_ID unset); leaving SIGTERM handler as-is. Forwarding to submitit's USR signal would be a no-op since submitit isn't running upstream.
17:39:20 | WARN  | manager.py  | User didn't specify seed, runs won't be exactly reproducible!
17:39:20 | INFO  | manager.py  |   Manager init: ckpt_path=None, weights_only=True
17:39:20 | INFO  | utils.py    | ── WorkingDirectory ──────────────────────────────
17:39:20 | INFO  | manager.py  |   cwd: /home/mattin/Desktop/le-wm
17:39:20 | INFO  | utils.py    | ── Seed ──────────────────────────────────────────
17:39:20 | INFO  | manager.py  |   seed: None
/home/mattin/Desktop/.venv/lib/python3.12/site-packages/stable_pretraining/manager.py:1871: UserWarning: No seed found, seed set to 0
  seed_everything(self.seed, workers=True)
17:39:20 | INFO  | distributed~| Seed set to 0
17:39:20 | INFO  | utils.py    | ── RunDirectory ──────────────────────────────────
17:39:20 | INFO  | manager.py  |   cache_dir = /home/mattin/.cache/stable-pretraining
17:39:20 | INFO  | manager.py  |   ddp: launch_key=(single-process) rank=0 is_rank_zero=True
17:39:20 | INFO  | utils.py    | ── RunDirectory: requeue probe ───────────────────
17:39:20 | INFO  | manager.py  |   SLURM session key   = (no SLURM)
17:39:20 | INFO  | manager.py  |   SLURM_RESTART_COUNT = 0
17:39:20 | INFO  | manager.py  |   in_requeue          = False
17:39:20 | INFO  | utils.py    | ── RunDirectory: fresh ───────────────────────────
17:39:20 | INFO  | manager.py  |   no user ckpt_path — training from scratch / pretrained backbone.
17:39:20 | INFO  | manager.py  |   created run_dir = /home/mattin/.cache/stable-pretraining/runs/20260929/173920/64c669b40e1d
17:39:20 | INFO  | manager.py  |   wrote run_meta.json with run_id=64c669b40e1d
17:39:20 | INFO  | manager.py  |   SLURM index = (no SLURM, skipped)
17:39:20 | WARN  | manager.py  | ! cache_dir is set but the Trainer was passed as an already-instantiated object. Cannot override default_root_dir cleanly. Consider passing the trainer as a config dict instead.
17:39:20 | WARN  | manager.py  | ! Hydra run.dir='outputs/2026-09-29/17-39-16' will be ignored for trainer outputs (cache_dir takes precedence).
17:39:20 | WARN  | manager.py  | ! Hydra sweep.dir='multirun/2026-09-29/17-39-16' will be ignored for trainer outputs (cache_dir takes precedence).
17:39:20 | INFO  | logger.py   | [RegistryLogger] run_id=64c669b40e1d run_dir=/home/mattin/.cache/stable-pretraining/runs/20260929/173920/64c669b40e1d — sidecar.json + summary.json + metrics.csv will live here
17:39:20 | INFO  | utils.py    | ── RegistryLogger ────────────────────────────────
17:39:20 | INFO  | manager.py  |   run_dir: /home/mattin/.cache/stable-pretraining/runs/20260929/173920/64c669b40e1d
17:39:20 | INFO  | manager.py  |   run_id:  64c669b40e1d
17:39:20 | INFO  | utils.py    | ── CSVLogger ─────────────────────────────────────
17:39:20 | INFO  | manager.py  |   root_dir: /home/mattin/.cache/stable-pretraining/runs/20260929/173920/64c669b40e1d/
17:39:20 | INFO  | manager.py  |   save_dir: /home/mattin/.cache/stable-pretraining/runs/20260929/173920/64c669b40e1d
17:39:20 | INFO  | manager.py  |   log_dir: /home/mattin/.cache/stable-pretraining/runs/20260929/173920/64c669b40e1d/
17:39:20 | INFO  | utils.py    | ── SignalHandlers (after submitit setup (spt SIGTERM installed in __init__)) ──
17:39:20 | INFO  | manager.py  |   SIGUSR1  → SIG_DFL (default OS action — terminate process)
17:39:20 | INFO  | manager.py  |   SIGUSR2  → SIG_DFL (default OS action — terminate process)
17:39:20 | INFO  | manager.py  |   SIGCONT  → SIG_DFL (default OS action — terminate process)
17:39:20 | INFO  | manager.py  |   SIGTERM  → SIG_DFL (default OS action — terminate process)
17:39:20 | INFO  | utils.py    | ── Callbacks ─────────────────────────────────────
17:39:20 | INFO  | manager.py  |   count: 19
17:39:20 | INFO  | utils.py    | ── CacheDirCheckpointing ─────────────────────────
17:39:20 | INFO  | manager.py  |   Saving checkpoints to: /home/mattin/.cache/stable-pretraining/runs/20260929/173920/64c669b40e1d/checkpoints
17:39:20 | WARN  | manager.py  |   Redirecting HuggingFaceCheckpointCallback from 'hf_exports' to '/home/mattin/.cache/stable-pretraining/runs/20260929/173920/64c669b40e1d/hf_exports' (cache_dir is active — prevents races on a shared cache)
17:39:20 | INFO  | manager.py  |   Added requeue checkpoint (filename='last', every_n_train_steps=None)
17:39:20 | INFO  | utils.py    | ── LoadPath resolution ───────────────────────────
17:39:20 | INFO  | manager.py  |   in_requeue = False
17:39:20 | INFO  | manager.py  |   user ckpt_path = None
17:39:20 | INFO  | manager.py  |   user weights_only = True
17:39:20 | INFO  | manager.py  |   → no ckpt_path; training from scratch.
17:39:20 | INFO  | manager.py  |   manual-opt: moved gradient_clip_val=1.0 (algorithm=None) onto trainer.gradient_clip_val_; Module.training_step applies it via self.clip_gradients().
17:39:20 | INFO  | utils.py    | ── TrainerFit ────────────────────────────────────
17:39:20 | INFO  | manager.py  |   ckpt_path:     None
17:39:20 | INFO  | manager.py  |   weights_only:  None
17:39:20 | INFO  | utils.py    | ── SignalHandlers (before Trainer.fit() (handler installed in __init__)) ──
17:39:20 | INFO  | manager.py  |   SIGUSR1  → SIG_DFL (default OS action — terminate process)
17:39:20 | INFO  | manager.py  |   SIGUSR2  → SIG_DFL (default OS action — terminate process)
17:39:20 | INFO  | manager.py  |   SIGCONT  → SIG_DFL (default OS action — terminate process)
17:39:20 | INFO  | manager.py  |   SIGTERM  → SIG_DFL (default OS action — terminate process)
17:39:20 | INFO  | manager.py  |   → entering Trainer.fit(); lightning's _SignalConnector will now register its own handlers. SIGTERM will become _HandlersCompose([_sigterm_notifier_fn, _sigterm_handler_fn, spt._handler]); USR-sig binding from submitit is preserved (lightning skips USR registration when one already exists).
💡 Tip: For seamless cloud uploads and versioning, try installing [litmodels](https://pypi.org/project/litmodels/) to enable LitModelCheckpoint, which syncs automatically with the Lightning model registry.
You are using a CUDA device ('NVIDIA GB10') that has Tensor Cores. To properly utilize them, you should set `torch.set_float32_matmul_precision('medium' | 'high')` which will trade-off precision for performance. For more details, read https://pytorch.org/docs/stable/generated/torch.set_float32_matmul_precision.html#torch.set_float32_matmul_precision
17:39:20 | OK    | module.py   | ✓ dataset for TrainerFn.FITTING loaded
17:39:20 | INFO  | module.py   |   setup was done by user
17:39:20 | INFO  | utils.py    | ── EnvironmentDump ───────────────────────────────
17:39:20 | INFO  | env_info.py |   log_dir: /home/mattin/.cache/stable-pretraining
17:39:20 | INFO  | env_info.py |   Running environment dump in background thread (non-blocking)
17:39:20 | INFO  | env_info.py |   Collecting environment information...
17:39:20 | OK    | env_info.py | ✓ Background thread started successfully
17:39:20 | OK    | env_info.py | ✓ Python 3.12.3
17:39:20 | INFO  | trainer_inf~|   linking trainer to DataModule
17:39:20 | OK    | env_info.py | ✓ System: Linux 6.17.0-1026-nvidia (aarch64)
17:39:20 | INFO  | utils.py    | ── Callbacks (in order) ──────────────────────────
17:39:20 | INFO  | env_info.py |   Hostname: thinkstationpgx-2fcd
17:39:20 | INFO  | utils.py    |     [ 0] SaveCkptCallback
17:39:20 | INFO  | utils.py    |     [ 1] RichProgressBar
17:39:20 | INFO  | utils.py    |     [ 2] RichModelSummary
17:39:20 | INFO  | utils.py    |     [ 3] PrintProgressBar
17:39:20 | INFO  | utils.py    |     [ 4] ModuleRegistryCallback
17:39:20 | INFO  | utils.py    |     [ 5] LoggingCallback
17:39:20 | INFO  | utils.py    |     [ 6] EnvironmentDumpCallback
17:39:20 | INFO  | utils.py    |     [ 7] TrainerInfo
17:39:20 | INFO  | utils.py    |     [ 8] SklearnCheckpoint
17:39:20 | INFO  | utils.py    |     [ 9] WandbCheckpoint
17:39:20 | INFO  | utils.py    |     [10] TrackioCheckpoint
17:39:20 | INFO  | utils.py    |     [11] SwanLabCheckpoint
17:39:20 | INFO  | utils.py    |     [12] ModuleSummary
17:39:20 | INFO  | utils.py    |     [13] SLURMInfo
17:39:20 | INFO  | utils.py    |     [14] LogUnusedParametersOnce
17:39:20 | INFO  | utils.py    |     [15] HuggingFaceCheckpointCallback
17:39:20 | INFO  | utils.py    |     [16] HardwareMonitor
17:39:20 | INFO  | utils.py    |     [17] ModelCheckpoint
17:39:20 | INFO  | utils.py    |     [18] _RunDirCallback
17:39:20 | INFO  | utils.py    |     [19] ModelCheckpoint
17:39:20 | INFO  | utils.py    |   ⚑ marks order-sensitive callbacks; see AGENTS.md → Callback ordering for the full rules.
17:39:20 | INFO  | utils.py    | ── SklearnCheckpoint ─────────────────────────────
17:39:20 | INFO  | checkpoint_~|   Sklearn Modules:
17:39:20 | INFO  | checkpoint_~| 
┏━━━━━━━━━━┳━━━━━━━━┳━━━━━━━━┓
┃ Module   ┃ Name   ┃ Type   ┃
┣━━━━━━━━━━╋━━━━━━━━╋━━━━━━━━┫
┗━━━━━━━━━━┻━━━━━━━━┻━━━━━━━━┛
17:39:20 | INFO  | utils.py    | ── WandbCheckpoint ───────────────────────────────
17:39:20 | INFO  | utils.py    | ── TrackioCheckpoint ─────────────────────────────
17:39:20 | INFO  | utils.py    | ── SwanLabCheckpoint ─────────────────────────────
17:39:20 | INFO  | utils.py    | ── PyTorch Modules ───────────────────────────────
17:39:20 | WARN  | module.py   | ! You are calling self.parameters which also gives callbacks parameters, to remove them, pass `with_callbacks=False`
17:39:20 | INFO  | trainer_inf~| \n+----------------------------------------------------------+----------------------+--------------------------+--------------------------+---------+
| Module                                                   | Trainable parameters | Non Trainable parameters | Uninitialized parameters | Buffers |
+----------------------------------------------------------+----------------------+--------------------------+--------------------------+---------+
|                                                          |              6064206 |                 18034628 |                        0 |   15416 |
| callbacks_modules                                        |                    0 |                        0 |                        0 |       0 |
| callbacks_metrics                                        |                    0 |                        0 |                        0 |       0 |
| model                                                    |              6064206 |                 18034628 |                        0 |   15365 |
| model.encoder                                            |                    0 |                  5501376 |                        0 |       0 |
| model.encoder.embeddings                                 |                    0 |                   162624 |                        0 |       0 |
| model.encoder.embeddings.patch_embeddings                |                    0 |                   113088 |                        0 |       0 |
| model.encoder.embeddings.patch_embeddings.projection     |                    0 |                   113088 |                        0 |       0 |
| model.encoder.embeddings.dropout                         |                    0 |                        0 |                        0 |       0 |
| model.encoder.layers                                     |                    0 |                  5338368 |                        0 |       0 |
| model.encoder.layers.0                                   |                    0 |                   444864 |                        0 |       0 |
| model.encoder.layers.0.attention                         |                    0 |                   148224 |                        0 |       0 |
| model.encoder.layers.0.attention.q_proj                  |                    0 |                    37056 |                        0 |       0 |
| model.encoder.layers.0.attention.k_proj                  |                    0 |                    37056 |                        0 |       0 |
| model.encoder.layers.0.attention.v_proj                  |                    0 |                    37056 |                        0 |       0 |
| model.encoder.layers.0.attention.o_proj                  |                    0 |                    37056 |                        0 |       0 |
| model.encoder.layers.0.layernorm_before                  |                    0 |                      384 |                        0 |       0 |
| model.encoder.layers.0.layernorm_after                   |                    0 |                      384 |                        0 |       0 |
| model.encoder.layers.0.mlp                               |                    0 |                   295872 |                        0 |       0 |
| model.encoder.layers.0.mlp.activation_fn                 |                    0 |                        0 |                        0 |       0 |
| model.encoder.layers.0.mlp.fc1                           |                    0 |                   148224 |                        0 |       0 |
| model.encoder.layers.0.mlp.fc2                           |                    0 |                   147648 |                        0 |       0 |
| model.encoder.layers.0.dropout                           |                    0 |                        0 |                        0 |       0 |
| model.encoder.layers.1                                   |                    0 |                   444864 |                        0 |       0 |
| model.encoder.layers.1.attention                         |                    0 |                   148224 |                        0 |       0 |
| model.encoder.layers.1.attention.q_proj                  |                    0 |                    37056 |                        0 |       0 |
| model.encoder.layers.1.attention.k_proj                  |                    0 |                    37056 |                        0 |       0 |
| model.encoder.layers.1.attention.v_proj                  |                    0 |                    37056 |                        0 |       0 |
| model.encoder.layers.1.attention.o_proj                  |                    0 |                    37056 |                        0 |       0 |
| model.encoder.layers.1.layernorm_before                  |                    0 |                      384 |                        0 |       0 |
| model.encoder.layers.1.layernorm_after                   |                    0 |                      384 |                        0 |       0 |
| model.encoder.layers.1.mlp                               |                    0 |                   295872 |                        0 |       0 |
| model.encoder.layers.1.mlp.activation_fn                 |                    0 |                        0 |                        0 |       0 |
| model.encoder.layers.1.mlp.fc1                           |                    0 |                   148224 |                        0 |       0 |
| model.encoder.layers.1.mlp.fc2                           |                    0 |                   147648 |                        0 |       0 |
| model.encoder.layers.1.dropout                           |                    0 |                        0 |                        0 |       0 |
| model.encoder.layers.2                                   |                    0 |                   444864 |                        0 |       0 |
| model.encoder.layers.2.attention                         |                    0 |                   148224 |                        0 |       0 |
| model.encoder.layers.2.attention.q_proj                  |                    0 |                    37056 |                        0 |       0 |
| model.encoder.layers.2.attention.k_proj                  |                    0 |                    37056 |                        0 |       0 |
| model.encoder.layers.2.attention.v_proj                  |                    0 |                    37056 |                        0 |       0 |
| model.encoder.layers.2.attention.o_proj                  |                    0 |                    37056 |                        0 |       0 |
| model.encoder.layers.2.layernorm_before                  |                    0 |                      384 |                        0 |       0 |
| model.encoder.layers.2.layernorm_after                   |                    0 |                      384 |                        0 |       0 |
| model.encoder.layers.2.mlp                               |                    0 |                   295872 |                        0 |       0 |
| model.encoder.layers.2.mlp.activation_fn                 |                    0 |                        0 |                        0 |       0 |
| model.encoder.layers.2.mlp.fc1                           |                    0 |                   148224 |                        0 |       0 |
| model.encoder.layers.2.mlp.fc2                           |                    0 |                   147648 |                        0 |       0 |
| model.encoder.layers.2.dropout                           |                    0 |                        0 |                        0 |       0 |
| model.encoder.layers.3                                   |                    0 |                   444864 |                        0 |       0 |
| model.encoder.layers.3.attention                         |                    0 |                   148224 |                        0 |       0 |
| model.encoder.layers.3.attention.q_proj                  |                    0 |                    37056 |                        0 |       0 |
| model.encoder.layers.3.attention.k_proj                  |                    0 |                    37056 |                        0 |       0 |
| model.encoder.layers.3.attention.v_proj                  |                    0 |                    37056 |                        0 |       0 |
| model.encoder.layers.3.attention.o_proj                  |                    0 |                    37056 |                        0 |       0 |
| model.encoder.layers.3.layernorm_before                  |                    0 |                      384 |                        0 |       0 |
| model.encoder.layers.3.layernorm_after                   |                    0 |                      384 |                        0 |       0 |
| model.encoder.layers.3.mlp                               |                    0 |                   295872 |                        0 |       0 |
| model.encoder.layers.3.mlp.activation_fn                 |                    0 |                        0 |                        0 |       0 |
| model.encoder.layers.3.mlp.fc1                           |                    0 |                   148224 |                        0 |       0 |
| model.encoder.layers.3.mlp.fc2                           |                    0 |                   147648 |                        0 |       0 |
| model.encoder.layers.3.dropout                           |                    0 |                        0 |                        0 |       0 |
| model.encoder.layers.4                                   |                    0 |                   444864 |                        0 |       0 |
| model.encoder.layers.4.attention                         |                    0 |                   148224 |                        0 |       0 |
| model.encoder.layers.4.attention.q_proj                  |                    0 |                    37056 |                        0 |       0 |
| model.encoder.layers.4.attention.k_proj                  |                    0 |                    37056 |                        0 |       0 |
| model.encoder.layers.4.attention.v_proj                  |                    0 |                    37056 |                        0 |       0 |
| model.encoder.layers.4.attention.o_proj                  |                    0 |                    37056 |                        0 |       0 |
| model.encoder.layers.4.layernorm_before                  |                    0 |                      384 |                        0 |       0 |
| model.encoder.layers.4.layernorm_after                   |                    0 |                      384 |                        0 |       0 |
| model.encoder.layers.4.mlp                               |                    0 |                   295872 |                        0 |       0 |
| model.encoder.layers.4.mlp.activation_fn                 |                    0 |                        0 |                        0 |       0 |
| model.encoder.layers.4.mlp.fc1                           |                    0 |                   148224 |                        0 |       0 |
| model.encoder.layers.4.mlp.fc2                           |                    0 |                   147648 |                        0 |       0 |
| model.encoder.layers.4.dropout                           |                    0 |                        0 |                        0 |       0 |
| model.encoder.layers.5                                   |                    0 |                   444864 |                        0 |       0 |
| model.encoder.layers.5.attention                         |                    0 |                   148224 |                        0 |       0 |
| model.encoder.layers.5.attention.q_proj                  |                    0 |                    37056 |                        0 |       0 |
| model.encoder.layers.5.attention.k_proj                  |                    0 |                    37056 |                        0 |       0 |
| model.encoder.layers.5.attention.v_proj                  |                    0 |                    37056 |                        0 |       0 |
| model.encoder.layers.5.attention.o_proj                  |                    0 |                    37056 |                        0 |       0 |
| model.encoder.layers.5.layernorm_before                  |                    0 |                      384 |                        0 |       0 |
| model.encoder.layers.5.layernorm_after                   |                    0 |                      384 |                        0 |       0 |
| model.encoder.layers.5.mlp                               |                    0 |                   295872 |                        0 |       0 |
| model.encoder.layers.5.mlp.activation_fn                 |                    0 |                        0 |                        0 |       0 |
| model.encoder.layers.5.mlp.fc1                           |                    0 |                   148224 |                        0 |       0 |
| model.encoder.layers.5.mlp.fc2                           |                    0 |                   147648 |                        0 |       0 |
| model.encoder.layers.5.dropout                           |                    0 |                        0 |                        0 |       0 |
| model.encoder.layers.6                                   |                    0 |                   444864 |                        0 |       0 |
| model.encoder.layers.6.attention                         |                    0 |                   148224 |                        0 |       0 |
| model.encoder.layers.6.attention.q_proj                  |                    0 |                    37056 |                        0 |       0 |
| model.encoder.layers.6.attention.k_proj                  |                    0 |                    37056 |                        0 |       0 |
| model.encoder.layers.6.attention.v_proj                  |                    0 |                    37056 |                        0 |       0 |
| model.encoder.layers.6.attention.o_proj                  |                    0 |                    37056 |                        0 |       0 |
| model.encoder.layers.6.layernorm_before                  |                    0 |                      384 |                        0 |       0 |
| model.encoder.layers.6.layernorm_after                   |                    0 |                      384 |                        0 |       0 |
| model.encoder.layers.6.mlp                               |                    0 |                   295872 |                        0 |       0 |
| model.encoder.layers.6.mlp.activation_fn                 |                    0 |                        0 |                        0 |       0 |
| model.encoder.layers.6.mlp.fc1                           |                    0 |                   148224 |                        0 |       0 |
| model.encoder.layers.6.mlp.fc2                           |                    0 |                   147648 |                        0 |       0 |
| model.encoder.layers.6.dropout                           |                    0 |                        0 |                        0 |       0 |
| model.encoder.layers.7                                   |                    0 |                   444864 |                        0 |       0 |
| model.encoder.layers.7.attention                         |                    0 |                   148224 |                        0 |       0 |
| model.encoder.layers.7.attention.q_proj                  |                    0 |                    37056 |                        0 |       0 |
| model.encoder.layers.7.attention.k_proj                  |                    0 |                    37056 |                        0 |       0 |
| model.encoder.layers.7.attention.v_proj                  |                    0 |                    37056 |                        0 |       0 |
| model.encoder.layers.7.attention.o_proj                  |                    0 |                    37056 |                        0 |       0 |
| model.encoder.layers.7.layernorm_before                  |                    0 |                      384 |                        0 |       0 |
| model.encoder.layers.7.layernorm_after                   |                    0 |                      384 |                        0 |       0 |
| model.encoder.layers.7.mlp                               |                    0 |                   295872 |                        0 |       0 |
| model.encoder.layers.7.mlp.activation_fn                 |                    0 |                        0 |                        0 |       0 |
| model.encoder.layers.7.mlp.fc1                           |                    0 |                   148224 |                        0 |       0 |
| model.encoder.layers.7.mlp.fc2                           |                    0 |                   147648 |                        0 |       0 |
| model.encoder.layers.7.dropout                           |                    0 |                        0 |                        0 |       0 |
| model.encoder.layers.8                                   |                    0 |                   444864 |                        0 |       0 |
| model.encoder.layers.8.attention                         |                    0 |                   148224 |                        0 |       0 |
| model.encoder.layers.8.attention.q_proj                  |                    0 |                    37056 |                        0 |       0 |
| model.encoder.layers.8.attention.k_proj                  |                    0 |                    37056 |                        0 |       0 |
| model.encoder.layers.8.attention.v_proj                  |                    0 |                    37056 |                        0 |       0 |
| model.encoder.layers.8.attention.o_proj                  |                    0 |                    37056 |                        0 |       0 |
| model.encoder.layers.8.layernorm_before                  |                    0 |                      384 |                        0 |       0 |
| model.encoder.layers.8.layernorm_after                   |                    0 |                      384 |                        0 |       0 |
| model.encoder.layers.8.mlp                               |                    0 |                   295872 |                        0 |       0 |
| model.encoder.layers.8.mlp.activation_fn                 |                    0 |                        0 |                        0 |       0 |
| model.encoder.layers.8.mlp.fc1                           |                    0 |                   148224 |                        0 |       0 |
| model.encoder.layers.8.mlp.fc2                           |                    0 |                   147648 |                        0 |       0 |
| model.encoder.layers.8.dropout                           |                    0 |                        0 |                        0 |       0 |
| model.encoder.layers.9                                   |                    0 |                   444864 |                        0 |       0 |
| model.encoder.layers.9.attention                         |                    0 |                   148224 |                        0 |       0 |
| model.encoder.layers.9.attention.q_proj                  |                    0 |                    37056 |                        0 |       0 |
| model.encoder.layers.9.attention.k_proj                  |                    0 |                    37056 |                        0 |       0 |
| model.encoder.layers.9.attention.v_proj                  |                    0 |                    37056 |                        0 |       0 |
| model.encoder.layers.9.attention.o_proj                  |                    0 |                    37056 |                        0 |       0 |
| model.encoder.layers.9.layernorm_before                  |                    0 |                      384 |                        0 |       0 |
| model.encoder.layers.9.layernorm_after                   |                    0 |                      384 |                        0 |       0 |
| model.encoder.layers.9.mlp                               |                    0 |                   295872 |                        0 |       0 |
| model.encoder.layers.9.mlp.activation_fn                 |                    0 |                        0 |                        0 |       0 |
| model.encoder.layers.9.mlp.fc1                           |                    0 |                   148224 |                        0 |       0 |
| model.encoder.layers.9.mlp.fc2                           |                    0 |                   147648 |                        0 |       0 |
| model.encoder.layers.9.dropout                           |                    0 |                        0 |                        0 |       0 |
| model.encoder.layers.10                                  |                    0 |                   444864 |                        0 |       0 |
| model.encoder.layers.10.attention                        |                    0 |                   148224 |                        0 |       0 |
| model.encoder.layers.10.attention.q_proj                 |                    0 |                    37056 |                        0 |       0 |
| model.encoder.layers.10.attention.k_proj                 |                    0 |                    37056 |                        0 |       0 |
| model.encoder.layers.10.attention.v_proj                 |                    0 |                    37056 |                        0 |       0 |
| model.encoder.layers.10.attention.o_proj                 |                    0 |                    37056 |                        0 |       0 |
| model.encoder.layers.10.layernorm_before                 |                    0 |                      384 |                        0 |       0 |
| model.encoder.layers.10.layernorm_after                  |                    0 |                      384 |                        0 |       0 |
| model.encoder.layers.10.mlp                              |                    0 |                   295872 |                        0 |       0 |
| model.encoder.layers.10.mlp.activation_fn                |                    0 |                        0 |                        0 |       0 |
| model.encoder.layers.10.mlp.fc1                          |                    0 |                   148224 |                        0 |       0 |
| model.encoder.layers.10.mlp.fc2                          |                    0 |                   147648 |                        0 |       0 |
| model.encoder.layers.10.dropout                          |                    0 |                        0 |                        0 |       0 |
| model.encoder.layers.11                                  |                    0 |                   444864 |                        0 |       0 |
| model.encoder.layers.11.attention                        |                    0 |                   148224 |                        0 |       0 |
| model.encoder.layers.11.attention.q_proj                 |                    0 |                    37056 |                        0 |       0 |
| model.encoder.layers.11.attention.k_proj                 |                    0 |                    37056 |                        0 |       0 |
| model.encoder.layers.11.attention.v_proj                 |                    0 |                    37056 |                        0 |       0 |
| model.encoder.layers.11.attention.o_proj                 |                    0 |                    37056 |                        0 |       0 |
| model.encoder.layers.11.layernorm_before                 |                    0 |                      384 |                        0 |       0 |
| model.encoder.layers.11.layernorm_after                  |                    0 |                      384 |                        0 |       0 |
| model.encoder.layers.11.mlp                              |                    0 |                   295872 |                        0 |       0 |
| model.encoder.layers.11.mlp.activation_fn                |                    0 |                        0 |                        0 |       0 |
| model.encoder.layers.11.mlp.fc1                          |                    0 |                   148224 |                        0 |       0 |
| model.encoder.layers.11.mlp.fc2                          |                    0 |                   147648 |                        0 |       0 |
| model.encoder.layers.11.dropout                          |                    0 |                        0 |                        0 |       0 |
| model.encoder.layernorm                                  |                    0 |                      384 |                        0 |       0 |
| model.predictor                                          |                    0 |                 10791360 |                        0 |       0 |
| model.predictor.dropout                                  |                    0 |                        0 |                        0 |       0 |
| model.predictor.transformer                              |                    0 |                 10790784 |                        0 |       0 |
| model.predictor.transformer.norm                         |                    0 |                      384 |                        0 |       0 |
| model.predictor.transformer.layers                       |                    0 |                 10790400 |                        0 |       0 |
| model.predictor.transformer.layers.0                     |                    0 |                  1798400 |                        0 |       0 |
| model.predictor.transformer.layers.0.attn                |                    0 |                   787008 |                        0 |       0 |
| model.predictor.transformer.layers.0.attn.norm           |                    0 |                      384 |                        0 |       0 |
| model.predictor.transformer.layers.0.attn.attend         |                    0 |                        0 |                        0 |       0 |
| model.predictor.transformer.layers.0.attn.to_qkv         |                    0 |                   589824 |                        0 |       0 |
| model.predictor.transformer.layers.0.attn.to_out         |                    0 |                   196800 |                        0 |       0 |
| model.predictor.transformer.layers.0.attn.to_out.0       |                    0 |                   196800 |                        0 |       0 |
| model.predictor.transformer.layers.0.attn.to_out.1       |                    0 |                        0 |                        0 |       0 |
| model.predictor.transformer.layers.0.mlp                 |                    0 |                   789056 |                        0 |       0 |
| model.predictor.transformer.layers.0.mlp.net             |                    0 |                   789056 |                        0 |       0 |
| model.predictor.transformer.layers.0.mlp.net.0           |                    0 |                      384 |                        0 |       0 |
| model.predictor.transformer.layers.0.mlp.net.1           |                    0 |                   395264 |                        0 |       0 |
| model.predictor.transformer.layers.0.mlp.net.2           |                    0 |                        0 |                        0 |       0 |
| model.predictor.transformer.layers.0.mlp.net.3           |                    0 |                        0 |                        0 |       0 |
| model.predictor.transformer.layers.0.mlp.net.4           |                    0 |                   393408 |                        0 |       0 |
| model.predictor.transformer.layers.0.mlp.net.5           |                    0 |                        0 |                        0 |       0 |
| model.predictor.transformer.layers.0.norm1               |                    0 |                        0 |                        0 |       0 |
| model.predictor.transformer.layers.0.norm2               |                    0 |                        0 |                        0 |       0 |
| model.predictor.transformer.layers.0.adaLN_modulation    |                    0 |                   222336 |                        0 |       0 |
| model.predictor.transformer.layers.0.adaLN_modulation.0  |                    0 |                        0 |                        0 |       0 |
| model.predictor.transformer.layers.0.adaLN_modulation.1  |                    0 |                   222336 |                        0 |       0 |
| model.predictor.transformer.layers.1                     |                    0 |                  1798400 |                        0 |       0 |
| model.predictor.transformer.layers.1.attn                |                    0 |                   787008 |                        0 |       0 |
| model.predictor.transformer.layers.1.attn.norm           |                    0 |                      384 |                        0 |       0 |
| model.predictor.transformer.layers.1.attn.attend         |                    0 |                        0 |                        0 |       0 |
| model.predictor.transformer.layers.1.attn.to_qkv         |                    0 |                   589824 |                        0 |       0 |
| model.predictor.transformer.layers.1.attn.to_out         |                    0 |                   196800 |                        0 |       0 |
| model.predictor.transformer.layers.1.attn.to_out.0       |                    0 |                   196800 |                        0 |       0 |
| model.predictor.transformer.layers.1.attn.to_out.1       |                    0 |                        0 |                        0 |       0 |
| model.predictor.transformer.layers.1.mlp                 |                    0 |                   789056 |                        0 |       0 |
| model.predictor.transformer.layers.1.mlp.net             |                    0 |                   789056 |                        0 |       0 |
| model.predictor.transformer.layers.1.mlp.net.0           |                    0 |                      384 |                        0 |       0 |
| model.predictor.transformer.layers.1.mlp.net.1           |                    0 |                   395264 |                        0 |       0 |
| model.predictor.transformer.layers.1.mlp.net.2           |                    0 |                        0 |                        0 |       0 |
| model.predictor.transformer.layers.1.mlp.net.3           |                    0 |                        0 |                        0 |       0 |
| model.predictor.transformer.layers.1.mlp.net.4           |                    0 |                   393408 |                        0 |       0 |
| model.predictor.transformer.layers.1.mlp.net.5           |                    0 |                        0 |                        0 |       0 |
| model.predictor.transformer.layers.1.norm1               |                    0 |                        0 |                        0 |       0 |
| model.predictor.transformer.layers.1.norm2               |                    0 |                        0 |                        0 |       0 |
| model.predictor.transformer.layers.1.adaLN_modulation    |                    0 |                   222336 |                        0 |       0 |
| model.predictor.transformer.layers.1.adaLN_modulation.0  |                    0 |                        0 |                        0 |       0 |
| model.predictor.transformer.layers.1.adaLN_modulation.1  |                    0 |                   222336 |                        0 |       0 |
| model.predictor.transformer.layers.2                     |                    0 |                  1798400 |                        0 |       0 |
| model.predictor.transformer.layers.2.attn                |                    0 |                   787008 |                        0 |       0 |
| model.predictor.transformer.layers.2.attn.norm           |                    0 |                      384 |                        0 |       0 |
| model.predictor.transformer.layers.2.attn.attend         |                    0 |                        0 |                        0 |       0 |
| model.predictor.transformer.layers.2.attn.to_qkv         |                    0 |                   589824 |                        0 |       0 |
| model.predictor.transformer.layers.2.attn.to_out         |                    0 |                   196800 |                        0 |       0 |
| model.predictor.transformer.layers.2.attn.to_out.0       |                    0 |                   196800 |                        0 |       0 |
| model.predictor.transformer.layers.2.attn.to_out.1       |                    0 |                        0 |                        0 |       0 |
| model.predictor.transformer.layers.2.mlp                 |                    0 |                   789056 |                        0 |       0 |
| model.predictor.transformer.layers.2.mlp.net             |                    0 |                   789056 |                        0 |       0 |
| model.predictor.transformer.layers.2.mlp.net.0           |                    0 |                      384 |                        0 |       0 |
| model.predictor.transformer.layers.2.mlp.net.1           |                    0 |                   395264 |                        0 |       0 |
| model.predictor.transformer.layers.2.mlp.net.2           |                    0 |                        0 |                        0 |       0 |
| model.predictor.transformer.layers.2.mlp.net.3           |                    0 |                        0 |                        0 |       0 |
| model.predictor.transformer.layers.2.mlp.net.4           |                    0 |                   393408 |                        0 |       0 |
| model.predictor.transformer.layers.2.mlp.net.5           |                    0 |                        0 |                        0 |       0 |
| model.predictor.transformer.layers.2.norm1               |                    0 |                        0 |                        0 |       0 |
| model.predictor.transformer.layers.2.norm2               |                    0 |                        0 |                        0 |       0 |
| model.predictor.transformer.layers.2.adaLN_modulation    |                    0 |                   222336 |                        0 |       0 |
| model.predictor.transformer.layers.2.adaLN_modulation.0  |                    0 |                        0 |                        0 |       0 |
| model.predictor.transformer.layers.2.adaLN_modulation.1  |                    0 |                   222336 |                        0 |       0 |
| model.predictor.transformer.layers.3                     |                    0 |                  1798400 |                        0 |       0 |
| model.predictor.transformer.layers.3.attn                |                    0 |                   787008 |                        0 |       0 |
| model.predictor.transformer.layers.3.attn.norm           |                    0 |                      384 |                        0 |       0 |
| model.predictor.transformer.layers.3.attn.attend         |                    0 |                        0 |                        0 |       0 |
| model.predictor.transformer.layers.3.attn.to_qkv         |                    0 |                   589824 |                        0 |       0 |
| model.predictor.transformer.layers.3.attn.to_out         |                    0 |                   196800 |                        0 |       0 |
| model.predictor.transformer.layers.3.attn.to_out.0       |                    0 |                   196800 |                        0 |       0 |
| model.predictor.transformer.layers.3.attn.to_out.1       |                    0 |                        0 |                        0 |       0 |
| model.predictor.transformer.layers.3.mlp                 |                    0 |                   789056 |                        0 |       0 |
| model.predictor.transformer.layers.3.mlp.net             |                    0 |                   789056 |                        0 |       0 |
| model.predictor.transformer.layers.3.mlp.net.0           |                    0 |                      384 |                        0 |       0 |
| model.predictor.transformer.layers.3.mlp.net.1           |                    0 |                   395264 |                        0 |       0 |
| model.predictor.transformer.layers.3.mlp.net.2           |                    0 |                        0 |                        0 |       0 |
| model.predictor.transformer.layers.3.mlp.net.3           |                    0 |                        0 |                        0 |       0 |
| model.predictor.transformer.layers.3.mlp.net.4           |                    0 |                   393408 |                        0 |       0 |
| model.predictor.transformer.layers.3.mlp.net.5           |                    0 |                        0 |                        0 |       0 |
| model.predictor.transformer.layers.3.norm1               |                    0 |                        0 |                        0 |       0 |
| model.predictor.transformer.layers.3.norm2               |                    0 |                        0 |                        0 |       0 |
| model.predictor.transformer.layers.3.adaLN_modulation    |                    0 |                   222336 |                        0 |       0 |
| model.predictor.transformer.layers.3.adaLN_modulation.0  |                    0 |                        0 |                        0 |       0 |
| model.predictor.transformer.layers.3.adaLN_modulation.1  |                    0 |                   222336 |                        0 |       0 |
| model.predictor.transformer.layers.4                     |                    0 |                  1798400 |                        0 |       0 |
| model.predictor.transformer.layers.4.attn                |                    0 |                   787008 |                        0 |       0 |
| model.predictor.transformer.layers.4.attn.norm           |                    0 |                      384 |                        0 |       0 |
| model.predictor.transformer.layers.4.attn.attend         |                    0 |                        0 |                        0 |       0 |
| model.predictor.transformer.layers.4.attn.to_qkv         |                    0 |                   589824 |                        0 |       0 |
| model.predictor.transformer.layers.4.attn.to_out         |                    0 |                   196800 |                        0 |       0 |
| model.predictor.transformer.layers.4.attn.to_out.0       |                    0 |                   196800 |                        0 |       0 |
| model.predictor.transformer.layers.4.attn.to_out.1       |                    0 |                        0 |                        0 |       0 |
| model.predictor.transformer.layers.4.mlp                 |                    0 |                   789056 |                        0 |       0 |
| model.predictor.transformer.layers.4.mlp.net             |                    0 |                   789056 |                        0 |       0 |
| model.predictor.transformer.layers.4.mlp.net.0           |                    0 |                      384 |                        0 |       0 |
| model.predictor.transformer.layers.4.mlp.net.1           |                    0 |                   395264 |                        0 |       0 |
| model.predictor.transformer.layers.4.mlp.net.2           |                    0 |                        0 |                        0 |       0 |
| model.predictor.transformer.layers.4.mlp.net.3           |                    0 |                        0 |                        0 |       0 |
| model.predictor.transformer.layers.4.mlp.net.4           |                    0 |                   393408 |                        0 |       0 |
| model.predictor.transformer.layers.4.mlp.net.5           |                    0 |                        0 |                        0 |       0 |
| model.predictor.transformer.layers.4.norm1               |                    0 |                        0 |                        0 |       0 |
| model.predictor.transformer.layers.4.norm2               |                    0 |                        0 |                        0 |       0 |
| model.predictor.transformer.layers.4.adaLN_modulation    |                    0 |                   222336 |                        0 |       0 |
| model.predictor.transformer.layers.4.adaLN_modulation.0  |                    0 |                        0 |                        0 |       0 |
| model.predictor.transformer.layers.4.adaLN_modulation.1  |                    0 |                   222336 |                        0 |       0 |
| model.predictor.transformer.layers.5                     |                    0 |                  1798400 |                        0 |       0 |
| model.predictor.transformer.layers.5.attn                |                    0 |                   787008 |                        0 |       0 |
| model.predictor.transformer.layers.5.attn.norm           |                    0 |                      384 |                        0 |       0 |
| model.predictor.transformer.layers.5.attn.attend         |                    0 |                        0 |                        0 |       0 |
| model.predictor.transformer.layers.5.attn.to_qkv         |                    0 |                   589824 |                        0 |       0 |
| model.predictor.transformer.layers.5.attn.to_out         |                    0 |                   196800 |                        0 |       0 |
| model.predictor.transformer.layers.5.attn.to_out.0       |                    0 |                   196800 |                        0 |       0 |
| model.predictor.transformer.layers.5.attn.to_out.1       |                    0 |                        0 |                        0 |       0 |
| model.predictor.transformer.layers.5.mlp                 |                    0 |                   789056 |                        0 |       0 |
| model.predictor.transformer.layers.5.mlp.net             |                    0 |                   789056 |                        0 |       0 |
| model.predictor.transformer.layers.5.mlp.net.0           |                    0 |                      384 |                        0 |       0 |
| model.predictor.transformer.layers.5.mlp.net.1           |                    0 |                   395264 |                        0 |       0 |
| model.predictor.transformer.layers.5.mlp.net.2           |                    0 |                        0 |                        0 |       0 |
| model.predictor.transformer.layers.5.mlp.net.3           |                    0 |                        0 |                        0 |       0 |
| model.predictor.transformer.layers.5.mlp.net.4           |                    0 |                   393408 |                        0 |       0 |
| model.predictor.transformer.layers.5.mlp.net.5           |                    0 |                        0 |                        0 |       0 |
| model.predictor.transformer.layers.5.norm1               |                    0 |                        0 |                        0 |       0 |
| model.predictor.transformer.layers.5.norm2               |                    0 |                        0 |                        0 |       0 |
| model.predictor.transformer.layers.5.adaLN_modulation    |                    0 |                   222336 |                        0 |       0 |
| model.predictor.transformer.layers.5.adaLN_modulation.0  |                    0 |                        0 |                        0 |       0 |
| model.predictor.transformer.layers.5.adaLN_modulation.1  |                    0 |                   222336 |                        0 |       0 |
| model.predictor.transformer.input_proj                   |                    0 |                        0 |                        0 |       0 |
| model.predictor.transformer.cond_proj                    |                    0 |                        0 |                        0 |       0 |
| model.predictor.transformer.output_proj                  |                    0 |                        0 |                        0 |       0 |
| model.action_encoder                                     |                    0 |                   156356 |                        0 |       0 |
| model.action_encoder.patch_embed                         |                    0 |                      260 |                        0 |       0 |
| model.action_encoder.embed                               |                    0 |                   156096 |                        0 |       0 |
| model.action_encoder.embed.0                             |                    0 |                     8448 |                        0 |       0 |
| model.action_encoder.embed.1                             |                    0 |                        0 |                        0 |       0 |
| model.action_encoder.embed.2                             |                    0 |                   147648 |                        0 |       0 |
| model.projector                                          |                    0 |                   792768 |                        0 |    4097 |
| model.projector.net                                      |                    0 |                   792768 |                        0 |    4097 |
| model.projector.net.0                                    |                    0 |                   395264 |                        0 |       0 |
| model.projector.net.1                                    |                    0 |                     4096 |                        0 |    4097 |
| model.projector.net.2                                    |                    0 |                        0 |                        0 |       0 |
| model.projector.net.3                                    |                    0 |                   393408 |                        0 |       0 |
| model.pred_proj                                          |                    0 |                   792768 |                        0 |    4097 |
| model.pred_proj.net                                      |                    0 |                   792768 |                        0 |    4097 |
| model.pred_proj.net.0                                    |                    0 |                   395264 |                        0 |       0 |
| model.pred_proj.net.1                                    |                    0 |                     4096 |                        0 |    4097 |
| model.pred_proj.net.2                                    |                    0 |                        0 |                        0 |       0 |
| model.pred_proj.net.3                                    |                    0 |                   393408 |                        0 |       0 |
| model.elevator                                           |               596064 |                        0 |                        0 |    4097 |
| model.elevator.net                                       |               596064 |                        0 |                        0 |    4097 |
| model.elevator.net.0                                     |               395264 |                        0 |                        0 |       0 |
| model.elevator.net.1                                     |                 4096 |                        0 |                        0 |    4097 |
| model.elevator.net.2                                     |                    0 |                        0 |                        0 |       0 |
| model.elevator.net.3                                     |               196704 |                        0 |                        0 |       0 |
| model.posterior                                          |               181824 |                        0 |                        0 |       0 |
| model.posterior.mlp                                      |               181824 |                        0 |                        0 |       0 |
| model.posterior.mlp.net                                  |               181824 |                        0 |                        0 |       0 |
| model.posterior.mlp.net.0                                |               147968 |                        0 |                        0 |       0 |
| model.posterior.mlp.net.1                                |                 1024 |                        0 |                        0 |       0 |
| model.posterior.mlp.net.2                                |                    0 |                        0 |                        0 |       0 |
| model.posterior.mlp.net.3                                |                32832 |                        0 |                        0 |       0 |
| model.m_encoder                                          |                41514 |                        0 |                        0 |       0 |
| model.m_encoder.patch_embed                              |                  330 |                        0 |                        0 |       0 |
| model.m_encoder.embed                                    |                41184 |                        0 |                        0 |       0 |
| model.m_encoder.embed.0                                  |                 4224 |                        0 |                        0 |       0 |
| model.m_encoder.embed.1                                  |                    0 |                        0 |                        0 |       0 |
| model.m_encoder.embed.2                                  |                36960 |                        0 |                        0 |       0 |
| model.predictor1                                         |              4809920 |                        0 |                        0 |       0 |
| model.predictor1.dropout                                 |                    0 |                        0 |                        0 |       0 |
| model.predictor1.transformer                             |              4809824 |                        0 |                        0 |       0 |
| model.predictor1.transformer.norm                        |                  512 |                        0 |                        0 |       0 |
| model.predictor1.transformer.layers                      |              4734976 |                        0 |                        0 |       0 |
| model.predictor1.transformer.layers.0                    |              1183744 |                        0 |                        0 |       0 |
| model.predictor1.transformer.layers.0.attn               |               262912 |                        0 |                        0 |       0 |
| model.predictor1.transformer.layers.0.attn.norm          |                  512 |                        0 |                        0 |       0 |
| model.predictor1.transformer.layers.0.attn.attend        |                    0 |                        0 |                        0 |       0 |
| model.predictor1.transformer.layers.0.attn.to_qkv        |               196608 |                        0 |                        0 |       0 |
| model.predictor1.transformer.layers.0.attn.to_out        |                65792 |                        0 |                        0 |       0 |
| model.predictor1.transformer.layers.0.attn.to_out.0      |                65792 |                        0 |                        0 |       0 |
| model.predictor1.transformer.layers.0.attn.to_out.1      |                    0 |                        0 |                        0 |       0 |
| model.predictor1.transformer.layers.0.mlp                |               526080 |                        0 |                        0 |       0 |
| model.predictor1.transformer.layers.0.mlp.net            |               526080 |                        0 |                        0 |       0 |
| model.predictor1.transformer.layers.0.mlp.net.0          |                  512 |                        0 |                        0 |       0 |
| model.predictor1.transformer.layers.0.mlp.net.1          |               263168 |                        0 |                        0 |       0 |
| model.predictor1.transformer.layers.0.mlp.net.2          |                    0 |                        0 |                        0 |       0 |
| model.predictor1.transformer.layers.0.mlp.net.3          |                    0 |                        0 |                        0 |       0 |
| model.predictor1.transformer.layers.0.mlp.net.4          |               262400 |                        0 |                        0 |       0 |
| model.predictor1.transformer.layers.0.mlp.net.5          |                    0 |                        0 |                        0 |       0 |
| model.predictor1.transformer.layers.0.norm1              |                    0 |                        0 |                        0 |       0 |
| model.predictor1.transformer.layers.0.norm2              |                    0 |                        0 |                        0 |       0 |
| model.predictor1.transformer.layers.0.adaLN_modulation   |               394752 |                        0 |                        0 |       0 |
| model.predictor1.transformer.layers.0.adaLN_modulation.0 |                    0 |                        0 |                        0 |       0 |
| model.predictor1.transformer.layers.0.adaLN_modulation.1 |               394752 |                        0 |                        0 |       0 |
| model.predictor1.transformer.layers.1                    |              1183744 |                        0 |                        0 |       0 |
| model.predictor1.transformer.layers.1.attn               |               262912 |                        0 |                        0 |       0 |
| model.predictor1.transformer.layers.1.attn.norm          |                  512 |                        0 |                        0 |       0 |
| model.predictor1.transformer.layers.1.attn.attend        |                    0 |                        0 |                        0 |       0 |
| model.predictor1.transformer.layers.1.attn.to_qkv        |               196608 |                        0 |                        0 |       0 |
| model.predictor1.transformer.layers.1.attn.to_out        |                65792 |                        0 |                        0 |       0 |
| model.predictor1.transformer.layers.1.attn.to_out.0      |                65792 |                        0 |                        0 |       0 |
| model.predictor1.transformer.layers.1.attn.to_out.1      |                    0 |                        0 |                        0 |       0 |
| model.predictor1.transformer.layers.1.mlp                |               526080 |                        0 |                        0 |       0 |
| model.predictor1.transformer.layers.1.mlp.net            |               526080 |                        0 |                        0 |       0 |
| model.predictor1.transformer.layers.1.mlp.net.0          |                  512 |                        0 |                        0 |       0 |
| model.predictor1.transformer.layers.1.mlp.net.1          |               263168 |                        0 |                        0 |       0 |
| model.predictor1.transformer.layers.1.mlp.net.2          |                    0 |                        0 |                        0 |       0 |
| model.predictor1.transformer.layers.1.mlp.net.3          |                    0 |                        0 |                        0 |       0 |
| model.predictor1.transformer.layers.1.mlp.net.4          |               262400 |                        0 |                        0 |       0 |
| model.predictor1.transformer.layers.1.mlp.net.5          |                    0 |                        0 |                        0 |       0 |
| model.predictor1.transformer.layers.1.norm1              |                    0 |                        0 |                        0 |       0 |
| model.predictor1.transformer.layers.1.norm2              |                    0 |                        0 |                        0 |       0 |
| model.predictor1.transformer.layers.1.adaLN_modulation   |               394752 |                        0 |                        0 |       0 |
| model.predictor1.transformer.layers.1.adaLN_modulation.0 |                    0 |                        0 |                        0 |       0 |
| model.predictor1.transformer.layers.1.adaLN_modulation.1 |               394752 |                        0 |                        0 |       0 |
| model.predictor1.transformer.layers.2                    |              1183744 |                        0 |                        0 |       0 |
| model.predictor1.transformer.layers.2.attn               |               262912 |                        0 |                        0 |       0 |
| model.predictor1.transformer.layers.2.attn.norm          |                  512 |                        0 |                        0 |       0 |
| model.predictor1.transformer.layers.2.attn.attend        |                    0 |                        0 |                        0 |       0 |
| model.predictor1.transformer.layers.2.attn.to_qkv        |               196608 |                        0 |                        0 |       0 |
| model.predictor1.transformer.layers.2.attn.to_out        |                65792 |                        0 |                        0 |       0 |
| model.predictor1.transformer.layers.2.attn.to_out.0      |                65792 |                        0 |                        0 |       0 |
| model.predictor1.transformer.layers.2.attn.to_out.1      |                    0 |                        0 |                        0 |       0 |
| model.predictor1.transformer.layers.2.mlp                |               526080 |                        0 |                        0 |       0 |
| model.predictor1.transformer.layers.2.mlp.net            |               526080 |                        0 |                        0 |       0 |
| model.predictor1.transformer.layers.2.mlp.net.0          |                  512 |                        0 |                        0 |       0 |
| model.predictor1.transformer.layers.2.mlp.net.1          |               263168 |                        0 |                        0 |       0 |
| model.predictor1.transformer.layers.2.mlp.net.2          |                    0 |                        0 |                        0 |       0 |
| model.predictor1.transformer.layers.2.mlp.net.3          |                    0 |                        0 |                        0 |       0 |
| model.predictor1.transformer.layers.2.mlp.net.4          |               262400 |                        0 |                        0 |       0 |
| model.predictor1.transformer.layers.2.mlp.net.5          |                    0 |                        0 |                        0 |       0 |
| model.predictor1.transformer.layers.2.norm1              |                    0 |                        0 |                        0 |       0 |
| model.predictor1.transformer.layers.2.norm2              |                    0 |                        0 |                        0 |       0 |
| model.predictor1.transformer.layers.2.adaLN_modulation   |               394752 |                        0 |                        0 |       0 |
| model.predictor1.transformer.layers.2.adaLN_modulation.0 |                    0 |                        0 |                        0 |       0 |
| model.predictor1.transformer.layers.2.adaLN_modulation.1 |               394752 |                        0 |                        0 |       0 |
| model.predictor1.transformer.layers.3                    |              1183744 |                        0 |                        0 |       0 |
| model.predictor1.transformer.layers.3.attn               |               262912 |                        0 |                        0 |       0 |
| model.predictor1.transformer.layers.3.attn.norm          |                  512 |                        0 |                        0 |       0 |
| model.predictor1.transformer.layers.3.attn.attend        |                    0 |                        0 |                        0 |       0 |
| model.predictor1.transformer.layers.3.attn.to_qkv        |               196608 |                        0 |                        0 |       0 |
| model.predictor1.transformer.layers.3.attn.to_out        |                65792 |                        0 |                        0 |       0 |
| model.predictor1.transformer.layers.3.attn.to_out.0      |                65792 |                        0 |                        0 |       0 |
| model.predictor1.transformer.layers.3.attn.to_out.1      |                    0 |                        0 |                        0 |       0 |
| model.predictor1.transformer.layers.3.mlp                |               526080 |                        0 |                        0 |       0 |
| model.predictor1.transformer.layers.3.mlp.net            |               526080 |                        0 |                        0 |       0 |
| model.predictor1.transformer.layers.3.mlp.net.0          |                  512 |                        0 |                        0 |       0 |
| model.predictor1.transformer.layers.3.mlp.net.1          |               263168 |                        0 |                        0 |       0 |
| model.predictor1.transformer.layers.3.mlp.net.2          |                    0 |                        0 |                        0 |       0 |
| model.predictor1.transformer.layers.3.mlp.net.3          |                    0 |                        0 |                        0 |       0 |
| model.predictor1.transformer.layers.3.mlp.net.4          |               262400 |                        0 |                        0 |       0 |
| model.predictor1.transformer.layers.3.mlp.net.5          |                    0 |                        0 |                        0 |       0 |
| model.predictor1.transformer.layers.3.norm1              |                    0 |                        0 |                        0 |       0 |
| model.predictor1.transformer.layers.3.norm2              |                    0 |                        0 |                        0 |       0 |
| model.predictor1.transformer.layers.3.adaLN_modulation   |               394752 |                        0 |                        0 |       0 |
| model.predictor1.transformer.layers.3.adaLN_modulation.0 |                    0 |                        0 |                        0 |       0 |
| model.predictor1.transformer.layers.3.adaLN_modulation.1 |               394752 |                        0 |                        0 |       0 |
| model.predictor1.transformer.input_proj                  |                24832 |                        0 |                        0 |       0 |
| model.predictor1.transformer.cond_proj                   |                24832 |                        0 |                        0 |       0 |
| model.predictor1.transformer.output_proj                 |                24672 |                        0 |                        0 |       0 |
| model.pred_proj1                                         |                99936 |                        0 |                        0 |    1025 |
| model.pred_proj1.net                                     |                99936 |                        0 |                        0 |    1025 |
| model.pred_proj1.net.0                                   |                49664 |                        0 |                        0 |       0 |
| model.pred_proj1.net.1                                   |                 1024 |                        0 |                        0 |    1025 |
| model.pred_proj1.net.2                                   |                    0 |                        0 |                        0 |       0 |
| model.pred_proj1.net.3                                   |                49248 |                        0 |                        0 |       0 |
| model.pi                                                 |               334948 |                        0 |                        0 |    2049 |
| model.pi.net                                             |               334948 |                        0 |                        0 |    2049 |
| model.pi.net.0                                           |               230400 |                        0 |                        0 |       0 |
| model.pi.net.1                                           |                 2048 |                        0 |                        0 |    2049 |
| model.pi.net.2                                           |                    0 |                        0 |                        0 |       0 |
| model.pi.net.3                                           |               102500 |                        0 |                        0 |       0 |
| sigreg                                                   |                    0 |                        0 |                        0 |      51 |
+----------------------------------------------------------+----------------------+--------------------------+--------------------------+---------+
17:39:20 | INFO  | utils.py    | ── SLURM ─────────────────────────────────────────
17:39:20 | INFO  | trainer_inf~|   Job ID: N/A
17:39:20 | INFO  | trainer_inf~|   Task ID: N/A
17:39:20 | INFO  | trainer_inf~|   Job Name: N/A
17:39:20 | INFO  | trainer_inf~|   Nodes: N/A
17:39:20 | INFO  | trainer_inf~|   Tasks: N/A
17:39:20 | INFO  | trainer_inf~|   CPUs per node: N/A
17:39:20 | INFO  | trainer_inf~|   CPUs per task: N/A
17:39:20 | INFO  | trainer_inf~|   Memory per node: N/A
17:39:20 | INFO  | trainer_inf~|   Memory per CPU: N/A
17:39:20 | INFO  | trainer_inf~|   Time limit: N/A
17:39:20 | INFO  | trainer_inf~|   Partition: N/A
17:39:20 | INFO  | trainer_inf~|   Node List: N/A
17:39:20 | INFO  | trainer_inf~|   Submit Directory: N/A
17:39:20 | INFO  | utils.py    | ── HardwareMonitor ───────────────────────────────
17:39:20 | INFO  | hardware_mo~|   interval: 10.0s
17:39:20 | INFO  | hardware_mo~|   prefix:   'hardware/'
17:39:20 | INFO  | hardware_mo~|   metrics:  cpu=True ram=True disk=True net=True gpu=True
17:39:20 | INFO  | hardware_mo~|   per-rank: rank 0 only
LOCAL_RANK: 0 - CUDA_VISIBLE_DEVICES: [0]
17:39:20 | WARN  | hardware_mo~| HardwareMonitor: pynvml unavailable (ModuleNotFoundError("No module named 'pynvml'")); GPU metrics disabled.
17:39:20 | INFO  | utils.py    | ── Optimizers ────────────────────────────────────
17:39:20 | INFO  | module.py   |   Optimizer specified by Dict with keys ['model_opt']
17:39:20 | INFO  | module.py   | 
┏━━━━━━━━━━━━━┳━━━━━━━━━━━┳━━━━━━━━━━━━━━━━━━━┳━━━━━━━━━━━━━━━━━┳━━━━━━━━━━━━━━━━┳━━━━━━━━━━━━━━━━━━━━━━━━┓
┃ Optimizer   ┃ Pattern   ┃   Matched Modules ┃   Param Tensors ┃   Total Params ┃   RequiresGrad Tensors ┃
┣━━━━━━━━━━━━━╋━━━━━━━━━━━╋━━━━━━━━━━━━━━━━━━━╋━━━━━━━━━━━━━━━━━╋━━━━━━━━━━━━━━━━╋━━━━━━━━━━━━━━━━━━━━━━━━┫
┃ model_opt   ┃ model     ┃               439 ┃             388 ┃       24098834 ┃                     91 ┃
┗━━━━━━━━━━━━━┻━━━━━━━━━━━┻━━━━━━━━━━━━━━━━━━━┻━━━━━━━━━━━━━━━━━┻━━━━━━━━━━━━━━━━┻━━━━━━━━━━━━━━━━━━━━━━━━┛
17:39:20 | INFO  | lr_schedule~| 	User provided a dict
Loading `train_dataloader` to estimate number of stepping batches.
/home/mattin/Desktop/.venv/lib/python3.12/site-packages/lightning/pytorch/utilities/_pytree.py:21: `isinstance(treespec, LeafSpec)` is deprecated, use `isinstance(treespec, TreeSpec) and treespec.is_leaf()` instead.
/home/mattin/Desktop/.venv/lib/python3.12/site-packages/lance/__init__.py:359: UserWarning: lance is not fork-safe. If you are using multiprocessing, use spawn or forkserver instead.
  warnings.warn(
/usr/lib/python3.12/multiprocessing/popen_fork.py:66: RuntimeWarning: lancedb fork support is experimental: the internal async runtime has been reset in the forked child, but a small chance of deadlock remains if other state was mid-operation at fork time. The 'forkserver' or 'spawn' multiprocessing start method is likely a safer alternative.
  self.pid = os.fork()
/usr/lib/python3.12/multiprocessing/popen_fork.py:66: RuntimeWarning: lancedb fork support is experimental: the internal async runtime has been reset in the forked child, but a small chance of deadlock remains if other state was mid-operation at fork time. The 'forkserver' or 'spawn' multiprocessing start method is likely a safer alternative.
  self.pid = os.fork()
/usr/lib/python3.12/multiprocessing/popen_fork.py:66: RuntimeWarning: lancedb fork support is experimental: the internal async runtime has been reset in the forked child, but a small chance of deadlock remains if other state was mid-operation at fork time. The 'forkserver' or 'spawn' multiprocessing start method is likely a safer alternative.
  self.pid = os.fork()
/usr/lib/python3.12/multiprocessing/popen_fork.py:66: RuntimeWarning: lancedb fork support is experimental: the internal async runtime has been reset in the forked child, but a small chance of deadlock remains if other state was mid-operation at fork time. The 'forkserver' or 'spawn' multiprocessing start method is likely a safer alternative.
  self.pid = os.fork()
/usr/lib/python3.12/multiprocessing/popen_fork.py:66: RuntimeWarning: lancedb fork support is experimental: the internal async runtime has been reset in the forked child, but a small chance of deadlock remains if other state was mid-operation at fork time. The 'forkserver' or 'spawn' multiprocessing start method is likely a safer alternative.
  self.pid = os.fork()
/usr/lib/python3.12/multiprocessing/popen_fork.py:66: RuntimeWarning: lancedb fork support is experimental: the internal async runtime has been reset in the forked child, but a small chance of deadlock remains if other state was mid-operation at fork time. The 'forkserver' or 'spawn' multiprocessing start method is likely a safer alternative.
  self.pid = os.fork()
17:39:21 | INFO  | module.py   |   Configured optimizer 'model_opt' (modules=439, param_tensors=388, total_params=24098834) with LinearWarmupCosineAnnealingLR scheduler.
/home/mattin/Desktop/.venv/lib/python3.12/site-packages/lightning/pytorch/utilities/model_summary/model_summary.py:242: Precision bf16-mixed is not supported by the model summary.  Estimated model size in MB will not be accurate. Using 32 bits instead.
17:39:21 | OK    | env_info.py | ✓ Packages: 189 packages collected in 0.29s
┏━━━┳━━━━━━━━━━━━━━━━━━━┳━━━━━━━━━━━━┳━━━━━━━━┳━━━━━━━┳━━━━━━━┓
┃   ┃ Name              ┃ Type       ┃ Params ┃ Mode  ┃ FLOPs ┃
┡━━━╇━━━━━━━━━━━━━━━━━━━╇━━━━━━━━━━━━╇━━━━━━━━╇━━━━━━━╇━━━━━━━┩
│ 0 │ callbacks_modules │ ModuleDict │      0 │ train │     0 │
│ 1 │ callbacks_metrics │ ModuleDict │      0 │ train │     0 │
│ 2 │ model             │ HJEPA      │ 24.1 M │ train │     0 │
│ 3 │ sigreg            │ SIGReg     │      0 │ train │     0 │
└───┴───────────────────┴────────────┴────────┴───────┴───────┘
Trainable params: 6.1 M                                                                                                                                                                                      
Non-trainable params: 18.0 M                                                                                                                                                                                 
Total params: 24.1 M                                                                                                                                                                                         
Total estimated model params size (MB): 96.395                                                                                                                                                               
Modules in train mode: 127                                                                                                                                                                                   
Modules in eval mode: 315                                                                                                                                                                                    
Total FLOPs: 0                                                                                                                                                                                               
17:39:21 | INFO  | logger.py   | [RegistryLogger] summary.json flushed (0 metrics, step=0, epoch=0) → /home/mattin/.cache/stable-pretraining/runs/20260929/173920/64c669b40e1d/summary.json
/home/mattin/Desktop/.venv/lib/python3.12/site-packages/lightning/pytorch/utilities/_pytree.py:21: `isinstance(treespec, LeafSpec)` is deprecated, use `isinstance(treespec, TreeSpec) and treespec.is_leaf()` instead.
/home/mattin/Desktop/.venv/lib/python3.12/site-packages/lance/__init__.py:359: UserWarning: lance is not fork-safe. If you are using multiprocessing, use spawn or forkserver instead.
  warnings.warn(
/usr/lib/python3.12/multiprocessing/popen_fork.py:66: RuntimeWarning: lancedb fork support is experimental: the internal async runtime has been reset in the forked child, but a small chance of deadlock remains if other state was mid-operation at fork time. The 'forkserver' or 'spawn' multiprocessing start method is likely a safer alternative.
  self.pid = os.fork()
17:39:21 | OK    | env_info.py | ✓ NVIDIA Driver: 580.159.03
/home/mattin/Desktop/.venv/lib/python3.12/site-packages/lance/__init__.py:359: UserWarning: lance is not fork-safe. If you are using multiprocessing, use spawn or forkserver instead.
  warnings.warn(
/usr/lib/python3.12/multiprocessing/popen_fork.py:66: RuntimeWarning: lancedb fork support is experimental: the internal async runtime has been reset in the forked child, but a small chance of deadlock remains if other state was mid-operation at fork time. The 'forkserver' or 'spawn' multiprocessing start method is likely a safer alternative.
  self.pid = os.fork()
/usr/lib/python3.12/multiprocessing/popen_fork.py:66: RuntimeWarning: lancedb fork support is experimental: the internal async runtime has been reset in the forked child, but a small chance of deadlock remains if other state was mid-operation at fork time. The 'forkserver' or 'spawn' multiprocessing start method is likely a safer alternative.
  self.pid = os.fork()
/usr/lib/python3.12/multiprocessing/popen_fork.py:66: RuntimeWarning: lancedb fork support is experimental: the internal async runtime has been reset in the forked child, but a small chance of deadlock remains if other state was mid-operation at fork time. The 'forkserver' or 'spawn' multiprocessing start method is likely a safer alternative.
  self.pid = os.fork()
/usr/lib/python3.12/multiprocessing/popen_fork.py:66: RuntimeWarning: lancedb fork support is experimental: the internal async runtime has been reset in the forked child, but a small chance of deadlock remains if other state was mid-operation at fork time. The 'forkserver' or 'spawn' multiprocessing start method is likely a safer alternative.
  self.pid = os.fork()
/usr/lib/python3.12/multiprocessing/popen_fork.py:66: RuntimeWarning: lancedb fork support is experimental: the internal async runtime has been reset in the forked child, but a small chance of deadlock remains if other state was mid-operation at fork time. The 'forkserver' or 'spawn' multiprocessing start method is likely a safer alternative.
  self.pid = os.fork()
/home/mattin/Desktop/.venv/lib/python3.12/site-packages/lightning/pytorch/trainer/connectors/data_connector.py:378: You have overridden `on_after_batch_transfer` in `LightningModule` but have passed in a `LightningDataModule`. It will use the implementation from `LightningModule` instance.
/home/mattin/Desktop/.venv/lib/python3.12/site-packages/lightning/pytorch/utilities/data.py:79: Trying to infer the `batch_size` from an ambiguous collection. The batch size we found is 128. To avoid any miscalculations, use `self.log(..., batch_size=batch_size)`.
17:39:55 | INFO  | trainer_inf~| \n+-----------------------------+---------------------+
|            Metric           |        Value        |
+-----------------------------+---------------------+
|      [0;34;40mvalidate/cons_loss[0m     | [0;32;40m0.04773417115211487[0m |
|   [0;34;40mvalidate/cons_loss_epoch[0m  | [0;32;40m0.04773417115211487[0m |
|       [0;34;40mvalidate/kl_loss[0m      |  [0;32;40m3.725980043411255[0m  |
|    [0;34;40mvalidate/kl_loss_epoch[0m   |  [0;32;40m3.725980043411255[0m  |
|        [0;34;40mvalidate/loss[0m        |  [0;32;40m4.298590660095215[0m  |
|     [0;34;40mvalidate/loss_epoch[0m     |  [0;32;40m4.298590660095215[0m  |
|     [0;34;40mvalidate/pred1_loss[0m     | [0;32;40m0.04810330271720886[0m |
|  [0;34;40mvalidate/pred1_loss_epoch[0m  | [0;32;40m0.04810330271720886[0m |
|    [0;34;40mvalidate/sigreg1_loss[0m    |         [0;32;40m45.5[0m        |
| [0;34;40mvalidate/sigreg1_loss_epoch[0m |         [0;32;40m45.5[0m        |
|     [0;34;40mvalidate/skill_loss[0m     |  [0;32;40m1.090031385421753[0m  |
|  [0;34;40mvalidate/skill_loss_epoch[0m  |  [0;32;40m1.090031385421753[0m  |
|        [0;34;40mvalidate/w_kl[0m        |         [0;32;40m0.0[0m         |
|     [0;34;40mvalidate/w_kl_epoch[0m     |         [0;32;40m0.0[0m         |
+-----------------------------+---------------------+
/home/mattin/Desktop/.venv/lib/python3.12/site-packages/lightning/pytorch/loops/fit_loop.py:538: Found 315 module(s) in eval mode at the start of training. This may lead to unexpected behavior during training. If this is intentional, you can ignore this warning.
17:39:55 | WARN  | hf_models.py| ! No Hugging Face (PreTrainedModel) submodules found in LightningModule.
17:39:55 | INFO  | utils.py    | ── Optimizers ────────────────────────────────────
17:39:55 | INFO  | module.py   |   self.optimizers() gave us 1 optimizers
17:39:55 | WARN  | module.py   | ! No clip val found for optimizer model_opt
17:39:55 | WARN  | module.py   | ! Will use the Trainer's value of 1.0
17:39:55 | WARN  | module.py   | ! No clip algorithm found for optimizer model_opt
17:39:55 | WARN  | module.py   | ! Will use the Trainer's value of None
17:39:55 | OK    | module.py   | ✓ Optimizer check complete:
+------------+-----------+----------------+-----------+-----------+
| Opt. Index | Opt. name |      opt       | clip val. | clip alg. |
+------------+-----------+----------------+-----------+-----------+
|     0      | model_opt | LightningAdamW |    1.0    |    None   |
+------------+-----------+----------------+-----------+-----------+
17:39:55 | INFO  | utils.py    | ── LogUnusedParametersOnce ───────────────────────
17:39:55 | INFO  | unused_para~|   registered hooks on 91 leaf parameters
17:39:56 | OK    | unused_para~| ✓ all tracked parameters received gradients on the first backward pass
17:39:56 | INFO  | unused_para~|   hooks removed, callback disabled
[Epoch 0/10] step 50/11742 (1.1 it/s)
[Epoch 0/10] step 100/11742 (1.0 it/s)
[Epoch 0/10] step 150/11742 (1.1 it/s)
[Epoch 0/10] step 200/11742 (1.1 it/s)
[Epoch 0/10] step 250/11742 (1.2 it/s)
[Epoch 0/10] step 300/11742 (1.2 it/s)
[Epoch 0/10] step 350/11742 (1.2 it/s)
[Epoch 0/10] step 400/11742 (1.3 it/s)
[Epoch 0/10] step 450/11742 (1.3 it/s)
[Epoch 0/10] step 500/11742 (1.3 it/s)
[Epoch 0/10] step 550/11742 (1.3 it/s)
[Epoch 0/10] step 600/11742 (1.4 it/s)
[Epoch 0/10] step 650/11742 (1.3 it/s)
[Epoch 0/10] step 700/11742 (1.3 it/s)
[Epoch 0/10] step 750/11742 (1.3 it/s)
[Epoch 0/10] step 800/11742 (1.3 it/s)
[Epoch 0/10] step 850/11742 (1.3 it/s)
[Epoch 0/10] step 900/11742 (1.4 it/s)
[Epoch 0/10] step 950/11742 (1.4 it/s)
[Epoch 0/10] step 1000/11742 (1.4 it/s)
[Epoch 0/10] step 1050/11742 (1.4 it/s)
[Epoch 0/10] step 1100/11742 (1.4 it/s)
[Epoch 0/10] step 1150/11742 (1.4 it/s)
[Epoch 0/10] step 1200/11742 (1.4 it/s)
[Epoch 0/10] step 1250/11742 (1.4 it/s)
[Epoch 0/10] step 1300/11742 (1.4 it/s)
[Epoch 0/10] step 1350/11742 (1.4 it/s)
[Epoch 0/10] step 1400/11742 (1.4 it/s)
[Epoch 0/10] step 1450/11742 (1.4 it/s)
[Epoch 0/10] step 1500/11742 (1.5 it/s)
[Epoch 0/10] step 1550/11742 (1.5 it/s)
[Epoch 0/10] step 1600/11742 (1.5 it/s)
[Epoch 0/10] step 1650/11742 (1.5 it/s)
[Epoch 0/10] step 1700/11742 (1.5 it/s)
[Epoch 0/10] step 1750/11742 (1.4 it/s)
[Epoch 0/10] step 1800/11742 (1.4 it/s)
[Epoch 0/10] step 1850/11742 (1.4 it/s)
[Epoch 0/10] step 1900/11742 (1.4 it/s)
[Epoch 0/10] step 1950/11742 (1.4 it/s)
[Epoch 0/10] step 2000/11742 (1.4 it/s)
[Epoch 0/10] step 2050/11742 (1.4 it/s)
[Epoch 0/10] step 2100/11742 (1.4 it/s)
[Epoch 0/10] step 2150/11742 (1.4 it/s)
[Epoch 0/10] step 2200/11742 (1.5 it/s)
[Epoch 0/10] step 2250/11742 (1.5 it/s)
[Epoch 0/10] step 2300/11742 (1.5 it/s)
[Epoch 0/10] step 2350/11742 (1.4 it/s)
[Epoch 0/10] step 2400/11742 (1.4 it/s)
[Epoch 0/10] step 2450/11742 (1.4 it/s)
[Epoch 0/10] step 2500/11742 (1.5 it/s)
[Epoch 0/10] step 2550/11742 (1.4 it/s)
[Epoch 0/10] step 2600/11742 (1.4 it/s)
[Epoch 0/10] step 2650/11742 (1.4 it/s)
[Epoch 0/10] step 2700/11742 (1.4 it/s)
[Epoch 0/10] step 2750/11742 (1.4 it/s)
[Epoch 0/10] step 2800/11742 (1.4 it/s)
[Epoch 0/10] step 2850/11742 (1.4 it/s)
[Epoch 0/10] step 2900/11742 (1.4 it/s)
[Epoch 0/10] step 2950/11742 (1.4 it/s)
[Epoch 0/10] step 3000/11742 (1.4 it/s)
[Epoch 0/10] step 3050/11742 (1.5 it/s)
[Epoch 0/10] step 3100/11742 (1.5 it/s)
[Epoch 0/10] step 3150/11742 (1.5 it/s)
[Epoch 0/10] step 3200/11742 (1.5 it/s)
[Epoch 0/10] step 3250/11742 (1.5 it/s)
[Epoch 0/10] step 3300/11742 (1.5 it/s)
[Epoch 0/10] step 3350/11742 (1.5 it/s)
[Epoch 0/10] step 3400/11742 (1.5 it/s)
[Epoch 0/10] step 3450/11742 (1.5 it/s)
[Epoch 0/10] step 3500/11742 (1.5 it/s)
[Epoch 0/10] step 3550/11742 (1.5 it/s)
[Epoch 0/10] step 3600/11742 (1.5 it/s)
[Epoch 0/10] step 3650/11742 (1.5 it/s)
[Epoch 0/10] step 3700/11742 (1.5 it/s)
[Epoch 0/10] step 3750/11742 (1.5 it/s)
[Epoch 0/10] step 3800/11742 (1.5 it/s)
[Epoch 0/10] step 3850/11742 (1.5 it/s)
[Epoch 0/10] step 3900/11742 (1.5 it/s)
[Epoch 0/10] step 3950/11742 (1.5 it/s)
[Epoch 0/10] step 4000/11742 (1.5 it/s)
[Epoch 0/10] step 4050/11742 (1.5 it/s)
[Epoch 0/10] step 4100/11742 (1.5 it/s)
[Epoch 0/10] step 4150/11742 (1.5 it/s)
[Epoch 0/10] step 4200/11742 (1.5 it/s)
[Epoch 0/10] step 4250/11742 (1.5 it/s)
[Epoch 0/10] step 4300/11742 (1.5 it/s)
[Epoch 0/10] step 4350/11742 (1.5 it/s)
[Epoch 0/10] step 4400/11742 (1.5 it/s)
[Epoch 0/10] step 4450/11742 (1.5 it/s)
[Epoch 0/10] step 4500/11742 (1.5 it/s)
[Epoch 0/10] step 4550/11742 (1.5 it/s)
[Epoch 0/10] step 4600/11742 (1.5 it/s)
[Epoch 0/10] step 4650/11742 (1.5 it/s)
[Epoch 0/10] step 4700/11742 (1.5 it/s)
[Epoch 0/10] step 4750/11742 (1.5 it/s)
[Epoch 0/10] step 4800/11742 (1.5 it/s)
[Epoch 0/10] step 4850/11742 (1.5 it/s)
[Epoch 0/10] step 4900/11742 (1.5 it/s)
[Epoch 0/10] step 4950/11742 (1.5 it/s)
[Epoch 0/10] step 5000/11742 (1.5 it/s)
[Epoch 0/10] step 5050/11742 (1.5 it/s)
[Epoch 0/10] step 5100/11742 (1.5 it/s)
[Epoch 0/10] step 5150/11742 (1.5 it/s)
[Epoch 0/10] step 5200/11742 (1.5 it/s)
[Epoch 0/10] step 5250/11742 (1.5 it/s)
[Epoch 0/10] step 5300/11742 (1.5 it/s)
[Epoch 0/10] step 5350/11742 (1.5 it/s)
[Epoch 0/10] step 5400/11742 (1.5 it/s)
[Epoch 0/10] step 5450/11742 (1.5 it/s)
[Epoch 0/10] step 5500/11742 (1.5 it/s)
[Epoch 0/10] step 5550/11742 (1.5 it/s)
[Epoch 0/10] step 5600/11742 (1.5 it/s)
[Epoch 0/10] step 5650/11742 (1.5 it/s)
[Epoch 0/10] step 5700/11742 (1.5 it/s)
[Epoch 0/10] step 5750/11742 (1.5 it/s)
[Epoch 0/10] step 5800/11742 (1.5 it/s)
[Epoch 0/10] step 5850/11742 (1.5 it/s)
[Epoch 0/10] step 5900/11742 (1.5 it/s)
[Epoch 0/10] step 5950/11742 (1.5 it/s)
[Epoch 0/10] step 6000/11742 (1.5 it/s)
[Epoch 0/10] step 6050/11742 (1.5 it/s)
[Epoch 0/10] step 6100/11742 (1.5 it/s)
[Epoch 0/10] step 6150/11742 (1.5 it/s)
[Epoch 0/10] step 6200/11742 (1.5 it/s)
[Epoch 0/10] step 6250/11742 (1.5 it/s)
[Epoch 0/10] step 6300/11742 (1.5 it/s)
[Epoch 0/10] step 6350/11742 (1.5 it/s)
[Epoch 0/10] step 6400/11742 (1.5 it/s)
[Epoch 0/10] step 6450/11742 (1.5 it/s)
[Epoch 0/10] step 6500/11742 (1.5 it/s)
[Epoch 0/10] step 6550/11742 (1.5 it/s)
[Epoch 0/10] step 6600/11742 (1.5 it/s)
[Epoch 0/10] step 6650/11742 (1.5 it/s)
[Epoch 0/10] step 6700/11742 (1.5 it/s)
[Epoch 0/10] step 6750/11742 (1.5 it/s)
[Epoch 0/10] step 6800/11742 (1.5 it/s)
[Epoch 0/10] step 6850/11742 (1.5 it/s)
[Epoch 0/10] step 6900/11742 (1.5 it/s)
[Epoch 0/10] step 6950/11742 (1.5 it/s)
[Epoch 0/10] step 7000/11742 (1.5 it/s)
[Epoch 0/10] step 7050/11742 (1.5 it/s)
[Epoch 0/10] step 7100/11742 (1.5 it/s)
[Epoch 0/10] step 7150/11742 (1.5 it/s)
[Epoch 0/10] step 7200/11742 (1.5 it/s)
[Epoch 0/10] step 7250/11742 (1.5 it/s)
[Epoch 0/10] step 7300/11742 (1.5 it/s)
[Epoch 0/10] step 7350/11742 (1.5 it/s)
[Epoch 0/10] step 7400/11742 (1.5 it/s)
[Epoch 0/10] step 7450/11742 (1.5 it/s)
[Epoch 0/10] step 7500/11742 (1.5 it/s)
[Epoch 0/10] step 7550/11742 (1.5 it/s)
[Epoch 0/10] step 7600/11742 (1.5 it/s)
[Epoch 0/10] step 7650/11742 (1.5 it/s)
[Epoch 0/10] step 7700/11742 (1.5 it/s)
[Epoch 0/10] step 7750/11742 (1.5 it/s)
[Epoch 0/10] step 7800/11742 (1.5 it/s)
[Epoch 0/10] step 7850/11742 (1.5 it/s)
[Epoch 0/10] step 7900/11742 (1.5 it/s)
[Epoch 0/10] step 7950/11742 (1.5 it/s)
[Epoch 0/10] step 8000/11742 (1.5 it/s)
[Epoch 0/10] step 8050/11742 (1.5 it/s)
[Epoch 0/10] step 8100/11742 (1.5 it/s)
[Epoch 0/10] step 8150/11742 (1.5 it/s)
[Epoch 0/10] step 8200/11742 (1.5 it/s)
[Epoch 0/10] step 8250/11742 (1.5 it/s)
[Epoch 0/10] step 8300/11742 (1.5 it/s)
[Epoch 0/10] step 8350/11742 (1.5 it/s)
[Epoch 0/10] step 8400/11742 (1.5 it/s)
[Epoch 0/10] step 8450/11742 (1.5 it/s)
[Epoch 0/10] step 8500/11742 (1.5 it/s)
[Epoch 0/10] step 8550/11742 (1.5 it/s)
[Epoch 0/10] step 8600/11742 (1.5 it/s)
[Epoch 0/10] step 8650/11742 (1.5 it/s)
[Epoch 0/10] step 8700/11742 (1.5 it/s)
[Epoch 0/10] step 8750/11742 (1.5 it/s)
[Epoch 0/10] step 8800/11742 (1.5 it/s)
[Epoch 0/10] step 8850/11742 (1.5 it/s)
[Epoch 0/10] step 8900/11742 (1.5 it/s)
[Epoch 0/10] step 8950/11742 (1.5 it/s)
[Epoch 0/10] step 9000/11742 (1.5 it/s)
[Epoch 0/10] step 9050/11742 (1.5 it/s)
[Epoch 0/10] step 9100/11742 (1.5 it/s)
[Epoch 0/10] step 9150/11742 (1.5 it/s)
[Epoch 0/10] step 9200/11742 (1.5 it/s)
[Epoch 0/10] step 9250/11742 (1.5 it/s)
[Epoch 0/10] step 9300/11742 (1.5 it/s)
[Epoch 0/10] step 9350/11742 (1.5 it/s)
[Epoch 0/10] step 9400/11742 (1.5 it/s)
[Epoch 0/10] step 9450/11742 (1.5 it/s)
[Epoch 0/10] step 9500/11742 (1.5 it/s)
[Epoch 0/10] step 9550/11742 (1.5 it/s)
[Epoch 0/10] step 9600/11742 (1.5 it/s)
[Epoch 0/10] step 9650/11742 (1.5 it/s)
[Epoch 0/10] step 9700/11742 (1.5 it/s)
[Epoch 0/10] step 9750/11742 (1.5 it/s)
[Epoch 0/10] step 9800/11742 (1.5 it/s)
[Epoch 0/10] step 9850/11742 (1.5 it/s)
[Epoch 0/10] step 9900/11742 (1.5 it/s)
[Epoch 0/10] step 9950/11742 (1.5 it/s)
[Epoch 0/10] step 10000/11742 (1.5 it/s)
[Epoch 0/10] step 10050/11742 (1.5 it/s)
[Epoch 0/10] step 10100/11742 (1.5 it/s)
[Epoch 0/10] step 10150/11742 (1.5 it/s)
[Epoch 0/10] step 10200/11742 (1.6 it/s)
[Epoch 0/10] step 10250/11742 (1.6 it/s)
[Epoch 0/10] step 10300/11742 (1.6 it/s)
[Epoch 0/10] step 10350/11742 (1.6 it/s)
[Epoch 0/10] step 10400/11742 (1.6 it/s)
[Epoch 0/10] step 10450/11742 (1.6 it/s)
[Epoch 0/10] step 10500/11742 (1.6 it/s)
[Epoch 0/10] step 10550/11742 (1.6 it/s)
[Epoch 0/10] step 10600/11742 (1.6 it/s)
[Epoch 0/10] step 10650/11742 (1.6 it/s)
[Epoch 0/10] step 10700/11742 (1.6 it/s)
[Epoch 0/10] step 10750/11742 (1.6 it/s)
[Epoch 0/10] step 10800/11742 (1.6 it/s)
[Epoch 0/10] step 10850/11742 (1.6 it/s)
[Epoch 0/10] step 10900/11742 (1.6 it/s)
[Epoch 0/10] step 10950/11742 (1.6 it/s)
[Epoch 0/10] step 11000/11742 (1.6 it/s)
[Epoch 0/10] step 11050/11742 (1.6 it/s)
[Epoch 0/10] step 11100/11742 (1.6 it/s)
[Epoch 0/10] step 11150/11742 (1.6 it/s)
[Epoch 0/10] step 11200/11742 (1.6 it/s)
[Epoch 0/10] step 11250/11742 (1.6 it/s)
[Epoch 0/10] step 11300/11742 (1.6 it/s)
[Epoch 0/10] step 11350/11742 (1.6 it/s)
[Epoch 0/10] step 11400/11742 (1.6 it/s)
[Epoch 0/10] step 11450/11742 (1.6 it/s)
[Epoch 0/10] step 11500/11742 (1.6 it/s)
[Epoch 0/10] step 11550/11742 (1.6 it/s)
[Epoch 0/10] step 11600/11742 (1.6 it/s)
[Epoch 0/10] step 11650/11742 (1.6 it/s)
[Epoch 0/10] step 11700/11742 (1.6 it/s)
/home/mattin/Desktop/.venv/lib/python3.12/site-packages/lightning/pytorch/utilities/data.py:79: Trying to infer the `batch_size` from an ambiguous collection. The batch size we found is 87. To avoid any miscalculations, use `self.log(..., batch_size=batch_size)`.
19:53:04 | INFO  | trainer_inf~| \n+-----------------------------+-----------------------+
|            Metric           |         Value         |
+-----------------------------+-----------------------+
|        [0;34;40mfit/cons_loss[0m        |  [0;32;40m0.03726416081190109[0m  |
|         [0;34;40mfit/kl_loss[0m         |   [0;32;40m6.162398338317871[0m   |
|           [0;34;40mfit/loss[0m          |  [0;32;40m0.30152904987335205[0m  |
|        [0;34;40mfit/pred1_loss[0m       |  [0;32;40m0.03981265425682068[0m  |
|       [0;34;40mfit/sigreg1_loss[0m      |        [0;32;40m1.09375[0m        |
|        [0;34;40mfit/skill_loss[0m       |   [0;32;40m0.641954243183136[0m   |
|           [0;34;40mfit/w_kl[0m          |  [0;32;40m0.009999999776482582[0m |
|     [0;34;40mhardware/cpu_percent[0m    |   [0;32;40m36.599998474121094[0m  |
|   [0;34;40mhardware/disk_read_mb_s[0m   |      [0;32;40m155.16015625[0m     |
|   [0;34;40mhardware/disk_write_mb_s[0m  |  [0;32;40m0.005076565779745579[0m |
|    [0;34;40mhardware/net_recv_mb_s[0m   | [0;32;40m8.771109605731908e-06[0m |
|    [0;34;40mhardware/net_sent_mb_s[0m   |          [0;32;40m0.0[0m          |
|     [0;34;40mhardware/ram_used_gb[0m    |   [0;32;40m57.27781295776367[0m   |
|    [0;34;40mhardware/ram_used_pct[0m    |   [0;32;40m47.900001525878906[0m  |
|     [0;34;40mhparams/lr_model_opt[0m    |  [0;32;40m0.000293923745630309[0m |
|      [0;34;40mvalidate/cons_loss[0m     |  [0;32;40m0.031818583607673645[0m |
|   [0;34;40mvalidate/cons_loss_epoch[0m  |  [0;32;40m0.031818583607673645[0m |
|       [0;34;40mvalidate/kl_loss[0m      |   [0;32;40m6.555950164794922[0m   |
|    [0;34;40mvalidate/kl_loss_epoch[0m   |   [0;32;40m6.555950164794922[0m   |
|        [0;34;40mvalidate/loss[0m        |  [0;32;40m0.31540489196777344[0m  |
|     [0;34;40mvalidate/loss_epoch[0m     |  [0;32;40m0.31540489196777344[0m  |
|     [0;34;40mvalidate/pred1_loss[0m     |  [0;32;40m0.03143050894141197[0m  |
|  [0;34;40mvalidate/pred1_loss_epoch[0m  |  [0;32;40m0.03143050894141197[0m  |
|    [0;34;40mvalidate/sigreg1_loss[0m    |   [0;32;40m1.4798147678375244[0m  |
| [0;34;40mvalidate/sigreg1_loss_epoch[0m |   [0;32;40m1.4798147678375244[0m  |
|     [0;34;40mvalidate/skill_loss[0m     |   [0;32;40m0.5340641736984253[0m  |
|  [0;34;40mvalidate/skill_loss_epoch[0m  |   [0;32;40m0.5340641736984253[0m  |
|        [0;34;40mvalidate/w_kl[0m        |  [0;32;40m0.010000155307352543[0m |
|     [0;34;40mvalidate/w_kl_epoch[0m     |  [0;32;40m0.010000155307352543[0m |
+-----------------------------+-----------------------+
19:53:05 | INFO  | utils.py    | 📦📦📦 Model saved to /home/mattin/.stable_worldmodel/checkpoints/lehwm/weights_epoch_1.pt 📦📦📦
[Epoch 0/10] done in 7989.6s
19:53:05 | INFO  | checkpoint_~|   Checking for non PyTorch modules to save
19:53:05 | INFO  | atomic_chec~| [atomic_save] → /home/mattin/.cache/stable-pretraining/runs/20260929/173920/64c669b40e1d/checkpoints/epoch=0-step=11742.ckpt
19:53:05 | INFO  | atomic_chec~| [atomic_save] ✓ epoch=0-step=11742.ckpt saved (138.5 MiB, serialise=0.12s write=0.11s rename=0.0ms)
19:53:05 | INFO  | checkpoint_~|   Checking for non PyTorch modules to save
19:53:05 | INFO  | atomic_chec~| [atomic_save] → /home/mattin/.cache/stable-pretraining/runs/20260929/173920/64c669b40e1d/checkpoints/last.ckpt
19:53:05 | INFO  | atomic_chec~| [atomic_save] ✓ last.ckpt saved (138.5 MiB, serialise=0.11s write=0.12s rename=0.0ms)
[Epoch 1/10] step 50/11742 (1.9 it/s)
[Epoch 1/10] step 100/11742 (2.0 it/s)
[Epoch 1/10] step 150/11742 (2.0 it/s)
[Epoch 1/10] step 200/11742 (2.0 it/s)
[Epoch 1/10] step 250/11742 (2.0 it/s)
[Epoch 1/10] step 300/11742 (2.0 it/s)
[Epoch 1/10] step 350/11742 (2.0 it/s)
[Epoch 1/10] step 400/11742 (2.0 it/s)
[Epoch 1/10] step 450/11742 (2.0 it/s)
[Epoch 1/10] step 500/11742 (2.0 it/s)
[Epoch 1/10] step 550/11742 (2.0 it/s)
[Epoch 1/10] step 600/11742 (2.0 it/s)
[Epoch 1/10] step 650/11742 (2.0 it/s)
[Epoch 1/10] step 700/11742 (2.0 it/s)
[Epoch 1/10] step 750/11742 (2.0 it/s)
[Epoch 1/10] step 800/11742 (2.0 it/s)
[Epoch 1/10] step 850/11742 (2.0 it/s)
[Epoch 1/10] step 900/11742 (2.0 it/s)
[Epoch 1/10] step 950/11742 (2.0 it/s)
[Epoch 1/10] step 1000/11742 (2.0 it/s)
[Epoch 1/10] step 1050/11742 (2.0 it/s)
[Epoch 1/10] step 1100/11742 (2.0 it/s)
[Epoch 1/10] step 1150/11742 (2.0 it/s)
[Epoch 1/10] step 1200/11742 (2.0 it/s)
[Epoch 1/10] step 1250/11742 (2.0 it/s)
[Epoch 1/10] step 1300/11742 (2.0 it/s)
[Epoch 1/10] step 1350/11742 (2.0 it/s)
[Epoch 1/10] step 1400/11742 (2.0 it/s)
[Epoch 1/10] step 1450/11742 (2.0 it/s)
[Epoch 1/10] step 1500/11742 (2.0 it/s)
[Epoch 1/10] step 1550/11742 (2.0 it/s)
[Epoch 1/10] step 1600/11742 (2.0 it/s)
[Epoch 1/10] step 1650/11742 (2.0 it/s)
[Epoch 1/10] step 1700/11742 (2.0 it/s)
[Epoch 1/10] step 1750/11742 (2.0 it/s)
[Epoch 1/10] step 1800/11742 (2.0 it/s)
[Epoch 1/10] step 1850/11742 (2.0 it/s)
[Epoch 1/10] step 1900/11742 (2.0 it/s)
[Epoch 1/10] step 1950/11742 (2.0 it/s)
[Epoch 1/10] step 2000/11742 (2.0 it/s)
[Epoch 1/10] step 2050/11742 (2.0 it/s)
[Epoch 1/10] step 2100/11742 (2.0 it/s)
[Epoch 1/10] step 2150/11742 (2.0 it/s)
[Epoch 1/10] step 2200/11742 (2.0 it/s)
[Epoch 1/10] step 2250/11742 (2.0 it/s)
[Epoch 1/10] step 2300/11742 (2.0 it/s)
[Epoch 1/10] step 2350/11742 (2.0 it/s)
[Epoch 1/10] step 2400/11742 (2.0 it/s)
[Epoch 1/10] step 2450/11742 (2.0 it/s)
[Epoch 1/10] step 2500/11742 (2.0 it/s)
[Epoch 1/10] step 2550/11742 (2.0 it/s)
[Epoch 1/10] step 2600/11742 (2.0 it/s)
[Epoch 1/10] step 2650/11742 (2.0 it/s)
[Epoch 1/10] step 2700/11742 (2.0 it/s)
[Epoch 1/10] step 2750/11742 (2.0 it/s)
[Epoch 1/10] step 2800/11742 (2.0 it/s)
[Epoch 1/10] step 2850/11742 (2.0 it/s)
[Epoch 1/10] step 2900/11742 (2.0 it/s)
[Epoch 1/10] step 2950/11742 (2.0 it/s)
[Epoch 1/10] step 3000/11742 (2.0 it/s)
[Epoch 1/10] step 3050/11742 (2.0 it/s)
[Epoch 1/10] step 3100/11742 (2.0 it/s)
[Epoch 1/10] step 3150/11742 (2.0 it/s)
[Epoch 1/10] step 3200/11742 (2.0 it/s)
[Epoch 1/10] step 3250/11742 (2.0 it/s)
[Epoch 1/10] step 3300/11742 (2.0 it/s)
[Epoch 1/10] step 3350/11742 (2.0 it/s)
[Epoch 1/10] step 3400/11742 (2.0 it/s)
[Epoch 1/10] step 3450/11742 (2.0 it/s)
[Epoch 1/10] step 3500/11742 (2.0 it/s)
[Epoch 1/10] step 3550/11742 (2.0 it/s)
[Epoch 1/10] step 3600/11742 (2.0 it/s)
[Epoch 1/10] step 3650/11742 (2.0 it/s)
[Epoch 1/10] step 3700/11742 (2.0 it/s)
[Epoch 1/10] step 3750/11742 (2.0 it/s)
[Epoch 1/10] step 3800/11742 (2.0 it/s)
[Epoch 1/10] step 3850/11742 (2.0 it/s)
[Epoch 1/10] step 3900/11742 (2.0 it/s)
[Epoch 1/10] step 3950/11742 (2.0 it/s)
[Epoch 1/10] step 4000/11742 (2.0 it/s)
[Epoch 1/10] step 4050/11742 (2.0 it/s)
[Epoch 1/10] step 4100/11742 (2.0 it/s)
[Epoch 1/10] step 4150/11742 (2.0 it/s)
[Epoch 1/10] step 4200/11742 (2.0 it/s)
[Epoch 1/10] step 4250/11742 (2.0 it/s)
[Epoch 1/10] step 4300/11742 (2.0 it/s)
[Epoch 1/10] step 4350/11742 (2.0 it/s)
[Epoch 1/10] step 4400/11742 (2.0 it/s)
[Epoch 1/10] step 4450/11742 (2.0 it/s)
[Epoch 1/10] step 4500/11742 (2.0 it/s)
[Epoch 1/10] step 4550/11742 (2.0 it/s)
[Epoch 1/10] step 4600/11742 (2.0 it/s)
[Epoch 1/10] step 4650/11742 (2.0 it/s)
[Epoch 1/10] step 4700/11742 (2.0 it/s)
[Epoch 1/10] step 4750/11742 (2.0 it/s)
[Epoch 1/10] step 4800/11742 (2.0 it/s)
[Epoch 1/10] step 4850/11742 (2.0 it/s)
[Epoch 1/10] step 4900/11742 (2.0 it/s)
[Epoch 1/10] step 4950/11742 (2.0 it/s)
[Epoch 1/10] step 5000/11742 (2.0 it/s)
[Epoch 1/10] step 5050/11742 (2.0 it/s)
[Epoch 1/10] step 5100/11742 (2.0 it/s)
[Epoch 1/10] step 5150/11742 (2.0 it/s)
[Epoch 1/10] step 5200/11742 (2.0 it/s)
[Epoch 1/10] step 5250/11742 (2.0 it/s)
[Epoch 1/10] step 5300/11742 (2.0 it/s)
[Epoch 1/10] step 5350/11742 (2.0 it/s)
[Epoch 1/10] step 5400/11742 (2.0 it/s)
[Epoch 1/10] step 5450/11742 (2.0 it/s)
[Epoch 1/10] step 5500/11742 (2.0 it/s)
[Epoch 1/10] step 5550/11742 (2.0 it/s)
[Epoch 1/10] step 5600/11742 (2.0 it/s)
[Epoch 1/10] step 5650/11742 (2.0 it/s)
[Epoch 1/10] step 5700/11742 (2.0 it/s)
[Epoch 1/10] step 5750/11742 (2.0 it/s)
[Epoch 1/10] step 5800/11742 (2.0 it/s)
[Epoch 1/10] step 5850/11742 (2.0 it/s)
[Epoch 1/10] step 5900/11742 (2.0 it/s)
[Epoch 1/10] step 5950/11742 (2.0 it/s)
[Epoch 1/10] step 6000/11742 (2.0 it/s)
[Epoch 1/10] step 6050/11742 (2.0 it/s)
[Epoch 1/10] step 6100/11742 (2.0 it/s)
[Epoch 1/10] step 6150/11742 (2.0 it/s)
[Epoch 1/10] step 6200/11742 (2.0 it/s)
[Epoch 1/10] step 6250/11742 (2.0 it/s)
[Epoch 1/10] step 6300/11742 (2.0 it/s)
[Epoch 1/10] step 6350/11742 (2.0 it/s)
[Epoch 1/10] step 6400/11742 (2.0 it/s)
[Epoch 1/10] step 6450/11742 (2.0 it/s)
[Epoch 1/10] step 6500/11742 (2.0 it/s)
[Epoch 1/10] step 6550/11742 (2.0 it/s)
[Epoch 1/10] step 6600/11742 (2.0 it/s)
[Epoch 1/10] step 6650/11742 (2.0 it/s)
[Epoch 1/10] step 6700/11742 (2.0 it/s)
[Epoch 1/10] step 6750/11742 (2.0 it/s)
[Epoch 1/10] step 6800/11742 (2.0 it/s)
[Epoch 1/10] step 6850/11742 (2.0 it/s)
[Epoch 1/10] step 6900/11742 (2.0 it/s)
[Epoch 1/10] step 6950/11742 (2.0 it/s)
[Epoch 1/10] step 7000/11742 (2.0 it/s)
[Epoch 1/10] step 7050/11742 (2.0 it/s)
[Epoch 1/10] step 7100/11742 (2.0 it/s)
[Epoch 1/10] step 7150/11742 (2.0 it/s)
[Epoch 1/10] step 7200/11742 (2.0 it/s)
[Epoch 1/10] step 7250/11742 (2.0 it/s)
[Epoch 1/10] step 7300/11742 (2.0 it/s)
[Epoch 1/10] step 7350/11742 (2.0 it/s)
[Epoch 1/10] step 7400/11742 (2.0 it/s)
[Epoch 1/10] step 7450/11742 (2.0 it/s)
[Epoch 1/10] step 7500/11742 (2.0 it/s)
[Epoch 1/10] step 7550/11742 (2.0 it/s)
[Epoch 1/10] step 7600/11742 (2.0 it/s)
[Epoch 1/10] step 7650/11742 (2.0 it/s)
[Epoch 1/10] step 7700/11742 (2.0 it/s)
[Epoch 1/10] step 7750/11742 (2.0 it/s)
[Epoch 1/10] step 7800/11742 (2.0 it/s)
[Epoch 1/10] step 7850/11742 (2.0 it/s)
[Epoch 1/10] step 7900/11742 (2.0 it/s)
[Epoch 1/10] step 7950/11742 (2.0 it/s)
[Epoch 1/10] step 8000/11742 (2.0 it/s)
[Epoch 1/10] step 8050/11742 (2.0 it/s)
[Epoch 1/10] step 8100/11742 (2.0 it/s)
[Epoch 1/10] step 8150/11742 (2.0 it/s)
[Epoch 1/10] step 8200/11742 (2.0 it/s)
[Epoch 1/10] step 8250/11742 (2.0 it/s)
[Epoch 1/10] step 8300/11742 (2.0 it/s)
[Epoch 1/10] step 8350/11742 (2.0 it/s)
[Epoch 1/10] step 8400/11742 (2.0 it/s)
[Epoch 1/10] step 8450/11742 (2.0 it/s)
[Epoch 1/10] step 8500/11742 (2.0 it/s)
[Epoch 1/10] step 8550/11742 (2.0 it/s)
[Epoch 1/10] step 8600/11742 (2.0 it/s)
[Epoch 1/10] step 8650/11742 (2.0 it/s)
[Epoch 1/10] step 8700/11742 (2.0 it/s)
[Epoch 1/10] step 8750/11742 (2.0 it/s)
[Epoch 1/10] step 8800/11742 (2.0 it/s)
[Epoch 1/10] step 8850/11742 (2.0 it/s)
[Epoch 1/10] step 8900/11742 (2.0 it/s)
[Epoch 1/10] step 8950/11742 (2.0 it/s)
[Epoch 1/10] step 9000/11742 (2.0 it/s)
[Epoch 1/10] step 9050/11742 (2.0 it/s)
[Epoch 1/10] step 9100/11742 (2.0 it/s)
[Epoch 1/10] step 9150/11742 (2.0 it/s)
[Epoch 1/10] step 9200/11742 (2.0 it/s)
[Epoch 1/10] step 9250/11742 (2.0 it/s)
[Epoch 1/10] step 9300/11742 (2.0 it/s)
[Epoch 1/10] step 9350/11742 (2.0 it/s)
[Epoch 1/10] step 9400/11742 (2.0 it/s)
[Epoch 1/10] step 9450/11742 (2.0 it/s)
[Epoch 1/10] step 9500/11742 (2.0 it/s)
[Epoch 1/10] step 9550/11742 (2.0 it/s)
[Epoch 1/10] step 9600/11742 (2.0 it/s)
[Epoch 1/10] step 9650/11742 (2.0 it/s)
[Epoch 1/10] step 9700/11742 (2.0 it/s)
[Epoch 1/10] step 9750/11742 (2.0 it/s)
[Epoch 1/10] step 9800/11742 (2.0 it/s)
[Epoch 1/10] step 9850/11742 (2.0 it/s)
[Epoch 1/10] step 9900/11742 (2.0 it/s)
[Epoch 1/10] step 9950/11742 (2.0 it/s)
[Epoch 1/10] step 10000/11742 (2.0 it/s)
[Epoch 1/10] step 10050/11742 (2.0 it/s)
[Epoch 1/10] step 10100/11742 (2.0 it/s)
[Epoch 1/10] step 10150/11742 (2.0 it/s)
[Epoch 1/10] step 10200/11742 (2.0 it/s)
[Epoch 1/10] step 10250/11742 (2.0 it/s)
[Epoch 1/10] step 10300/11742 (2.0 it/s)
[Epoch 1/10] step 10350/11742 (2.0 it/s)
[Epoch 1/10] step 10400/11742 (2.0 it/s)
[Epoch 1/10] step 10450/11742 (2.0 it/s)
[Epoch 1/10] step 10500/11742 (2.0 it/s)
[Epoch 1/10] step 10550/11742 (2.0 it/s)
[Epoch 1/10] step 10600/11742 (2.0 it/s)
[Epoch 1/10] step 10650/11742 (2.0 it/s)
[Epoch 1/10] step 10700/11742 (2.0 it/s)
[Epoch 1/10] step 10750/11742 (2.0 it/s)
[Epoch 1/10] step 10800/11742 (2.0 it/s)
[Epoch 1/10] step 10850/11742 (2.0 it/s)
[Epoch 1/10] step 10900/11742 (2.0 it/s)
[Epoch 1/10] step 10950/11742 (2.0 it/s)
[Epoch 1/10] step 11000/11742 (2.0 it/s)
[Epoch 1/10] step 11050/11742 (2.0 it/s)
[Epoch 1/10] step 11100/11742 (2.0 it/s)
[Epoch 1/10] step 11150/11742 (2.0 it/s)
[Epoch 1/10] step 11200/11742 (2.0 it/s)
[Epoch 1/10] step 11250/11742 (2.0 it/s)
[Epoch 1/10] step 11300/11742 (2.0 it/s)
[Epoch 1/10] step 11350/11742 (2.0 it/s)
[Epoch 1/10] step 11400/11742 (2.0 it/s)
[Epoch 1/10] step 11450/11742 (2.0 it/s)
[Epoch 1/10] step 11500/11742 (2.0 it/s)
[Epoch 1/10] step 11550/11742 (2.0 it/s)
[Epoch 1/10] step 11600/11742 (2.0 it/s)
[Epoch 1/10] step 11650/11742 (2.0 it/s)
[Epoch 1/10] step 11700/11742 (2.0 it/s)
21:40:57 | INFO  | trainer_inf~| \n+-----------------------------+-----------------------+
|            Metric           |         Value         |
+-----------------------------+-----------------------+
|        [0;34;40mfit/cons_loss[0m        |  [0;32;40m0.028043434023857117[0m |
|         [0;34;40mfit/kl_loss[0m         |   [0;32;40m6.289274215698242[0m   |
|           [0;34;40mfit/loss[0m          |   [0;32;40m0.2797621488571167[0m  |
|        [0;34;40mfit/pred1_loss[0m       |  [0;32;40m0.03155559301376343[0m  |
|       [0;34;40mfit/sigreg1_loss[0m      |       [0;32;40m1.1328125[0m       |
|        [0;34;40mfit/skill_loss[0m       |   [0;32;40m0.5521959066390991[0m  |
|           [0;34;40mfit/w_kl[0m          |  [0;32;40m0.009999999776482582[0m |
|     [0;34;40mhardware/cpu_percent[0m    |          [0;32;40m23.5[0m         |
|   [0;34;40mhardware/disk_read_mb_s[0m   |   [0;32;40m85.17991638183594[0m   |
|   [0;34;40mhardware/disk_write_mb_s[0m  | [0;32;40m0.0003904362674802542[0m |
|    [0;34;40mhardware/net_recv_mb_s[0m   | [0;32;40m4.384782187116798e-06[0m |
|    [0;34;40mhardware/net_sent_mb_s[0m   |          [0;32;40m0.0[0m          |
|     [0;34;40mhardware/ram_used_gb[0m    |   [0;32;40m57.656070709228516[0m  |
|    [0;34;40mhardware/ram_used_pct[0m    |   [0;32;40m48.20000076293945[0m   |
|     [0;34;40mhparams/lr_model_opt[0m    | [0;32;40m0.0002735511225182563[0m |
|      [0;34;40mvalidate/cons_loss[0m     |  [0;32;40m0.027092766016721725[0m |
|   [0;34;40mvalidate/cons_loss_epoch[0m  |  [0;32;40m0.027092766016721725[0m |
|       [0;34;40mvalidate/kl_loss[0m      |   [0;32;40m6.309573650360107[0m   |
|    [0;34;40mvalidate/kl_loss_epoch[0m   |   [0;32;40m6.309573650360107[0m   |
|        [0;34;40mvalidate/loss[0m        |   [0;32;40m0.2978062927722931[0m  |
|     [0;34;40mvalidate/loss_epoch[0m     |   [0;32;40m0.2978062927722931[0m  |
|     [0;34;40mvalidate/pred1_loss[0m     |  [0;32;40m0.026784854009747505[0m |
|  [0;34;40mvalidate/pred1_loss_epoch[0m  |  [0;32;40m0.026784854009747505[0m |
|    [0;34;40mvalidate/sigreg1_loss[0m    |   [0;32;40m1.4400670528411865[0m  |
| [0;34;40mvalidate/sigreg1_loss_epoch[0m |   [0;32;40m1.4400670528411865[0m  |
|     [0;34;40mvalidate/skill_loss[0m     |   [0;32;40m0.5123205184936523[0m  |
|  [0;34;40mvalidate/skill_loss_epoch[0m  |   [0;32;40m0.5123205184936523[0m  |
|        [0;34;40mvalidate/w_kl[0m        |  [0;32;40m0.010000155307352543[0m |
|     [0;34;40mvalidate/w_kl_epoch[0m     |  [0;32;40m0.010000155307352543[0m |
+-----------------------------+-----------------------+
21:40:57 | INFO  | utils.py    | 📦📦📦 Model saved to /home/mattin/.stable_worldmodel/checkpoints/lehwm/weights_epoch_2.pt 📦📦📦
[Epoch 1/10] done in 6472.1s
21:40:57 | INFO  | checkpoint_~|   Checking for non PyTorch modules to save
21:40:57 | INFO  | atomic_chec~| [atomic_save] → /home/mattin/.cache/stable-pretraining/runs/20260929/173920/64c669b40e1d/checkpoints/epoch=1-step=23484.ckpt
21:40:57 | INFO  | atomic_chec~| [atomic_save] ✓ epoch=1-step=23484.ckpt saved (138.5 MiB, serialise=0.11s write=0.09s rename=0.0ms)
21:40:57 | INFO  | checkpoint_~|   Checking for non PyTorch modules to save
21:40:57 | INFO  | atomic_chec~| [atomic_save] → /home/mattin/.cache/stable-pretraining/runs/20260929/173920/64c669b40e1d/checkpoints/last.ckpt
21:40:58 | INFO  | atomic_chec~| [atomic_save] ✓ last.ckpt saved (138.5 MiB, serialise=0.11s write=0.15s rename=0.2ms)
[Epoch 2/10] step 50/11742 (1.9 it/s)
[Epoch 2/10] step 100/11742 (1.9 it/s)
[Epoch 2/10] step 150/11742 (2.0 it/s)
[Epoch 2/10] step 200/11742 (2.0 it/s)
[Epoch 2/10] step 250/11742 (2.0 it/s)
[Epoch 2/10] step 300/11742 (2.0 it/s)
[Epoch 2/10] step 350/11742 (2.0 it/s)
[Epoch 2/10] step 400/11742 (2.0 it/s)
[Epoch 2/10] step 450/11742 (2.0 it/s)
[Epoch 2/10] step 500/11742 (2.0 it/s)
[Epoch 2/10] step 550/11742 (2.0 it/s)
[Epoch 2/10] step 600/11742 (2.0 it/s)
[Epoch 2/10] step 650/11742 (2.0 it/s)
[Epoch 2/10] step 700/11742 (2.0 it/s)
[Epoch 2/10] step 750/11742 (2.0 it/s)
[Epoch 2/10] step 800/11742 (2.0 it/s)
[Epoch 2/10] step 850/11742 (2.0 it/s)
[Epoch 2/10] step 900/11742 (2.0 it/s)
[Epoch 2/10] step 950/11742 (2.0 it/s)
[Epoch 2/10] step 1000/11742 (2.0 it/s)
[Epoch 2/10] step 1050/11742 (2.0 it/s)
[Epoch 2/10] step 1100/11742 (2.0 it/s)
[Epoch 2/10] step 1150/11742 (2.0 it/s)
[Epoch 2/10] step 1200/11742 (2.0 it/s)
[Epoch 2/10] step 1250/11742 (2.0 it/s)
[Epoch 2/10] step 1300/11742 (2.0 it/s)
[Epoch 2/10] step 1350/11742 (2.0 it/s)
[Epoch 2/10] step 1400/11742 (2.0 it/s)
[Epoch 2/10] step 1450/11742 (2.0 it/s)
[Epoch 2/10] step 1500/11742 (2.0 it/s)
[Epoch 2/10] step 1550/11742 (2.0 it/s)
[Epoch 2/10] step 1600/11742 (2.0 it/s)
[Epoch 2/10] step 1650/11742 (2.0 it/s)
[Epoch 2/10] step 1700/11742 (2.0 it/s)
[Epoch 2/10] step 1750/11742 (2.0 it/s)
[Epoch 2/10] step 1800/11742 (2.0 it/s)
[Epoch 2/10] step 1850/11742 (2.0 it/s)
[Epoch 2/10] step 1900/11742 (2.0 it/s)
[Epoch 2/10] step 1950/11742 (2.0 it/s)
[Epoch 2/10] step 2000/11742 (2.0 it/s)
[Epoch 2/10] step 2050/11742 (2.0 it/s)
[Epoch 2/10] step 2100/11742 (2.0 it/s)
[Epoch 2/10] step 2150/11742 (2.0 it/s)
[Epoch 2/10] step 2200/11742 (2.0 it/s)
[Epoch 2/10] step 2250/11742 (2.0 it/s)
[Epoch 2/10] step 2300/11742 (2.0 it/s)
[Epoch 2/10] step 2350/11742 (2.0 it/s)
[Epoch 2/10] step 2400/11742 (2.0 it/s)
[Epoch 2/10] step 2450/11742 (2.0 it/s)
[Epoch 2/10] step 2500/11742 (2.0 it/s)
[Epoch 2/10] step 2550/11742 (2.0 it/s)
[Epoch 2/10] step 2600/11742 (2.0 it/s)
[Epoch 2/10] step 2650/11742 (2.0 it/s)
[Epoch 2/10] step 2700/11742 (2.0 it/s)
[Epoch 2/10] step 2750/11742 (2.0 it/s)
[Epoch 2/10] step 2800/11742 (2.0 it/s)
[Epoch 2/10] step 2850/11742 (2.0 it/s)
[Epoch 2/10] step 2900/11742 (2.0 it/s)
[Epoch 2/10] step 2950/11742 (2.0 it/s)
[Epoch 2/10] step 3000/11742 (2.0 it/s)
[Epoch 2/10] step 3050/11742 (2.0 it/s)
[Epoch 2/10] step 3100/11742 (2.0 it/s)
[Epoch 2/10] step 3150/11742 (2.0 it/s)
[Epoch 2/10] step 3200/11742 (2.0 it/s)
[Epoch 2/10] step 3250/11742 (2.0 it/s)
[Epoch 2/10] step 3300/11742 (2.0 it/s)
[Epoch 2/10] step 3350/11742 (2.0 it/s)
[Epoch 2/10] step 3400/11742 (2.0 it/s)
[Epoch 2/10] step 3450/11742 (2.0 it/s)
[Epoch 2/10] step 3500/11742 (2.0 it/s)
[Epoch 2/10] step 3550/11742 (2.0 it/s)
[Epoch 2/10] step 3600/11742 (2.0 it/s)
[Epoch 2/10] step 3650/11742 (2.0 it/s)
[Epoch 2/10] step 3700/11742 (2.0 it/s)
[Epoch 2/10] step 3750/11742 (2.0 it/s)
[Epoch 2/10] step 3800/11742 (2.0 it/s)
[Epoch 2/10] step 3850/11742 (2.0 it/s)
[Epoch 2/10] step 3900/11742 (2.0 it/s)
[Epoch 2/10] step 3950/11742 (2.0 it/s)
[Epoch 2/10] step 4000/11742 (2.0 it/s)
[Epoch 2/10] step 4050/11742 (2.0 it/s)
[Epoch 2/10] step 4100/11742 (2.0 it/s)
[Epoch 2/10] step 4150/11742 (2.0 it/s)
[Epoch 2/10] step 4200/11742 (2.0 it/s)
[Epoch 2/10] step 4250/11742 (2.0 it/s)
[Epoch 2/10] step 4300/11742 (2.0 it/s)
[Epoch 2/10] step 4350/11742 (2.0 it/s)
[Epoch 2/10] step 4400/11742 (2.0 it/s)
[Epoch 2/10] step 4450/11742 (2.0 it/s)
[Epoch 2/10] step 4500/11742 (2.0 it/s)
[Epoch 2/10] step 4550/11742 (2.0 it/s)
[Epoch 2/10] step 4600/11742 (2.0 it/s)
[Epoch 2/10] step 4650/11742 (2.0 it/s)
[Epoch 2/10] step 4700/11742 (2.0 it/s)
[Epoch 2/10] step 4750/11742 (2.0 it/s)
[Epoch 2/10] step 4800/11742 (2.0 it/s)
[Epoch 2/10] step 4850/11742 (2.0 it/s)
[Epoch 2/10] step 4900/11742 (2.0 it/s)
[Epoch 2/10] step 4950/11742 (2.0 it/s)
[Epoch 2/10] step 5000/11742 (2.0 it/s)
[Epoch 2/10] step 5050/11742 (2.0 it/s)
[Epoch 2/10] step 5100/11742 (2.0 it/s)
[Epoch 2/10] step 5150/11742 (2.0 it/s)
[Epoch 2/10] step 5200/11742 (2.0 it/s)
[Epoch 2/10] step 5250/11742 (2.0 it/s)
[Epoch 2/10] step 5300/11742 (2.0 it/s)
[Epoch 2/10] step 5350/11742 (2.0 it/s)
[Epoch 2/10] step 5400/11742 (2.0 it/s)
[Epoch 2/10] step 5450/11742 (2.0 it/s)
[Epoch 2/10] step 5500/11742 (2.0 it/s)
[Epoch 2/10] step 5550/11742 (2.0 it/s)
[Epoch 2/10] step 5600/11742 (2.0 it/s)
[Epoch 2/10] step 5650/11742 (2.0 it/s)
[Epoch 2/10] step 5700/11742 (2.0 it/s)
[Epoch 2/10] step 5750/11742 (2.0 it/s)
[Epoch 2/10] step 5800/11742 (2.0 it/s)
[Epoch 2/10] step 5850/11742 (2.0 it/s)
[Epoch 2/10] step 5900/11742 (2.0 it/s)
[Epoch 2/10] step 5950/11742 (2.0 it/s)
[Epoch 2/10] step 6000/11742 (2.0 it/s)
[Epoch 2/10] step 6050/11742 (2.0 it/s)
[Epoch 2/10] step 6100/11742 (2.0 it/s)
[Epoch 2/10] step 6150/11742 (2.0 it/s)
[Epoch 2/10] step 6200/11742 (2.0 it/s)
[Epoch 2/10] step 6250/11742 (2.0 it/s)
[Epoch 2/10] step 6300/11742 (2.0 it/s)
[Epoch 2/10] step 6350/11742 (2.0 it/s)
[Epoch 2/10] step 6400/11742 (2.0 it/s)
[Epoch 2/10] step 6450/11742 (2.0 it/s)
[Epoch 2/10] step 6500/11742 (2.0 it/s)
[Epoch 2/10] step 6550/11742 (2.0 it/s)
[Epoch 2/10] step 6600/11742 (2.0 it/s)
[Epoch 2/10] step 6650/11742 (2.0 it/s)
[Epoch 2/10] step 6700/11742 (2.0 it/s)
[Epoch 2/10] step 6750/11742 (2.0 it/s)
[Epoch 2/10] step 6800/11742 (2.0 it/s)
[Epoch 2/10] step 6850/11742 (2.0 it/s)
[Epoch 2/10] step 6900/11742 (2.0 it/s)
[Epoch 2/10] step 6950/11742 (2.0 it/s)
[Epoch 2/10] step 7000/11742 (2.0 it/s)
[Epoch 2/10] step 7050/11742 (2.0 it/s)
[Epoch 2/10] step 7100/11742 (2.0 it/s)
[Epoch 2/10] step 7150/11742 (2.0 it/s)
[Epoch 2/10] step 7200/11742 (2.0 it/s)
[Epoch 2/10] step 7250/11742 (2.0 it/s)
[Epoch 2/10] step 7300/11742 (2.0 it/s)
[Epoch 2/10] step 7350/11742 (2.0 it/s)
[Epoch 2/10] step 7400/11742 (2.0 it/s)
[Epoch 2/10] step 7450/11742 (2.0 it/s)
[Epoch 2/10] step 7500/11742 (2.0 it/s)
[Epoch 2/10] step 7550/11742 (2.0 it/s)
[Epoch 2/10] step 7600/11742 (2.0 it/s)
[Epoch 2/10] step 7650/11742 (2.0 it/s)
[Epoch 2/10] step 7700/11742 (2.0 it/s)
[Epoch 2/10] step 7750/11742 (2.0 it/s)
[Epoch 2/10] step 7800/11742 (2.0 it/s)
[Epoch 2/10] step 7850/11742 (2.0 it/s)
[Epoch 2/10] step 7900/11742 (2.0 it/s)
[Epoch 2/10] step 7950/11742 (2.0 it/s)
[Epoch 2/10] step 8000/11742 (2.0 it/s)
[Epoch 2/10] step 8050/11742 (2.0 it/s)
[Epoch 2/10] step 8100/11742 (2.0 it/s)
[Epoch 2/10] step 8150/11742 (2.0 it/s)
[Epoch 2/10] step 8200/11742 (2.0 it/s)
[Epoch 2/10] step 8250/11742 (2.0 it/s)
[Epoch 2/10] step 8300/11742 (2.0 it/s)
[Epoch 2/10] step 8350/11742 (2.0 it/s)
[Epoch 2/10] step 8400/11742 (2.0 it/s)
[Epoch 2/10] step 8450/11742 (2.0 it/s)
[Epoch 2/10] step 8500/11742 (2.0 it/s)
[Epoch 2/10] step 8550/11742 (2.0 it/s)
[Epoch 2/10] step 8600/11742 (2.0 it/s)
[Epoch 2/10] step 8650/11742 (2.0 it/s)
[Epoch 2/10] step 8700/11742 (2.0 it/s)
[Epoch 2/10] step 8750/11742 (2.0 it/s)
[Epoch 2/10] step 8800/11742 (2.0 it/s)
[Epoch 2/10] step 8850/11742 (2.0 it/s)
[Epoch 2/10] step 8900/11742 (2.0 it/s)
[Epoch 2/10] step 8950/11742 (2.0 it/s)
[Epoch 2/10] step 9000/11742 (2.0 it/s)
[Epoch 2/10] step 9050/11742 (2.0 it/s)
[Epoch 2/10] step 9100/11742 (2.0 it/s)
[Epoch 2/10] step 9150/11742 (2.0 it/s)
[Epoch 2/10] step 9200/11742 (2.0 it/s)
[Epoch 2/10] step 9250/11742 (2.0 it/s)
[Epoch 2/10] step 9300/11742 (2.0 it/s)
[Epoch 2/10] step 9350/11742 (2.0 it/s)
[Epoch 2/10] step 9400/11742 (2.0 it/s)
[Epoch 2/10] step 9450/11742 (2.0 it/s)
[Epoch 2/10] step 9500/11742 (2.0 it/s)
[Epoch 2/10] step 9550/11742 (2.0 it/s)
[Epoch 2/10] step 9600/11742 (2.0 it/s)
[Epoch 2/10] step 9650/11742 (2.0 it/s)
[Epoch 2/10] step 9700/11742 (2.0 it/s)
[Epoch 2/10] step 9750/11742 (2.0 it/s)
[Epoch 2/10] step 9800/11742 (2.0 it/s)
[Epoch 2/10] step 9850/11742 (2.0 it/s)
[Epoch 2/10] step 9900/11742 (2.0 it/s)
[Epoch 2/10] step 9950/11742 (2.0 it/s)
[Epoch 2/10] step 10000/11742 (2.0 it/s)
[Epoch 2/10] step 10050/11742 (2.0 it/s)
[Epoch 2/10] step 10100/11742 (2.0 it/s)
[Epoch 2/10] step 10150/11742 (2.0 it/s)
[Epoch 2/10] step 10200/11742 (2.0 it/s)
[Epoch 2/10] step 10250/11742 (2.0 it/s)
[Epoch 2/10] step 10300/11742 (2.0 it/s)
[Epoch 2/10] step 10350/11742 (2.0 it/s)
[Epoch 2/10] step 10400/11742 (2.0 it/s)
[Epoch 2/10] step 10450/11742 (2.0 it/s)
[Epoch 2/10] step 10500/11742 (2.0 it/s)
[Epoch 2/10] step 10550/11742 (2.0 it/s)
[Epoch 2/10] step 10600/11742 (2.0 it/s)
[Epoch 2/10] step 10650/11742 (2.0 it/s)
[Epoch 2/10] step 10700/11742 (2.0 it/s)
[Epoch 2/10] step 10750/11742 (2.0 it/s)
[Epoch 2/10] step 10800/11742 (2.0 it/s)
[Epoch 2/10] step 10850/11742 (2.0 it/s)
[Epoch 2/10] step 10900/11742 (2.0 it/s)
[Epoch 2/10] step 10950/11742 (2.0 it/s)
[Epoch 2/10] step 11000/11742 (2.0 it/s)
[Epoch 2/10] step 11050/11742 (2.0 it/s)
[Epoch 2/10] step 11100/11742 (2.0 it/s)
[Epoch 2/10] step 11150/11742 (2.0 it/s)
[Epoch 2/10] step 11200/11742 (2.0 it/s)
[Epoch 2/10] step 11250/11742 (2.0 it/s)
[Epoch 2/10] step 11300/11742 (2.0 it/s)
[Epoch 2/10] step 11350/11742 (2.0 it/s)
[Epoch 2/10] step 11400/11742 (2.0 it/s)
[Epoch 2/10] step 11450/11742 (2.0 it/s)
[Epoch 2/10] step 11500/11742 (2.0 it/s)
[Epoch 2/10] step 11550/11742 (2.0 it/s)
[Epoch 2/10] step 11600/11742 (2.0 it/s)
[Epoch 2/10] step 11650/11742 (2.0 it/s)
[Epoch 2/10] step 11700/11742 (2.0 it/s)
23:28:40 | INFO  | trainer_inf~| \n+-----------------------------+------------------------+
|            Metric           |         Value          |
+-----------------------------+------------------------+
|        [0;34;40mfit/cons_loss[0m        |   [0;32;40m0.028884157538414[0m    |
|         [0;34;40mfit/kl_loss[0m         |   [0;32;40m6.051485538482666[0m    |
|           [0;34;40mfit/loss[0m          |   [0;32;40m0.2663547694683075[0m   |
|        [0;34;40mfit/pred1_loss[0m       |  [0;32;40m0.036005932837724686[0m  |
|       [0;34;40mfit/sigreg1_loss[0m      |       [0;32;40m1.0390625[0m        |
|        [0;34;40mfit/skill_loss[0m       |   [0;32;40m0.4719982445240021[0m   |
|           [0;34;40mfit/w_kl[0m          |  [0;32;40m0.009999999776482582[0m  |
|     [0;34;40mhardware/cpu_percent[0m    |   [0;32;40m28.899999618530273[0m   |
|   [0;34;40mhardware/disk_read_mb_s[0m   |   [0;32;40m109.96664428710938[0m   |
|   [0;34;40mhardware/disk_write_mb_s[0m  | [0;32;40m0.0039050793275237083[0m  |
|    [0;34;40mhardware/net_recv_mb_s[0m   |          [0;32;40m0.0[0m           |
|    [0;34;40mhardware/net_sent_mb_s[0m   |          [0;32;40m0.0[0m           |
|     [0;34;40mhardware/ram_used_gb[0m    |   [0;32;40m58.71205520629883[0m    |
|    [0;34;40mhardware/ram_used_pct[0m    |   [0;32;40m49.099998474121094[0m   |
|     [0;34;40mhparams/lr_model_opt[0m    | [0;32;40m0.00024084099277388304[0m |
|      [0;34;40mvalidate/cons_loss[0m     |  [0;32;40m0.024845311418175697[0m  |
|   [0;34;40mvalidate/cons_loss_epoch[0m  |  [0;32;40m0.024845311418175697[0m  |
|       [0;34;40mvalidate/kl_loss[0m      |   [0;32;40m6.306821346282959[0m    |
|    [0;34;40mvalidate/kl_loss_epoch[0m   |   [0;32;40m6.306821346282959[0m    |
|        [0;34;40mvalidate/loss[0m        |  [0;32;40m0.28773489594459534[0m   |
|     [0;34;40mvalidate/loss_epoch[0m     |  [0;32;40m0.28773489594459534[0m   |
|     [0;34;40mvalidate/pred1_loss[0m     |  [0;32;40m0.02444515749812126[0m   |
|  [0;34;40mvalidate/pred1_loss_epoch[0m  |  [0;32;40m0.02444515749812126[0m   |
|    [0;34;40mvalidate/sigreg1_loss[0m    |   [0;32;40m1.3947290182113647[0m   |
| [0;34;40mvalidate/sigreg1_loss_epoch[0m |   [0;32;40m1.3947290182113647[0m   |
|     [0;34;40mvalidate/skill_loss[0m     |  [0;32;40m0.49852633476257324[0m   |
|  [0;34;40mvalidate/skill_loss_epoch[0m  |  [0;32;40m0.49852633476257324[0m   |
|        [0;34;40mvalidate/w_kl[0m        |  [0;32;40m0.010000155307352543[0m  |
|     [0;34;40mvalidate/w_kl_epoch[0m     |  [0;32;40m0.010000155307352543[0m  |
+-----------------------------+------------------------+
23:28:40 | INFO  | utils.py    | 📦📦📦 Model saved to /home/mattin/.stable_worldmodel/checkpoints/lehwm/weights_epoch_3.pt 📦📦📦
[Epoch 2/10] done in 6462.3s
23:28:40 | INFO  | checkpoint_~|   Checking for non PyTorch modules to save
23:28:40 | INFO  | atomic_chec~| [atomic_save] → /home/mattin/.cache/stable-pretraining/runs/20260929/173920/64c669b40e1d/checkpoints/epoch=2-step=35226.ckpt
23:28:40 | INFO  | atomic_chec~| [atomic_save] ✓ epoch=2-step=35226.ckpt saved (138.5 MiB, serialise=0.10s write=0.16s rename=0.0ms)
23:28:40 | INFO  | checkpoint_~|   Checking for non PyTorch modules to save
23:28:40 | INFO  | atomic_chec~| [atomic_save] → /home/mattin/.cache/stable-pretraining/runs/20260929/173920/64c669b40e1d/checkpoints/last.ckpt
23:28:40 | INFO  | atomic_chec~| [atomic_save] ✓ last.ckpt saved (138.5 MiB, serialise=0.11s write=0.12s rename=0.2ms)
[Epoch 3/10] step 50/11742 (1.9 it/s)
[Epoch 3/10] step 100/11742 (2.0 it/s)
[Epoch 3/10] step 150/11742 (2.0 it/s)
[Epoch 3/10] step 200/11742 (2.0 it/s)
[Epoch 3/10] step 250/11742 (2.0 it/s)
[Epoch 3/10] step 300/11742 (2.0 it/s)
[Epoch 3/10] step 350/11742 (2.0 it/s)
[Epoch 3/10] step 400/11742 (2.0 it/s)
[Epoch 3/10] step 450/11742 (2.0 it/s)
[Epoch 3/10] step 500/11742 (2.0 it/s)
[Epoch 3/10] step 550/11742 (2.0 it/s)
[Epoch 3/10] step 600/11742 (2.0 it/s)
[Epoch 3/10] step 650/11742 (2.0 it/s)
[Epoch 3/10] step 700/11742 (2.0 it/s)
[Epoch 3/10] step 750/11742 (2.0 it/s)
[Epoch 3/10] step 800/11742 (2.0 it/s)
[Epoch 3/10] step 850/11742 (2.0 it/s)
[Epoch 3/10] step 900/11742 (2.0 it/s)
[Epoch 3/10] step 950/11742 (2.0 it/s)
[Epoch 3/10] step 1000/11742 (2.0 it/s)
[Epoch 3/10] step 1050/11742 (2.0 it/s)
[Epoch 3/10] step 1100/11742 (2.0 it/s)
[Epoch 3/10] step 1150/11742 (2.0 it/s)
[Epoch 3/10] step 1200/11742 (2.0 it/s)
[Epoch 3/10] step 1250/11742 (2.0 it/s)
[Epoch 3/10] step 1300/11742 (2.0 it/s)
[Epoch 3/10] step 1350/11742 (2.0 it/s)
[Epoch 3/10] step 1400/11742 (2.0 it/s)
[Epoch 3/10] step 1450/11742 (2.0 it/s)
[Epoch 3/10] step 1500/11742 (2.0 it/s)
[Epoch 3/10] step 1550/11742 (2.0 it/s)
[Epoch 3/10] step 1600/11742 (2.0 it/s)
[Epoch 3/10] step 1650/11742 (2.0 it/s)
[Epoch 3/10] step 1700/11742 (2.0 it/s)
[Epoch 3/10] step 1750/11742 (2.0 it/s)
[Epoch 3/10] step 1800/11742 (2.0 it/s)
[Epoch 3/10] step 1850/11742 (2.0 it/s)
[Epoch 3/10] step 1900/11742 (2.0 it/s)
[Epoch 3/10] step 1950/11742 (2.0 it/s)
[Epoch 3/10] step 2000/11742 (2.0 it/s)
[Epoch 3/10] step 2050/11742 (2.0 it/s)
[Epoch 3/10] step 2100/11742 (2.0 it/s)
[Epoch 3/10] step 2150/11742 (2.0 it/s)
[Epoch 3/10] step 2200/11742 (2.0 it/s)
[Epoch 3/10] step 2250/11742 (2.0 it/s)
[Epoch 3/10] step 2300/11742 (2.0 it/s)
[Epoch 3/10] step 2350/11742 (2.0 it/s)
[Epoch 3/10] step 2400/11742 (2.0 it/s)
[Epoch 3/10] step 2450/11742 (2.0 it/s)
[Epoch 3/10] step 2500/11742 (2.0 it/s)
[Epoch 3/10] step 2550/11742 (2.0 it/s)
[Epoch 3/10] step 2600/11742 (2.0 it/s)
[Epoch 3/10] step 2650/11742 (2.0 it/s)
[Epoch 3/10] step 2700/11742 (2.0 it/s)
[Epoch 3/10] step 2750/11742 (2.0 it/s)
[Epoch 3/10] step 2800/11742 (2.0 it/s)
[Epoch 3/10] step 2850/11742 (2.0 it/s)
[Epoch 3/10] step 2900/11742 (2.0 it/s)
[Epoch 3/10] step 2950/11742 (2.0 it/s)
[Epoch 3/10] step 3000/11742 (2.0 it/s)
[Epoch 3/10] step 3050/11742 (2.0 it/s)
[Epoch 3/10] step 3100/11742 (2.0 it/s)
[Epoch 3/10] step 3150/11742 (2.0 it/s)
[Epoch 3/10] step 3200/11742 (2.0 it/s)
[Epoch 3/10] step 3250/11742 (2.0 it/s)
[Epoch 3/10] step 3300/11742 (2.0 it/s)
[Epoch 3/10] step 3350/11742 (2.0 it/s)
[Epoch 3/10] step 3400/11742 (2.0 it/s)
[Epoch 3/10] step 3450/11742 (2.0 it/s)
[Epoch 3/10] step 3500/11742 (2.0 it/s)
[Epoch 3/10] step 3550/11742 (2.0 it/s)
[Epoch 3/10] step 3600/11742 (2.0 it/s)
[Epoch 3/10] step 3650/11742 (2.0 it/s)
[Epoch 3/10] step 3700/11742 (2.0 it/s)
[Epoch 3/10] step 3750/11742 (2.0 it/s)
[Epoch 3/10] step 3800/11742 (2.0 it/s)
[Epoch 3/10] step 3850/11742 (2.0 it/s)
[Epoch 3/10] step 3900/11742 (2.0 it/s)
[Epoch 3/10] step 3950/11742 (2.0 it/s)
[Epoch 3/10] step 4000/11742 (2.0 it/s)
[Epoch 3/10] step 4050/11742 (2.0 it/s)
[Epoch 3/10] step 4100/11742 (2.0 it/s)
[Epoch 3/10] step 4150/11742 (2.0 it/s)
[Epoch 3/10] step 4200/11742 (2.0 it/s)
[Epoch 3/10] step 4250/11742 (2.0 it/s)
[Epoch 3/10] step 4300/11742 (2.0 it/s)
[Epoch 3/10] step 4350/11742 (2.0 it/s)
[Epoch 3/10] step 4400/11742 (2.0 it/s)
[Epoch 3/10] step 4450/11742 (2.0 it/s)
[Epoch 3/10] step 4500/11742 (2.0 it/s)
[Epoch 3/10] step 4550/11742 (2.0 it/s)
[Epoch 3/10] step 4600/11742 (2.0 it/s)
[Epoch 3/10] step 4650/11742 (2.0 it/s)
[Epoch 3/10] step 4700/11742 (2.0 it/s)
[Epoch 3/10] step 4750/11742 (2.0 it/s)
[Epoch 3/10] step 4800/11742 (2.0 it/s)
[Epoch 3/10] step 4850/11742 (2.0 it/s)
[Epoch 3/10] step 4900/11742 (2.0 it/s)
[Epoch 3/10] step 4950/11742 (2.0 it/s)
[Epoch 3/10] step 5000/11742 (2.0 it/s)
[Epoch 3/10] step 5050/11742 (2.0 it/s)
[Epoch 3/10] step 5100/11742 (2.0 it/s)
[Epoch 3/10] step 5150/11742 (2.0 it/s)
[Epoch 3/10] step 5200/11742 (2.0 it/s)
[Epoch 3/10] step 5250/11742 (2.0 it/s)
[Epoch 3/10] step 5300/11742 (2.0 it/s)
[Epoch 3/10] step 5350/11742 (2.0 it/s)
[Epoch 3/10] step 5400/11742 (2.0 it/s)
[Epoch 3/10] step 5450/11742 (2.0 it/s)
[Epoch 3/10] step 5500/11742 (2.0 it/s)
[Epoch 3/10] step 5550/11742 (2.0 it/s)
[Epoch 3/10] step 5600/11742 (2.0 it/s)
[Epoch 3/10] step 5650/11742 (2.0 it/s)
[Epoch 3/10] step 5700/11742 (2.0 it/s)
[Epoch 3/10] step 5750/11742 (2.0 it/s)
[Epoch 3/10] step 5800/11742 (2.0 it/s)
[Epoch 3/10] step 5850/11742 (2.0 it/s)
[Epoch 3/10] step 5900/11742 (2.0 it/s)
[Epoch 3/10] step 5950/11742 (2.0 it/s)
[Epoch 3/10] step 6000/11742 (2.0 it/s)
[Epoch 3/10] step 6050/11742 (2.0 it/s)
[Epoch 3/10] step 6100/11742 (2.0 it/s)
[Epoch 3/10] step 6150/11742 (2.0 it/s)
[Epoch 3/10] step 6200/11742 (2.0 it/s)
[Epoch 3/10] step 6250/11742 (2.0 it/s)
[Epoch 3/10] step 6300/11742 (2.0 it/s)
[Epoch 3/10] step 6350/11742 (2.0 it/s)
[Epoch 3/10] step 6400/11742 (2.0 it/s)
[Epoch 3/10] step 6450/11742 (2.0 it/s)
[Epoch 3/10] step 6500/11742 (2.0 it/s)
[Epoch 3/10] step 6550/11742 (2.0 it/s)
[Epoch 3/10] step 6600/11742 (2.0 it/s)
[Epoch 3/10] step 6650/11742 (2.0 it/s)
[Epoch 3/10] step 6700/11742 (2.0 it/s)
[Epoch 3/10] step 6750/11742 (2.0 it/s)
[Epoch 3/10] step 6800/11742 (2.0 it/s)
[Epoch 3/10] step 6850/11742 (2.0 it/s)
[Epoch 3/10] step 6900/11742 (2.0 it/s)
[Epoch 3/10] step 6950/11742 (2.0 it/s)
[Epoch 3/10] step 7000/11742 (2.0 it/s)
[Epoch 3/10] step 7050/11742 (2.0 it/s)
[Epoch 3/10] step 7100/11742 (2.0 it/s)
[Epoch 3/10] step 7150/11742 (2.0 it/s)
[Epoch 3/10] step 7200/11742 (2.0 it/s)
[Epoch 3/10] step 7250/11742 (2.0 it/s)
[Epoch 3/10] step 7300/11742 (2.0 it/s)
[Epoch 3/10] step 7350/11742 (2.0 it/s)
[Epoch 3/10] step 7400/11742 (2.0 it/s)
[Epoch 3/10] step 7450/11742 (2.0 it/s)
[Epoch 3/10] step 7500/11742 (2.0 it/s)
[Epoch 3/10] step 7550/11742 (2.0 it/s)
[Epoch 3/10] step 7600/11742 (2.0 it/s)
[Epoch 3/10] step 7650/11742 (2.0 it/s)
[Epoch 3/10] step 7700/11742 (2.0 it/s)
[Epoch 3/10] step 7750/11742 (2.0 it/s)
[Epoch 3/10] step 7800/11742 (2.0 it/s)
[Epoch 3/10] step 7850/11742 (2.0 it/s)
[Epoch 3/10] step 7900/11742 (2.0 it/s)
[Epoch 3/10] step 7950/11742 (2.0 it/s)
[Epoch 3/10] step 8000/11742 (2.0 it/s)
[Epoch 3/10] step 8050/11742 (2.0 it/s)
[Epoch 3/10] step 8100/11742 (2.0 it/s)
[Epoch 3/10] step 8150/11742 (2.0 it/s)
[Epoch 3/10] step 8200/11742 (2.0 it/s)
[Epoch 3/10] step 8250/11742 (2.0 it/s)
[Epoch 3/10] step 8300/11742 (2.0 it/s)
[Epoch 3/10] step 8350/11742 (2.0 it/s)
[Epoch 3/10] step 8400/11742 (2.0 it/s)
[Epoch 3/10] step 8450/11742 (2.0 it/s)
[Epoch 3/10] step 8500/11742 (2.0 it/s)
[Epoch 3/10] step 8550/11742 (2.0 it/s)
[Epoch 3/10] step 8600/11742 (2.0 it/s)
[Epoch 3/10] step 8650/11742 (2.0 it/s)
[Epoch 3/10] step 8700/11742 (2.0 it/s)
[Epoch 3/10] step 8750/11742 (2.0 it/s)
[Epoch 3/10] step 8800/11742 (2.0 it/s)
[Epoch 3/10] step 8850/11742 (2.0 it/s)
[Epoch 3/10] step 8900/11742 (2.0 it/s)
[Epoch 3/10] step 8950/11742 (2.0 it/s)
[Epoch 3/10] step 9000/11742 (2.0 it/s)
[Epoch 3/10] step 9050/11742 (2.0 it/s)
[Epoch 3/10] step 9100/11742 (2.0 it/s)
[Epoch 3/10] step 9150/11742 (2.0 it/s)
[Epoch 3/10] step 9200/11742 (2.0 it/s)
[Epoch 3/10] step 9250/11742 (2.0 it/s)
[Epoch 3/10] step 9300/11742 (2.0 it/s)
[Epoch 3/10] step 9350/11742 (2.0 it/s)
[Epoch 3/10] step 9400/11742 (2.0 it/s)
[Epoch 3/10] step 9450/11742 (2.0 it/s)
[Epoch 3/10] step 9500/11742 (2.0 it/s)
[Epoch 3/10] step 9550/11742 (2.0 it/s)
[Epoch 3/10] step 9600/11742 (2.0 it/s)
[Epoch 3/10] step 9650/11742 (2.0 it/s)
[Epoch 3/10] step 9700/11742 (2.0 it/s)
[Epoch 3/10] step 9750/11742 (2.0 it/s)
[Epoch 3/10] step 9800/11742 (2.0 it/s)
[Epoch 3/10] step 9850/11742 (2.0 it/s)
[Epoch 3/10] step 9900/11742 (2.0 it/s)
[Epoch 3/10] step 9950/11742 (2.0 it/s)
[Epoch 3/10] step 10000/11742 (2.0 it/s)
[Epoch 3/10] step 10050/11742 (2.0 it/s)
[Epoch 3/10] step 10100/11742 (2.0 it/s)
[Epoch 3/10] step 10150/11742 (2.0 it/s)
[Epoch 3/10] step 10200/11742 (2.0 it/s)
[Epoch 3/10] step 10250/11742 (2.0 it/s)
[Epoch 3/10] step 10300/11742 (2.0 it/s)
[Epoch 3/10] step 10350/11742 (2.0 it/s)
[Epoch 3/10] step 10400/11742 (2.0 it/s)
[Epoch 3/10] step 10450/11742 (2.0 it/s)
[Epoch 3/10] step 10500/11742 (2.0 it/s)
[Epoch 3/10] step 10550/11742 (2.0 it/s)
[Epoch 3/10] step 10600/11742 (2.0 it/s)
[Epoch 3/10] step 10650/11742 (2.0 it/s)
[Epoch 3/10] step 10700/11742 (2.0 it/s)
[Epoch 3/10] step 10750/11742 (2.0 it/s)
[Epoch 3/10] step 10800/11742 (2.0 it/s)
[Epoch 3/10] step 10850/11742 (2.0 it/s)
[Epoch 3/10] step 10900/11742 (2.0 it/s)
[Epoch 3/10] step 10950/11742 (2.0 it/s)
[Epoch 3/10] step 11000/11742 (2.0 it/s)
[Epoch 3/10] step 11050/11742 (2.0 it/s)
[Epoch 3/10] step 11100/11742 (2.0 it/s)
[Epoch 3/10] step 11150/11742 (2.0 it/s)
[Epoch 3/10] step 11200/11742 (2.0 it/s)
[Epoch 3/10] step 11250/11742 (2.0 it/s)
[Epoch 3/10] step 11300/11742 (2.0 it/s)
[Epoch 3/10] step 11350/11742 (2.0 it/s)
[Epoch 3/10] step 11400/11742 (2.0 it/s)
[Epoch 3/10] step 11450/11742 (2.0 it/s)
[Epoch 3/10] step 11500/11742 (2.0 it/s)
[Epoch 3/10] step 11550/11742 (2.0 it/s)
[Epoch 3/10] step 11600/11742 (2.0 it/s)
[Epoch 3/10] step 11650/11742 (2.0 it/s)
[Epoch 3/10] step 11700/11742 (2.0 it/s)
01:15:52 | INFO  | trainer_inf~| \n+-----------------------------+-----------------------+
|            Metric           |         Value         |
+-----------------------------+-----------------------+
|        [0;34;40mfit/cons_loss[0m        |  [0;32;40m0.025365497916936874[0m |
|         [0;34;40mfit/kl_loss[0m         |   [0;32;40m6.341525077819824[0m   |
|           [0;34;40mfit/loss[0m          |   [0;32;40m0.2708778977394104[0m  |
|        [0;34;40mfit/pred1_loss[0m       |  [0;32;40m0.033446136862039566[0m |
|       [0;34;40mfit/sigreg1_loss[0m      |       [0;32;40m1.0390625[0m       |
|        [0;34;40mfit/skill_loss[0m       |   [0;32;40m0.5490099191665649[0m  |
|           [0;34;40mfit/w_kl[0m          |  [0;32;40m0.009999999776482582[0m |
|     [0;34;40mhardware/cpu_percent[0m    |   [0;32;40m38.79999923706055[0m   |
|   [0;34;40mhardware/disk_read_mb_s[0m   |   [0;32;40m176.40159606933594[0m  |
|   [0;34;40mhardware/disk_write_mb_s[0m  |  [0;32;40m0.19583329558372498[0m  |
|    [0;34;40mhardware/net_recv_mb_s[0m   | [0;32;40m0.0002940604754257947[0m |
|    [0;34;40mhardware/net_sent_mb_s[0m   | [0;32;40m0.0001201425475301221[0m |
|     [0;34;40mhardware/ram_used_gb[0m    |   [0;32;40m57.73943328857422[0m   |
|    [0;34;40mhardware/ram_used_pct[0m    |   [0;32;40m48.29999923706055[0m   |
|     [0;34;40mhparams/lr_model_opt[0m    | [0;32;40m0.0001990597229450941[0m |
|      [0;34;40mvalidate/cons_loss[0m     |  [0;32;40m0.023606272414326668[0m |
|   [0;34;40mvalidate/cons_loss_epoch[0m  |  [0;32;40m0.023606272414326668[0m |
|       [0;34;40mvalidate/kl_loss[0m      |   [0;32;40m6.154632091522217[0m   |
|    [0;34;40mvalidate/kl_loss_epoch[0m   |   [0;32;40m6.154632091522217[0m   |
|        [0;34;40mvalidate/loss[0m        |   [0;32;40m0.282652884721756[0m   |
|     [0;34;40mvalidate/loss_epoch[0m     |   [0;32;40m0.282652884721756[0m   |
|     [0;34;40mvalidate/pred1_loss[0m     |  [0;32;40m0.02287045307457447[0m  |
|  [0;34;40mvalidate/pred1_loss_epoch[0m  |  [0;32;40m0.02287045307457447[0m  |
|    [0;34;40mvalidate/sigreg1_loss[0m    |   [0;32;40m1.3946971893310547[0m  |
| [0;34;40mvalidate/sigreg1_loss_epoch[0m |   [0;32;40m1.3946971893310547[0m  |
|     [0;34;40mvalidate/skill_loss[0m     |   [0;32;40m0.491108238697052[0m   |
|  [0;34;40mvalidate/skill_loss_epoch[0m  |   [0;32;40m0.491108238697052[0m   |
|        [0;34;40mvalidate/w_kl[0m        |  [0;32;40m0.010000155307352543[0m |
|     [0;34;40mvalidate/w_kl_epoch[0m     |  [0;32;40m0.010000155307352543[0m |
+-----------------------------+-----------------------+
01:15:53 | INFO  | utils.py    | 📦📦📦 Model saved to /home/mattin/.stable_worldmodel/checkpoints/lehwm/weights_epoch_4.pt 📦📦📦
[Epoch 3/10] done in 6432.1s
01:15:53 | INFO  | checkpoint_~|   Checking for non PyTorch modules to save
01:15:53 | INFO  | atomic_chec~| [atomic_save] → /home/mattin/.cache/stable-pretraining/runs/20260929/173920/64c669b40e1d/checkpoints/epoch=3-step=46968.ckpt
01:15:53 | INFO  | atomic_chec~| [atomic_save] ✓ epoch=3-step=46968.ckpt saved (138.5 MiB, serialise=0.12s write=0.12s rename=0.0ms)
01:15:53 | INFO  | checkpoint_~|   Checking for non PyTorch modules to save
01:15:53 | INFO  | atomic_chec~| [atomic_save] → /home/mattin/.cache/stable-pretraining/runs/20260929/173920/64c669b40e1d/checkpoints/last.ckpt
01:15:53 | INFO  | atomic_chec~| [atomic_save] ✓ last.ckpt saved (138.5 MiB, serialise=0.11s write=0.12s rename=0.1ms)
[Epoch 4/10] step 50/11742 (1.9 it/s)
[Epoch 4/10] step 100/11742 (1.9 it/s)
[Epoch 4/10] step 150/11742 (2.0 it/s)
[Epoch 4/10] step 200/11742 (2.0 it/s)
[Epoch 4/10] step 250/11742 (2.0 it/s)
[Epoch 4/10] step 300/11742 (2.0 it/s)
[Epoch 4/10] step 350/11742 (2.0 it/s)
[Epoch 4/10] step 400/11742 (2.0 it/s)
[Epoch 4/10] step 450/11742 (2.0 it/s)
[Epoch 4/10] step 500/11742 (2.0 it/s)
[Epoch 4/10] step 550/11742 (2.0 it/s)
[Epoch 4/10] step 600/11742 (2.0 it/s)
[Epoch 4/10] step 650/11742 (2.0 it/s)
[Epoch 4/10] step 700/11742 (2.0 it/s)
[Epoch 4/10] step 750/11742 (2.0 it/s)
[Epoch 4/10] step 800/11742 (2.0 it/s)
[Epoch 4/10] step 850/11742 (2.0 it/s)
[Epoch 4/10] step 900/11742 (2.0 it/s)
[Epoch 4/10] step 950/11742 (2.0 it/s)
[Epoch 4/10] step 1000/11742 (2.0 it/s)
[Epoch 4/10] step 1050/11742 (2.0 it/s)
[Epoch 4/10] step 1100/11742 (2.0 it/s)
[Epoch 4/10] step 1150/11742 (2.0 it/s)
[Epoch 4/10] step 1200/11742 (2.0 it/s)
[Epoch 4/10] step 1250/11742 (2.0 it/s)
[Epoch 4/10] step 1300/11742 (2.0 it/s)
[Epoch 4/10] step 1350/11742 (2.0 it/s)
[Epoch 4/10] step 1400/11742 (2.0 it/s)
[Epoch 4/10] step 1450/11742 (2.0 it/s)
[Epoch 4/10] step 1500/11742 (2.0 it/s)
[Epoch 4/10] step 1550/11742 (2.0 it/s)
[Epoch 4/10] step 1600/11742 (2.0 it/s)
[Epoch 4/10] step 1650/11742 (2.0 it/s)
[Epoch 4/10] step 1700/11742 (2.0 it/s)
[Epoch 4/10] step 1750/11742 (2.0 it/s)
[Epoch 4/10] step 1800/11742 (2.0 it/s)
[Epoch 4/10] step 1850/11742 (2.0 it/s)
[Epoch 4/10] step 1900/11742 (2.0 it/s)
[Epoch 4/10] step 1950/11742 (2.0 it/s)
[Epoch 4/10] step 2000/11742 (2.0 it/s)
[Epoch 4/10] step 2050/11742 (2.0 it/s)
[Epoch 4/10] step 2100/11742 (2.0 it/s)
[Epoch 4/10] step 2150/11742 (2.0 it/s)
[Epoch 4/10] step 2200/11742 (2.0 it/s)
[Epoch 4/10] step 2250/11742 (2.0 it/s)
[Epoch 4/10] step 2300/11742 (2.0 it/s)
[Epoch 4/10] step 2350/11742 (2.0 it/s)
[Epoch 4/10] step 2400/11742 (2.0 it/s)
[Epoch 4/10] step 2450/11742 (2.0 it/s)
[Epoch 4/10] step 2500/11742 (2.0 it/s)
[Epoch 4/10] step 2550/11742 (2.0 it/s)
[Epoch 4/10] step 2600/11742 (2.0 it/s)
[Epoch 4/10] step 2650/11742 (2.0 it/s)
[Epoch 4/10] step 2700/11742 (2.0 it/s)
[Epoch 4/10] step 2750/11742 (2.0 it/s)
[Epoch 4/10] step 2800/11742 (2.0 it/s)
[Epoch 4/10] step 2850/11742 (2.0 it/s)
[Epoch 4/10] step 2900/11742 (2.0 it/s)
[Epoch 4/10] step 2950/11742 (2.0 it/s)
[Epoch 4/10] step 3000/11742 (2.0 it/s)
[Epoch 4/10] step 3050/11742 (2.0 it/s)
[Epoch 4/10] step 3100/11742 (2.0 it/s)
[Epoch 4/10] step 3150/11742 (2.0 it/s)
[Epoch 4/10] step 3200/11742 (2.0 it/s)
[Epoch 4/10] step 3250/11742 (2.0 it/s)
[Epoch 4/10] step 3300/11742 (2.0 it/s)
[Epoch 4/10] step 3350/11742 (2.0 it/s)
[Epoch 4/10] step 3400/11742 (2.0 it/s)
[Epoch 4/10] step 3450/11742 (2.0 it/s)
[Epoch 4/10] step 3500/11742 (2.0 it/s)
[Epoch 4/10] step 3550/11742 (2.0 it/s)
[Epoch 4/10] step 3600/11742 (2.0 it/s)
[Epoch 4/10] step 3650/11742 (2.0 it/s)
[Epoch 4/10] step 3700/11742 (2.0 it/s)
[Epoch 4/10] step 3750/11742 (2.0 it/s)
[Epoch 4/10] step 3800/11742 (2.0 it/s)
[Epoch 4/10] step 3850/11742 (2.0 it/s)
[Epoch 4/10] step 3900/11742 (2.0 it/s)
[Epoch 4/10] step 3950/11742 (2.0 it/s)
[Epoch 4/10] step 4000/11742 (2.0 it/s)
[Epoch 4/10] step 4050/11742 (2.0 it/s)
[Epoch 4/10] step 4100/11742 (2.0 it/s)
[Epoch 4/10] step 4150/11742 (2.0 it/s)
[Epoch 4/10] step 4200/11742 (2.0 it/s)
[Epoch 4/10] step 4250/11742 (2.0 it/s)
[Epoch 4/10] step 4300/11742 (2.0 it/s)
[Epoch 4/10] step 4350/11742 (2.0 it/s)
[Epoch 4/10] step 4400/11742 (2.0 it/s)
[Epoch 4/10] step 4450/11742 (2.0 it/s)
[Epoch 4/10] step 4500/11742 (2.0 it/s)
[Epoch 4/10] step 4550/11742 (2.0 it/s)
[Epoch 4/10] step 4600/11742 (2.0 it/s)
[Epoch 4/10] step 4650/11742 (2.0 it/s)
[Epoch 4/10] step 4700/11742 (2.0 it/s)
[Epoch 4/10] step 4750/11742 (2.0 it/s)
[Epoch 4/10] step 4800/11742 (2.0 it/s)
[Epoch 4/10] step 4850/11742 (2.0 it/s)
[Epoch 4/10] step 4900/11742 (2.0 it/s)
[Epoch 4/10] step 4950/11742 (2.0 it/s)
[Epoch 4/10] step 5000/11742 (2.0 it/s)
[Epoch 4/10] step 5050/11742 (2.0 it/s)
[Epoch 4/10] step 5100/11742 (2.0 it/s)
[Epoch 4/10] step 5150/11742 (2.0 it/s)
[Epoch 4/10] step 5200/11742 (2.0 it/s)
[Epoch 4/10] step 5250/11742 (2.0 it/s)
[Epoch 4/10] step 5300/11742 (2.0 it/s)
[Epoch 4/10] step 5350/11742 (2.0 it/s)
[Epoch 4/10] step 5400/11742 (2.0 it/s)
[Epoch 4/10] step 5450/11742 (2.0 it/s)
[Epoch 4/10] step 5500/11742 (2.0 it/s)
[Epoch 4/10] step 5550/11742 (2.0 it/s)
[Epoch 4/10] step 5600/11742 (2.0 it/s)
[Epoch 4/10] step 5650/11742 (2.0 it/s)
[Epoch 4/10] step 5700/11742 (2.0 it/s)
[Epoch 4/10] step 5750/11742 (2.0 it/s)
[Epoch 4/10] step 5800/11742 (2.0 it/s)
[Epoch 4/10] step 5850/11742 (2.0 it/s)
[Epoch 4/10] step 5900/11742 (2.0 it/s)
[Epoch 4/10] step 5950/11742 (2.0 it/s)
[Epoch 4/10] step 6000/11742 (2.0 it/s)
[Epoch 4/10] step 6050/11742 (2.0 it/s)
[Epoch 4/10] step 6100/11742 (2.0 it/s)
[Epoch 4/10] step 6150/11742 (2.0 it/s)
[Epoch 4/10] step 6200/11742 (2.0 it/s)
[Epoch 4/10] step 6250/11742 (2.0 it/s)
[Epoch 4/10] step 6300/11742 (2.0 it/s)
[Epoch 4/10] step 6350/11742 (2.0 it/s)
[Epoch 4/10] step 6400/11742 (2.0 it/s)
[Epoch 4/10] step 6450/11742 (2.0 it/s)
[Epoch 4/10] step 6500/11742 (2.0 it/s)
[Epoch 4/10] step 6550/11742 (2.0 it/s)
[Epoch 4/10] step 6600/11742 (2.0 it/s)
[Epoch 4/10] step 6650/11742 (2.0 it/s)
[Epoch 4/10] step 6700/11742 (2.0 it/s)
[Epoch 4/10] step 6750/11742 (2.0 it/s)
[Epoch 4/10] step 6800/11742 (2.0 it/s)
[Epoch 4/10] step 6850/11742 (2.0 it/s)
[Epoch 4/10] step 6900/11742 (2.0 it/s)
[Epoch 4/10] step 6950/11742 (2.0 it/s)
[Epoch 4/10] step 7000/11742 (2.0 it/s)
[Epoch 4/10] step 7050/11742 (2.0 it/s)
[Epoch 4/10] step 7100/11742 (2.0 it/s)
[Epoch 4/10] step 7150/11742 (2.0 it/s)
[Epoch 4/10] step 7200/11742 (2.0 it/s)
[Epoch 4/10] step 7250/11742 (2.0 it/s)
[Epoch 4/10] step 7300/11742 (2.0 it/s)
[Epoch 4/10] step 7350/11742 (2.0 it/s)
[Epoch 4/10] step 7400/11742 (2.0 it/s)
[Epoch 4/10] step 7450/11742 (2.0 it/s)
[Epoch 4/10] step 7500/11742 (2.0 it/s)
[Epoch 4/10] step 7550/11742 (2.0 it/s)
[Epoch 4/10] step 7600/11742 (2.0 it/s)
[Epoch 4/10] step 7650/11742 (2.0 it/s)
[Epoch 4/10] step 7700/11742 (2.0 it/s)
[Epoch 4/10] step 7750/11742 (2.0 it/s)
[Epoch 4/10] step 7800/11742 (2.0 it/s)
[Epoch 4/10] step 7850/11742 (2.0 it/s)
[Epoch 4/10] step 7900/11742 (2.0 it/s)
[Epoch 4/10] step 7950/11742 (2.0 it/s)
[Epoch 4/10] step 8000/11742 (2.0 it/s)
[Epoch 4/10] step 8050/11742 (2.0 it/s)
[Epoch 4/10] step 8100/11742 (2.0 it/s)
[Epoch 4/10] step 8150/11742 (2.0 it/s)
[Epoch 4/10] step 8200/11742 (2.0 it/s)
[Epoch 4/10] step 8250/11742 (2.0 it/s)
[Epoch 4/10] step 8300/11742 (2.0 it/s)
[Epoch 4/10] step 8350/11742 (2.0 it/s)
[Epoch 4/10] step 8400/11742 (2.0 it/s)
[Epoch 4/10] step 8450/11742 (2.0 it/s)
[Epoch 4/10] step 8500/11742 (2.0 it/s)
[Epoch 4/10] step 8550/11742 (2.0 it/s)
[Epoch 4/10] step 8600/11742 (2.0 it/s)
[Epoch 4/10] step 8650/11742 (2.0 it/s)
[Epoch 4/10] step 8700/11742 (2.0 it/s)
[Epoch 4/10] step 8750/11742 (2.0 it/s)
[Epoch 4/10] step 8800/11742 (2.0 it/s)
[Epoch 4/10] step 8850/11742 (2.0 it/s)
[Epoch 4/10] step 8900/11742 (2.0 it/s)
[Epoch 4/10] step 8950/11742 (2.0 it/s)
[Epoch 4/10] step 9000/11742 (2.0 it/s)
[Epoch 4/10] step 9050/11742 (2.0 it/s)
[Epoch 4/10] step 9100/11742 (2.0 it/s)
[Epoch 4/10] step 9150/11742 (2.0 it/s)
[Epoch 4/10] step 9200/11742 (2.0 it/s)
[Epoch 4/10] step 9250/11742 (2.0 it/s)
[Epoch 4/10] step 9300/11742 (2.0 it/s)
[Epoch 4/10] step 9350/11742 (2.0 it/s)
[Epoch 4/10] step 9400/11742 (2.0 it/s)
[Epoch 4/10] step 9450/11742 (2.0 it/s)
[Epoch 4/10] step 9500/11742 (2.0 it/s)
[Epoch 4/10] step 9550/11742 (2.0 it/s)
[Epoch 4/10] step 9600/11742 (2.0 it/s)
[Epoch 4/10] step 9650/11742 (2.0 it/s)
[Epoch 4/10] step 9700/11742 (2.0 it/s)
[Epoch 4/10] step 9750/11742 (2.0 it/s)
[Epoch 4/10] step 9800/11742 (2.0 it/s)
[Epoch 4/10] step 9850/11742 (2.0 it/s)
[Epoch 4/10] step 9900/11742 (2.0 it/s)
[Epoch 4/10] step 9950/11742 (2.0 it/s)
[Epoch 4/10] step 10000/11742 (2.0 it/s)
[Epoch 4/10] step 10050/11742 (2.0 it/s)
[Epoch 4/10] step 10100/11742 (2.0 it/s)
[Epoch 4/10] step 10150/11742 (2.0 it/s)
[Epoch 4/10] step 10200/11742 (2.0 it/s)
[Epoch 4/10] step 10250/11742 (2.0 it/s)
[Epoch 4/10] step 10300/11742 (2.0 it/s)
[Epoch 4/10] step 10350/11742 (2.0 it/s)
[Epoch 4/10] step 10400/11742 (2.0 it/s)
[Epoch 4/10] step 10450/11742 (2.0 it/s)
[Epoch 4/10] step 10500/11742 (2.0 it/s)
[Epoch 4/10] step 10550/11742 (2.0 it/s)
[Epoch 4/10] step 10600/11742 (2.0 it/s)
[Epoch 4/10] step 10650/11742 (2.0 it/s)
[Epoch 4/10] step 10700/11742 (2.0 it/s)
[Epoch 4/10] step 10750/11742 (2.0 it/s)
[Epoch 4/10] step 10800/11742 (2.0 it/s)
[Epoch 4/10] step 10850/11742 (2.0 it/s)
[Epoch 4/10] step 10900/11742 (2.0 it/s)
[Epoch 4/10] step 10950/11742 (2.0 it/s)
[Epoch 4/10] step 11000/11742 (2.0 it/s)
[Epoch 4/10] step 11050/11742 (2.0 it/s)
[Epoch 4/10] step 11100/11742 (2.0 it/s)
[Epoch 4/10] step 11150/11742 (2.0 it/s)
[Epoch 4/10] step 11200/11742 (2.0 it/s)
[Epoch 4/10] step 11250/11742 (2.0 it/s)
[Epoch 4/10] step 11300/11742 (2.0 it/s)
[Epoch 4/10] step 11350/11742 (2.0 it/s)
[Epoch 4/10] step 11400/11742 (2.0 it/s)
[Epoch 4/10] step 11450/11742 (2.0 it/s)
[Epoch 4/10] step 11500/11742 (2.0 it/s)
[Epoch 4/10] step 11550/11742 (2.0 it/s)
[Epoch 4/10] step 11600/11742 (2.0 it/s)
[Epoch 4/10] step 11650/11742 (2.0 it/s)
[Epoch 4/10] step 11700/11742 (2.0 it/s)
03:03:06 | INFO  | trainer_inf~| \n+-----------------------------+------------------------+
|            Metric           |         Value          |
+-----------------------------+------------------------+
|        [0;34;40mfit/cons_loss[0m        |  [0;32;40m0.023749511688947678[0m  |
|         [0;34;40mfit/kl_loss[0m         |    [0;32;40m5.83445930480957[0m    |
|           [0;34;40mfit/loss[0m          |   [0;32;40m0.246631920337677[0m    |
|        [0;34;40mfit/pred1_loss[0m       |  [0;32;40m0.027297791093587875[0m  |
|       [0;34;40mfit/sigreg1_loss[0m      |       [0;32;40m0.99609375[0m       |
|        [0;34;40mfit/skill_loss[0m       |  [0;32;40m0.47396278381347656[0m   |
|           [0;34;40mfit/w_kl[0m          |  [0;32;40m0.009999999776482582[0m  |
|     [0;34;40mhardware/cpu_percent[0m    |   [0;32;40m36.099998474121094[0m   |
|   [0;34;40mhardware/disk_read_mb_s[0m   |   [0;32;40m164.26712036132812[0m   |
|   [0;34;40mhardware/disk_write_mb_s[0m  | [0;32;40m0.0057996828109025955[0m  |
|    [0;34;40mhardware/net_recv_mb_s[0m   | [0;32;40m0.00028885138453915715[0m |
|    [0;34;40mhardware/net_sent_mb_s[0m   | [0;32;40m0.00011978836846537888[0m |
|     [0;34;40mhardware/ram_used_gb[0m    |   [0;32;40m58.724334716796875[0m   |
|    [0;34;40mhardware/ram_used_pct[0m    |   [0;32;40m49.099998474121094[0m   |
|     [0;34;40mhparams/lr_model_opt[0m    | [0;32;40m0.00015237947809509933[0m |
|      [0;34;40mvalidate/cons_loss[0m     |   [0;32;40m0.0217271875590086[0m   |
|   [0;34;40mvalidate/cons_loss_epoch[0m  |   [0;32;40m0.0217271875590086[0m   |
|       [0;34;40mvalidate/kl_loss[0m      |   [0;32;40m6.046849250793457[0m    |
|    [0;34;40mvalidate/kl_loss_epoch[0m   |   [0;32;40m6.046849250793457[0m    |
|        [0;34;40mvalidate/loss[0m        |  [0;32;40m0.27502384781837463[0m   |
|     [0;34;40mvalidate/loss_epoch[0m     |  [0;32;40m0.27502384781837463[0m   |
|     [0;34;40mvalidate/pred1_loss[0m     |  [0;32;40m0.020632002502679825[0m  |
|  [0;34;40mvalidate/pred1_loss_epoch[0m  |  [0;32;40m0.020632002502679825[0m  |
|    [0;34;40mvalidate/sigreg1_loss[0m    |   [0;32;40m1.3740442991256714[0m   |
| [0;34;40mvalidate/sigreg1_loss_epoch[0m |   [0;32;40m1.3740442991256714[0m   |
|     [0;34;40mvalidate/skill_loss[0m     |  [0;32;40m0.48538702726364136[0m   |
|  [0;34;40mvalidate/skill_loss_epoch[0m  |  [0;32;40m0.48538702726364136[0m   |
|        [0;34;40mvalidate/w_kl[0m        |  [0;32;40m0.010000155307352543[0m  |
|     [0;34;40mvalidate/w_kl_epoch[0m     |  [0;32;40m0.010000155307352543[0m  |
+-----------------------------+------------------------+
03:03:06 | INFO  | utils.py    | 📦📦📦 Model saved to /home/mattin/.stable_worldmodel/checkpoints/lehwm/weights_epoch_5.pt 📦📦📦
[Epoch 4/10] done in 6432.7s
03:03:06 | INFO  | checkpoint_~|   Checking for non PyTorch modules to save
03:03:06 | INFO  | atomic_chec~| [atomic_save] → /home/mattin/.cache/stable-pretraining/runs/20260929/173920/64c669b40e1d/checkpoints/epoch=4-step=58710.ckpt
03:03:06 | INFO  | atomic_chec~| [atomic_save] ✓ epoch=4-step=58710.ckpt saved (138.5 MiB, serialise=0.12s write=0.13s rename=0.0ms)
03:03:06 | INFO  | checkpoint_~|   Checking for non PyTorch modules to save
03:03:06 | INFO  | atomic_chec~| [atomic_save] → /home/mattin/.cache/stable-pretraining/runs/20260929/173920/64c669b40e1d/checkpoints/last.ckpt
03:03:06 | INFO  | atomic_chec~| [atomic_save] ✓ last.ckpt saved (138.5 MiB, serialise=0.11s write=0.10s rename=0.1ms)
[Epoch 5/10] step 50/11742 (1.9 it/s)
[Epoch 5/10] step 100/11742 (1.9 it/s)
[Epoch 5/10] step 150/11742 (2.0 it/s)
[Epoch 5/10] step 200/11742 (2.0 it/s)
[Epoch 5/10] step 250/11742 (2.0 it/s)
[Epoch 5/10] step 300/11742 (2.0 it/s)
[Epoch 5/10] step 350/11742 (2.0 it/s)
[Epoch 5/10] step 400/11742 (2.0 it/s)
[Epoch 5/10] step 450/11742 (2.0 it/s)
[Epoch 5/10] step 500/11742 (2.0 it/s)
[Epoch 5/10] step 550/11742 (2.0 it/s)
[Epoch 5/10] step 600/11742 (2.0 it/s)
[Epoch 5/10] step 650/11742 (2.0 it/s)
[Epoch 5/10] step 700/11742 (2.0 it/s)
[Epoch 5/10] step 750/11742 (2.0 it/s)
[Epoch 5/10] step 800/11742 (2.0 it/s)
[Epoch 5/10] step 850/11742 (2.0 it/s)
[Epoch 5/10] step 900/11742 (2.0 it/s)
[Epoch 5/10] step 950/11742 (2.0 it/s)
[Epoch 5/10] step 1000/11742 (2.0 it/s)
[Epoch 5/10] step 1050/11742 (2.0 it/s)
[Epoch 5/10] step 1100/11742 (2.0 it/s)
[Epoch 5/10] step 1150/11742 (2.0 it/s)
[Epoch 5/10] step 1200/11742 (2.0 it/s)
[Epoch 5/10] step 1250/11742 (2.0 it/s)
[Epoch 5/10] step 1300/11742 (2.0 it/s)
[Epoch 5/10] step 1350/11742 (2.0 it/s)
[Epoch 5/10] step 1400/11742 (2.0 it/s)
[Epoch 5/10] step 1450/11742 (2.0 it/s)
[Epoch 5/10] step 1500/11742 (2.0 it/s)
[Epoch 5/10] step 1550/11742 (2.0 it/s)
[Epoch 5/10] step 1600/11742 (2.0 it/s)
[Epoch 5/10] step 1650/11742 (2.0 it/s)
[Epoch 5/10] step 1700/11742 (2.0 it/s)
[Epoch 5/10] step 1750/11742 (2.0 it/s)
[Epoch 5/10] step 1800/11742 (2.0 it/s)
[Epoch 5/10] step 1850/11742 (2.0 it/s)
[Epoch 5/10] step 1900/11742 (2.0 it/s)
[Epoch 5/10] step 1950/11742 (2.0 it/s)
[Epoch 5/10] step 2000/11742 (2.0 it/s)
[Epoch 5/10] step 2050/11742 (2.0 it/s)
[Epoch 5/10] step 2100/11742 (2.0 it/s)
[Epoch 5/10] step 2150/11742 (2.0 it/s)
[Epoch 5/10] step 2200/11742 (2.0 it/s)
[Epoch 5/10] step 2250/11742 (2.0 it/s)
[Epoch 5/10] step 2300/11742 (2.0 it/s)
[Epoch 5/10] step 2350/11742 (2.0 it/s)
[Epoch 5/10] step 2400/11742 (2.0 it/s)
[Epoch 5/10] step 2450/11742 (2.0 it/s)
[Epoch 5/10] step 2500/11742 (2.0 it/s)
[Epoch 5/10] step 2550/11742 (2.0 it/s)
[Epoch 5/10] step 2600/11742 (2.0 it/s)
[Epoch 5/10] step 2650/11742 (2.0 it/s)
[Epoch 5/10] step 2700/11742 (2.0 it/s)
[Epoch 5/10] step 2750/11742 (2.0 it/s)
[Epoch 5/10] step 2800/11742 (2.0 it/s)
[Epoch 5/10] step 2850/11742 (2.0 it/s)
[Epoch 5/10] step 2900/11742 (2.0 it/s)
[Epoch 5/10] step 2950/11742 (2.0 it/s)
[Epoch 5/10] step 3000/11742 (2.0 it/s)
[Epoch 5/10] step 3050/11742 (2.0 it/s)
[Epoch 5/10] step 3100/11742 (2.0 it/s)
[Epoch 5/10] step 3150/11742 (2.0 it/s)
[Epoch 5/10] step 3200/11742 (2.0 it/s)
[Epoch 5/10] step 3250/11742 (2.0 it/s)
[Epoch 5/10] step 3300/11742 (2.0 it/s)
[Epoch 5/10] step 3350/11742 (2.0 it/s)
[Epoch 5/10] step 3400/11742 (2.0 it/s)
[Epoch 5/10] step 3450/11742 (2.0 it/s)
[Epoch 5/10] step 3500/11742 (2.0 it/s)
[Epoch 5/10] step 3550/11742 (2.0 it/s)
[Epoch 5/10] step 3600/11742 (2.0 it/s)
[Epoch 5/10] step 3650/11742 (2.0 it/s)
[Epoch 5/10] step 3700/11742 (2.0 it/s)
[Epoch 5/10] step 3750/11742 (2.0 it/s)
[Epoch 5/10] step 3800/11742 (2.0 it/s)
[Epoch 5/10] step 3850/11742 (2.0 it/s)
[Epoch 5/10] step 3900/11742 (2.0 it/s)
[Epoch 5/10] step 3950/11742 (2.0 it/s)
[Epoch 5/10] step 4000/11742 (2.0 it/s)
[Epoch 5/10] step 4050/11742 (2.0 it/s)
[Epoch 5/10] step 4100/11742 (2.0 it/s)
[Epoch 5/10] step 4150/11742 (2.0 it/s)
[Epoch 5/10] step 4200/11742 (2.0 it/s)
[Epoch 5/10] step 4250/11742 (2.0 it/s)
[Epoch 5/10] step 4300/11742 (2.0 it/s)
[Epoch 5/10] step 4350/11742 (2.0 it/s)
[Epoch 5/10] step 4400/11742 (2.0 it/s)
[Epoch 5/10] step 4450/11742 (2.0 it/s)
[Epoch 5/10] step 4500/11742 (2.0 it/s)
[Epoch 5/10] step 4550/11742 (2.0 it/s)
[Epoch 5/10] step 4600/11742 (2.0 it/s)
[Epoch 5/10] step 4650/11742 (2.0 it/s)
[Epoch 5/10] step 4700/11742 (2.0 it/s)
[Epoch 5/10] step 4750/11742 (2.0 it/s)
[Epoch 5/10] step 4800/11742 (2.0 it/s)
[Epoch 5/10] step 4850/11742 (2.0 it/s)
[Epoch 5/10] step 4900/11742 (2.0 it/s)
[Epoch 5/10] step 4950/11742 (2.0 it/s)
[Epoch 5/10] step 5000/11742 (2.0 it/s)
[Epoch 5/10] step 5050/11742 (2.0 it/s)
[Epoch 5/10] step 5100/11742 (2.0 it/s)
[Epoch 5/10] step 5150/11742 (2.0 it/s)
[Epoch 5/10] step 5200/11742 (2.0 it/s)
[Epoch 5/10] step 5250/11742 (2.0 it/s)
[Epoch 5/10] step 5300/11742 (2.0 it/s)
[Epoch 5/10] step 5350/11742 (2.0 it/s)
[Epoch 5/10] step 5400/11742 (2.0 it/s)
[Epoch 5/10] step 5450/11742 (2.0 it/s)
[Epoch 5/10] step 5500/11742 (2.0 it/s)
[Epoch 5/10] step 5550/11742 (2.0 it/s)
[Epoch 5/10] step 5600/11742 (2.0 it/s)
[Epoch 5/10] step 5650/11742 (2.0 it/s)
[Epoch 5/10] step 5700/11742 (2.0 it/s)
[Epoch 5/10] step 5750/11742 (2.0 it/s)
[Epoch 5/10] step 5800/11742 (2.0 it/s)
[Epoch 5/10] step 5850/11742 (2.0 it/s)
[Epoch 5/10] step 5900/11742 (2.0 it/s)
[Epoch 5/10] step 5950/11742 (2.0 it/s)
[Epoch 5/10] step 6000/11742 (2.0 it/s)
[Epoch 5/10] step 6050/11742 (2.0 it/s)
[Epoch 5/10] step 6100/11742 (2.0 it/s)
[Epoch 5/10] step 6150/11742 (2.0 it/s)
[Epoch 5/10] step 6200/11742 (2.0 it/s)
[Epoch 5/10] step 6250/11742 (2.0 it/s)
[Epoch 5/10] step 6300/11742 (2.0 it/s)
[Epoch 5/10] step 6350/11742 (2.0 it/s)
[Epoch 5/10] step 6400/11742 (2.0 it/s)
[Epoch 5/10] step 6450/11742 (2.0 it/s)
[Epoch 5/10] step 6500/11742 (2.0 it/s)
[Epoch 5/10] step 6550/11742 (2.0 it/s)
[Epoch 5/10] step 6600/11742 (2.0 it/s)
[Epoch 5/10] step 6650/11742 (2.0 it/s)
[Epoch 5/10] step 6700/11742 (2.0 it/s)
[Epoch 5/10] step 6750/11742 (2.0 it/s)
[Epoch 5/10] step 6800/11742 (2.0 it/s)
[Epoch 5/10] step 6850/11742 (2.0 it/s)
[Epoch 5/10] step 6900/11742 (2.0 it/s)
[Epoch 5/10] step 6950/11742 (2.0 it/s)
[Epoch 5/10] step 7000/11742 (2.0 it/s)
[Epoch 5/10] step 7050/11742 (2.0 it/s)
[Epoch 5/10] step 7100/11742 (2.0 it/s)
[Epoch 5/10] step 7150/11742 (2.0 it/s)
[Epoch 5/10] step 7200/11742 (2.0 it/s)
[Epoch 5/10] step 7250/11742 (2.0 it/s)
[Epoch 5/10] step 7300/11742 (2.0 it/s)
[Epoch 5/10] step 7350/11742 (2.0 it/s)
[Epoch 5/10] step 7400/11742 (2.0 it/s)
[Epoch 5/10] step 7450/11742 (2.0 it/s)
[Epoch 5/10] step 7500/11742 (2.0 it/s)
[Epoch 5/10] step 7550/11742 (2.0 it/s)
[Epoch 5/10] step 7600/11742 (2.0 it/s)
[Epoch 5/10] step 7650/11742 (2.0 it/s)
[Epoch 5/10] step 7700/11742 (2.0 it/s)
[Epoch 5/10] step 7750/11742 (2.0 it/s)
[Epoch 5/10] step 7800/11742 (2.0 it/s)
[Epoch 5/10] step 7850/11742 (2.0 it/s)
[Epoch 5/10] step 7900/11742 (2.0 it/s)
[Epoch 5/10] step 7950/11742 (2.0 it/s)
[Epoch 5/10] step 8000/11742 (2.0 it/s)
[Epoch 5/10] step 8050/11742 (2.0 it/s)
[Epoch 5/10] step 8100/11742 (2.0 it/s)
[Epoch 5/10] step 8150/11742 (2.0 it/s)
[Epoch 5/10] step 8200/11742 (2.0 it/s)
[Epoch 5/10] step 8250/11742 (2.0 it/s)
[Epoch 5/10] step 8300/11742 (2.0 it/s)
[Epoch 5/10] step 8350/11742 (2.0 it/s)
[Epoch 5/10] step 8400/11742 (2.0 it/s)
[Epoch 5/10] step 8450/11742 (2.0 it/s)
[Epoch 5/10] step 8500/11742 (2.0 it/s)
[Epoch 5/10] step 8550/11742 (2.0 it/s)
[Epoch 5/10] step 8600/11742 (2.0 it/s)
[Epoch 5/10] step 8650/11742 (2.0 it/s)
[Epoch 5/10] step 8700/11742 (2.0 it/s)
[Epoch 5/10] step 8750/11742 (2.0 it/s)
[Epoch 5/10] step 8800/11742 (2.0 it/s)
[Epoch 5/10] step 8850/11742 (2.0 it/s)
[Epoch 5/10] step 8900/11742 (2.0 it/s)
[Epoch 5/10] step 8950/11742 (2.0 it/s)
[Epoch 5/10] step 9000/11742 (2.0 it/s)
[Epoch 5/10] step 9050/11742 (2.0 it/s)
[Epoch 5/10] step 9100/11742 (2.0 it/s)
[Epoch 5/10] step 9150/11742 (2.0 it/s)
[Epoch 5/10] step 9200/11742 (2.0 it/s)
[Epoch 5/10] step 9250/11742 (2.0 it/s)
[Epoch 5/10] step 9300/11742 (2.0 it/s)
[Epoch 5/10] step 9350/11742 (2.0 it/s)
[Epoch 5/10] step 9400/11742 (2.0 it/s)
[Epoch 5/10] step 9450/11742 (2.0 it/s)
[Epoch 5/10] step 9500/11742 (2.0 it/s)
[Epoch 5/10] step 9550/11742 (2.0 it/s)
[Epoch 5/10] step 9600/11742 (2.0 it/s)
[Epoch 5/10] step 9650/11742 (2.0 it/s)
[Epoch 5/10] step 9700/11742 (2.0 it/s)
[Epoch 5/10] step 9750/11742 (2.0 it/s)
[Epoch 5/10] step 9800/11742 (2.0 it/s)
[Epoch 5/10] step 9850/11742 (2.0 it/s)
[Epoch 5/10] step 9900/11742 (2.0 it/s)
[Epoch 5/10] step 9950/11742 (2.0 it/s)
[Epoch 5/10] step 10000/11742 (2.0 it/s)
[Epoch 5/10] step 10050/11742 (2.0 it/s)
[Epoch 5/10] step 10100/11742 (2.0 it/s)
[Epoch 5/10] step 10150/11742 (2.0 it/s)
[Epoch 5/10] step 10200/11742 (2.0 it/s)
[Epoch 5/10] step 10250/11742 (2.0 it/s)
[Epoch 5/10] step 10300/11742 (2.0 it/s)
[Epoch 5/10] step 10350/11742 (2.0 it/s)
[Epoch 5/10] step 10400/11742 (2.0 it/s)
[Epoch 5/10] step 10450/11742 (2.0 it/s)
[Epoch 5/10] step 10500/11742 (2.0 it/s)
[Epoch 5/10] step 10550/11742 (2.0 it/s)
[Epoch 5/10] step 10600/11742 (2.0 it/s)
[Epoch 5/10] step 10650/11742 (2.0 it/s)
[Epoch 5/10] step 10700/11742 (2.0 it/s)
[Epoch 5/10] step 10750/11742 (2.0 it/s)
[Epoch 5/10] step 10800/11742 (2.0 it/s)
[Epoch 5/10] step 10850/11742 (2.0 it/s)
[Epoch 5/10] step 10900/11742 (2.0 it/s)
[Epoch 5/10] step 10950/11742 (2.0 it/s)
[Epoch 5/10] step 11000/11742 (2.0 it/s)
[Epoch 5/10] step 11050/11742 (2.0 it/s)
[Epoch 5/10] step 11100/11742 (2.0 it/s)
[Epoch 5/10] step 11150/11742 (2.0 it/s)
[Epoch 5/10] step 11200/11742 (2.0 it/s)
[Epoch 5/10] step 11250/11742 (2.0 it/s)
[Epoch 5/10] step 11300/11742 (2.0 it/s)
[Epoch 5/10] step 11350/11742 (2.0 it/s)
[Epoch 5/10] step 11400/11742 (2.0 it/s)
[Epoch 5/10] step 11450/11742 (2.0 it/s)
[Epoch 5/10] step 11500/11742 (2.0 it/s)
[Epoch 5/10] step 11550/11742 (2.0 it/s)
[Epoch 5/10] step 11600/11742 (2.0 it/s)
[Epoch 5/10] step 11650/11742 (2.0 it/s)
[Epoch 5/10] step 11700/11742 (2.0 it/s)
04:50:19 | INFO  | trainer_inf~| \n+-----------------------------+------------------------+
|            Metric           |         Value          |
+-----------------------------+------------------------+
|        [0;34;40mfit/cons_loss[0m        |  [0;32;40m0.035807639360427856[0m  |
|         [0;34;40mfit/kl_loss[0m         |   [0;32;40m5.441555023193359[0m    |
|           [0;34;40mfit/loss[0m          |   [0;32;40m0.2776975631713867[0m   |
|        [0;34;40mfit/pred1_loss[0m       |  [0;32;40m0.040193550288677216[0m  |
|       [0;34;40mfit/sigreg1_loss[0m      |       [0;32;40m0.99609375[0m       |
|        [0;34;40mfit/skill_loss[0m       |   [0;32;40m0.5743705034255981[0m   |
|           [0;34;40mfit/w_kl[0m          |  [0;32;40m0.009999999776482582[0m  |
|     [0;34;40mhardware/cpu_percent[0m    |   [0;32;40m37.70000076293945[0m    |
|   [0;34;40mhardware/disk_read_mb_s[0m   |   [0;32;40m147.28402709960938[0m   |
|   [0;34;40mhardware/disk_write_mb_s[0m  |  [0;32;40m0.004999392665922642[0m  |
|    [0;34;40mhardware/net_recv_mb_s[0m   |          [0;32;40m0.0[0m           |
|    [0;34;40mhardware/net_sent_mb_s[0m   | [0;32;40m5.558218981605023e-05[0m  |
|     [0;34;40mhardware/ram_used_gb[0m    |   [0;32;40m58.58441925048828[0m    |
|    [0;34;40mhardware/ram_used_pct[0m    |          [0;32;40m49.0[0m          |
|     [0;34;40mhparams/lr_model_opt[0m    | [0;32;40m0.00010546162957325578[0m |
|      [0;34;40mvalidate/cons_loss[0m     |  [0;32;40m0.020487045869231224[0m  |
|   [0;34;40mvalidate/cons_loss_epoch[0m  |  [0;32;40m0.020487045869231224[0m  |
|       [0;34;40mvalidate/kl_loss[0m      |   [0;32;40m5.997451305389404[0m    |
|    [0;34;40mvalidate/kl_loss_epoch[0m   |   [0;32;40m5.997451305389404[0m    |
|        [0;34;40mvalidate/loss[0m        |  [0;32;40m0.27136102318763733[0m   |
|     [0;34;40mvalidate/loss_epoch[0m     |  [0;32;40m0.27136102318763733[0m   |
|     [0;34;40mvalidate/pred1_loss[0m     |  [0;32;40m0.019378235563635826[0m  |
|  [0;34;40mvalidate/pred1_loss_epoch[0m  |  [0;32;40m0.019378235563635826[0m  |
|    [0;34;40mvalidate/sigreg1_loss[0m    |   [0;32;40m1.3719871044158936[0m   |
| [0;34;40mvalidate/sigreg1_loss_epoch[0m |   [0;32;40m1.3719871044158936[0m   |
|     [0;34;40mvalidate/skill_loss[0m     |   [0;32;40m0.4805566668510437[0m   |
|  [0;34;40mvalidate/skill_loss_epoch[0m  |   [0;32;40m0.4805566668510437[0m   |
|        [0;34;40mvalidate/w_kl[0m        |  [0;32;40m0.010000155307352543[0m  |
|     [0;34;40mvalidate/w_kl_epoch[0m     |  [0;32;40m0.010000155307352543[0m  |
+-----------------------------+------------------------+
04:50:19 | INFO  | utils.py    | 📦📦📦 Model saved to /home/mattin/.stable_worldmodel/checkpoints/lehwm/weights_epoch_6.pt 📦📦📦
[Epoch 5/10] done in 6432.4s
04:50:19 | INFO  | checkpoint_~|   Checking for non PyTorch modules to save
04:50:19 | INFO  | atomic_chec~| [atomic_save] → /home/mattin/.cache/stable-pretraining/runs/20260929/173920/64c669b40e1d/checkpoints/epoch=5-step=70452.ckpt
04:50:19 | INFO  | atomic_chec~| [atomic_save] ✓ epoch=5-step=70452.ckpt saved (138.5 MiB, serialise=0.12s write=0.16s rename=0.0ms)
04:50:19 | INFO  | checkpoint_~|   Checking for non PyTorch modules to save
04:50:19 | INFO  | atomic_chec~| [atomic_save] → /home/mattin/.cache/stable-pretraining/runs/20260929/173920/64c669b40e1d/checkpoints/last.ckpt
04:50:19 | INFO  | atomic_chec~| [atomic_save] ✓ last.ckpt saved (138.5 MiB, serialise=0.11s write=0.19s rename=0.1ms)
[Epoch 6/10] step 50/11742 (1.8 it/s)
[Epoch 6/10] step 100/11742 (1.9 it/s)
[Epoch 6/10] step 150/11742 (2.0 it/s)
[Epoch 6/10] step 200/11742 (2.0 it/s)
[Epoch 6/10] step 250/11742 (2.0 it/s)
[Epoch 6/10] step 300/11742 (2.0 it/s)
[Epoch 6/10] step 350/11742 (2.0 it/s)
[Epoch 6/10] step 400/11742 (2.0 it/s)
[Epoch 6/10] step 450/11742 (2.0 it/s)
[Epoch 6/10] step 500/11742 (2.0 it/s)
[Epoch 6/10] step 550/11742 (2.0 it/s)
[Epoch 6/10] step 600/11742 (2.0 it/s)
[Epoch 6/10] step 650/11742 (2.0 it/s)
[Epoch 6/10] step 700/11742 (2.0 it/s)
[Epoch 6/10] step 750/11742 (2.0 it/s)
[Epoch 6/10] step 800/11742 (2.0 it/s)
[Epoch 6/10] step 850/11742 (2.0 it/s)
[Epoch 6/10] step 900/11742 (2.0 it/s)
[Epoch 6/10] step 950/11742 (2.0 it/s)
[Epoch 6/10] step 1000/11742 (2.0 it/s)
[Epoch 6/10] step 1050/11742 (2.0 it/s)
[Epoch 6/10] step 1100/11742 (2.0 it/s)
[Epoch 6/10] step 1150/11742 (2.0 it/s)
[Epoch 6/10] step 1200/11742 (2.0 it/s)
[Epoch 6/10] step 1250/11742 (2.0 it/s)
[Epoch 6/10] step 1300/11742 (2.0 it/s)
[Epoch 6/10] step 1350/11742 (2.0 it/s)
[Epoch 6/10] step 1400/11742 (2.0 it/s)
[Epoch 6/10] step 1450/11742 (2.0 it/s)
[Epoch 6/10] step 1500/11742 (2.0 it/s)
[Epoch 6/10] step 1550/11742 (2.0 it/s)
[Epoch 6/10] step 1600/11742 (2.0 it/s)
[Epoch 6/10] step 1650/11742 (2.0 it/s)
[Epoch 6/10] step 1700/11742 (2.0 it/s)
[Epoch 6/10] step 1750/11742 (2.0 it/s)
[Epoch 6/10] step 1800/11742 (2.0 it/s)
[Epoch 6/10] step 1850/11742 (2.0 it/s)
[Epoch 6/10] step 1900/11742 (2.0 it/s)
[Epoch 6/10] step 1950/11742 (2.0 it/s)
[Epoch 6/10] step 2000/11742 (2.0 it/s)
[Epoch 6/10] step 2050/11742 (2.0 it/s)
[Epoch 6/10] step 2100/11742 (2.0 it/s)
[Epoch 6/10] step 2150/11742 (2.0 it/s)
[Epoch 6/10] step 2200/11742 (2.0 it/s)
[Epoch 6/10] step 2250/11742 (2.0 it/s)
[Epoch 6/10] step 2300/11742 (2.0 it/s)
[Epoch 6/10] step 2350/11742 (2.0 it/s)
[Epoch 6/10] step 2400/11742 (2.0 it/s)
[Epoch 6/10] step 2450/11742 (2.0 it/s)
[Epoch 6/10] step 2500/11742 (2.0 it/s)
[Epoch 6/10] step 2550/11742 (2.0 it/s)
[Epoch 6/10] step 2600/11742 (2.0 it/s)
[Epoch 6/10] step 2650/11742 (2.0 it/s)
[Epoch 6/10] step 2700/11742 (2.0 it/s)
[Epoch 6/10] step 2750/11742 (2.0 it/s)
[Epoch 6/10] step 2800/11742 (2.0 it/s)
[Epoch 6/10] step 2850/11742 (2.0 it/s)
[Epoch 6/10] step 2900/11742 (2.0 it/s)
[Epoch 6/10] step 2950/11742 (2.0 it/s)
[Epoch 6/10] step 3000/11742 (2.0 it/s)
[Epoch 6/10] step 3050/11742 (2.0 it/s)
[Epoch 6/10] step 3100/11742 (2.0 it/s)
[Epoch 6/10] step 3150/11742 (2.0 it/s)
[Epoch 6/10] step 3200/11742 (2.0 it/s)
[Epoch 6/10] step 3250/11742 (2.0 it/s)
[Epoch 6/10] step 3300/11742 (2.0 it/s)
[Epoch 6/10] step 3350/11742 (2.0 it/s)
[Epoch 6/10] step 3400/11742 (2.0 it/s)
[Epoch 6/10] step 3450/11742 (2.0 it/s)
[Epoch 6/10] step 3500/11742 (2.0 it/s)
[Epoch 6/10] step 3550/11742 (2.0 it/s)
[Epoch 6/10] step 3600/11742 (2.0 it/s)
[Epoch 6/10] step 3650/11742 (2.0 it/s)
[Epoch 6/10] step 3700/11742 (2.0 it/s)
[Epoch 6/10] step 3750/11742 (2.0 it/s)
[Epoch 6/10] step 3800/11742 (2.0 it/s)
[Epoch 6/10] step 3850/11742 (2.0 it/s)
[Epoch 6/10] step 3900/11742 (2.0 it/s)
[Epoch 6/10] step 3950/11742 (2.0 it/s)
[Epoch 6/10] step 4000/11742 (2.0 it/s)
[Epoch 6/10] step 4050/11742 (2.0 it/s)
[Epoch 6/10] step 4100/11742 (2.0 it/s)
[Epoch 6/10] step 4150/11742 (2.0 it/s)
[Epoch 6/10] step 4200/11742 (2.0 it/s)
[Epoch 6/10] step 4250/11742 (2.0 it/s)
[Epoch 6/10] step 4300/11742 (2.0 it/s)
[Epoch 6/10] step 4350/11742 (2.0 it/s)
[Epoch 6/10] step 4400/11742 (2.0 it/s)
[Epoch 6/10] step 4450/11742 (2.0 it/s)
[Epoch 6/10] step 4500/11742 (2.0 it/s)
[Epoch 6/10] step 4550/11742 (2.0 it/s)
[Epoch 6/10] step 4600/11742 (2.0 it/s)
[Epoch 6/10] step 4650/11742 (2.0 it/s)
[Epoch 6/10] step 4700/11742 (2.0 it/s)
[Epoch 6/10] step 4750/11742 (2.0 it/s)
[Epoch 6/10] step 4800/11742 (2.0 it/s)
[Epoch 6/10] step 4850/11742 (2.0 it/s)
[Epoch 6/10] step 4900/11742 (2.0 it/s)
[Epoch 6/10] step 4950/11742 (2.0 it/s)
[Epoch 6/10] step 5000/11742 (2.0 it/s)
[Epoch 6/10] step 5050/11742 (2.0 it/s)
[Epoch 6/10] step 5100/11742 (2.0 it/s)
[Epoch 6/10] step 5150/11742 (2.0 it/s)
[Epoch 6/10] step 5200/11742 (2.0 it/s)
[Epoch 6/10] step 5250/11742 (2.0 it/s)
[Epoch 6/10] step 5300/11742 (2.0 it/s)
[Epoch 6/10] step 5350/11742 (2.0 it/s)
[Epoch 6/10] step 5400/11742 (2.0 it/s)
[Epoch 6/10] step 5450/11742 (2.0 it/s)
[Epoch 6/10] step 5500/11742 (2.0 it/s)
[Epoch 6/10] step 5550/11742 (2.0 it/s)
[Epoch 6/10] step 5600/11742 (2.0 it/s)
[Epoch 6/10] step 5650/11742 (2.0 it/s)
[Epoch 6/10] step 5700/11742 (2.0 it/s)
[Epoch 6/10] step 5750/11742 (2.0 it/s)
[Epoch 6/10] step 5800/11742 (2.0 it/s)
[Epoch 6/10] step 5850/11742 (2.0 it/s)
[Epoch 6/10] step 5900/11742 (2.0 it/s)
[Epoch 6/10] step 5950/11742 (2.0 it/s)
[Epoch 6/10] step 6000/11742 (2.0 it/s)
[Epoch 6/10] step 6050/11742 (2.0 it/s)
[Epoch 6/10] step 6100/11742 (2.0 it/s)
[Epoch 6/10] step 6150/11742 (2.0 it/s)
[Epoch 6/10] step 6200/11742 (2.0 it/s)
[Epoch 6/10] step 6250/11742 (2.0 it/s)
[Epoch 6/10] step 6300/11742 (2.0 it/s)
[Epoch 6/10] step 6350/11742 (2.0 it/s)
[Epoch 6/10] step 6400/11742 (2.0 it/s)
[Epoch 6/10] step 6450/11742 (2.0 it/s)
[Epoch 6/10] step 6500/11742 (2.0 it/s)
[Epoch 6/10] step 6550/11742 (2.0 it/s)
[Epoch 6/10] step 6600/11742 (2.0 it/s)
[Epoch 6/10] step 6650/11742 (2.0 it/s)
[Epoch 6/10] step 6700/11742 (2.0 it/s)
[Epoch 6/10] step 6750/11742 (2.0 it/s)
[Epoch 6/10] step 6800/11742 (2.0 it/s)
[Epoch 6/10] step 6850/11742 (2.0 it/s)
[Epoch 6/10] step 6900/11742 (2.0 it/s)
[Epoch 6/10] step 6950/11742 (2.0 it/s)
[Epoch 6/10] step 7000/11742 (2.0 it/s)
[Epoch 6/10] step 7050/11742 (2.0 it/s)
[Epoch 6/10] step 7100/11742 (2.0 it/s)
[Epoch 6/10] step 7150/11742 (2.0 it/s)
[Epoch 6/10] step 7200/11742 (2.0 it/s)
[Epoch 6/10] step 7250/11742 (2.0 it/s)
[Epoch 6/10] step 7300/11742 (2.0 it/s)
[Epoch 6/10] step 7350/11742 (2.0 it/s)
[Epoch 6/10] step 7400/11742 (2.0 it/s)
[Epoch 6/10] step 7450/11742 (2.0 it/s)
[Epoch 6/10] step 7500/11742 (2.0 it/s)
[Epoch 6/10] step 7550/11742 (2.0 it/s)
[Epoch 6/10] step 7600/11742 (2.0 it/s)
[Epoch 6/10] step 7650/11742 (2.0 it/s)
[Epoch 6/10] step 7700/11742 (2.0 it/s)
[Epoch 6/10] step 7750/11742 (2.0 it/s)
[Epoch 6/10] step 7800/11742 (2.0 it/s)
[Epoch 6/10] step 7850/11742 (2.0 it/s)
[Epoch 6/10] step 7900/11742 (2.0 it/s)
[Epoch 6/10] step 7950/11742 (2.0 it/s)
[Epoch 6/10] step 8000/11742 (2.0 it/s)
[Epoch 6/10] step 8050/11742 (2.0 it/s)
[Epoch 6/10] step 8100/11742 (2.0 it/s)
[Epoch 6/10] step 8150/11742 (2.0 it/s)
[Epoch 6/10] step 8200/11742 (2.0 it/s)
[Epoch 6/10] step 8250/11742 (2.0 it/s)
[Epoch 6/10] step 8300/11742 (2.0 it/s)
[Epoch 6/10] step 8350/11742 (2.0 it/s)
[Epoch 6/10] step 8400/11742 (2.0 it/s)
[Epoch 6/10] step 8450/11742 (2.0 it/s)
[Epoch 6/10] step 8500/11742 (2.0 it/s)
[Epoch 6/10] step 8550/11742 (2.0 it/s)
[Epoch 6/10] step 8600/11742 (2.0 it/s)
[Epoch 6/10] step 8650/11742 (2.0 it/s)
[Epoch 6/10] step 8700/11742 (2.0 it/s)
[Epoch 6/10] step 8750/11742 (2.0 it/s)
[Epoch 6/10] step 8800/11742 (2.0 it/s)
[Epoch 6/10] step 8850/11742 (2.0 it/s)
[Epoch 6/10] step 8900/11742 (2.0 it/s)
[Epoch 6/10] step 8950/11742 (2.0 it/s)
[Epoch 6/10] step 9000/11742 (2.0 it/s)
[Epoch 6/10] step 9050/11742 (2.0 it/s)
[Epoch 6/10] step 9100/11742 (2.0 it/s)
[Epoch 6/10] step 9150/11742 (2.0 it/s)
[Epoch 6/10] step 9200/11742 (2.0 it/s)
[Epoch 6/10] step 9250/11742 (2.0 it/s)
[Epoch 6/10] step 9300/11742 (2.0 it/s)
[Epoch 6/10] step 9350/11742 (2.0 it/s)
[Epoch 6/10] step 9400/11742 (2.0 it/s)
[Epoch 6/10] step 9450/11742 (2.0 it/s)
[Epoch 6/10] step 9500/11742 (2.0 it/s)
[Epoch 6/10] step 9550/11742 (2.0 it/s)
[Epoch 6/10] step 9600/11742 (2.0 it/s)
[Epoch 6/10] step 9650/11742 (2.0 it/s)
[Epoch 6/10] step 9700/11742 (2.0 it/s)
[Epoch 6/10] step 9750/11742 (2.0 it/s)
[Epoch 6/10] step 9800/11742 (2.0 it/s)
[Epoch 6/10] step 9850/11742 (2.0 it/s)
[Epoch 6/10] step 9900/11742 (2.0 it/s)
[Epoch 6/10] step 9950/11742 (2.0 it/s)
[Epoch 6/10] step 10000/11742 (2.0 it/s)
[Epoch 6/10] step 10050/11742 (2.0 it/s)
[Epoch 6/10] step 10100/11742 (2.0 it/s)
[Epoch 6/10] step 10150/11742 (2.0 it/s)
[Epoch 6/10] step 10200/11742 (2.0 it/s)
[Epoch 6/10] step 10250/11742 (2.0 it/s)
[Epoch 6/10] step 10300/11742 (2.0 it/s)
[Epoch 6/10] step 10350/11742 (2.0 it/s)
[Epoch 6/10] step 10400/11742 (2.0 it/s)
[Epoch 6/10] step 10450/11742 (2.0 it/s)
[Epoch 6/10] step 10500/11742 (2.0 it/s)
[Epoch 6/10] step 10550/11742 (2.0 it/s)
[Epoch 6/10] step 10600/11742 (2.0 it/s)
[Epoch 6/10] step 10650/11742 (2.0 it/s)
[Epoch 6/10] step 10700/11742 (2.0 it/s)
[Epoch 6/10] step 10750/11742 (2.0 it/s)
[Epoch 6/10] step 10800/11742 (2.0 it/s)
[Epoch 6/10] step 10850/11742 (2.0 it/s)
[Epoch 6/10] step 10900/11742 (2.0 it/s)
[Epoch 6/10] step 10950/11742 (2.0 it/s)
[Epoch 6/10] step 11000/11742 (2.0 it/s)
[Epoch 6/10] step 11050/11742 (2.0 it/s)
[Epoch 6/10] step 11100/11742 (2.0 it/s)
[Epoch 6/10] step 11150/11742 (2.0 it/s)
[Epoch 6/10] step 11200/11742 (2.0 it/s)
[Epoch 6/10] step 11250/11742 (2.0 it/s)
[Epoch 6/10] step 11300/11742 (2.0 it/s)
[Epoch 6/10] step 11350/11742 (2.0 it/s)
[Epoch 6/10] step 11400/11742 (2.0 it/s)
[Epoch 6/10] step 11450/11742 (2.0 it/s)
[Epoch 6/10] step 11500/11742 (2.0 it/s)
[Epoch 6/10] step 11550/11742 (2.0 it/s)
[Epoch 6/10] step 11600/11742 (2.0 it/s)
[Epoch 6/10] step 11650/11742 (2.0 it/s)
[Epoch 6/10] step 11700/11742 (2.0 it/s)
06:37:20 | INFO  | trainer_inf~| \n+-----------------------------+-----------------------+
|            Metric           |         Value         |
+-----------------------------+-----------------------+
|        [0;34;40mfit/cons_loss[0m        |  [0;32;40m0.025972841307520866[0m |
|         [0;34;40mfit/kl_loss[0m         |   [0;32;40m5.935868263244629[0m   |
|           [0;34;40mfit/loss[0m          |  [0;32;40m0.24531914293766022[0m  |
|        [0;34;40mfit/pred1_loss[0m       |  [0;32;40m0.02534814178943634[0m  |
|       [0;34;40mfit/sigreg1_loss[0m      |       [0;32;40m0.9296875[0m       |
|        [0;34;40mfit/skill_loss[0m       |   [0;32;40m0.5114337801933289[0m  |
|           [0;34;40mfit/w_kl[0m          |  [0;32;40m0.009999999776482582[0m |
|     [0;34;40mhardware/cpu_percent[0m    |   [0;32;40m23.899999618530273[0m  |
|   [0;34;40mhardware/disk_read_mb_s[0m   |    [0;32;40m80.2828140258789[0m   |
|   [0;34;40mhardware/disk_write_mb_s[0m  |          [0;32;40m0.0[0m          |
|    [0;34;40mhardware/net_recv_mb_s[0m   |          [0;32;40m0.0[0m          |
|    [0;34;40mhardware/net_sent_mb_s[0m   |          [0;32;40m0.0[0m          |
|     [0;34;40mhardware/ram_used_gb[0m    |   [0;32;40m58.887840270996094[0m  |
|    [0;34;40mhardware/ram_used_pct[0m    |   [0;32;40m49.20000076293945[0m   |
|     [0;34;40mhparams/lr_model_opt[0m    | [0;32;40m6.299126107478514e-05[0m |
|      [0;34;40mvalidate/cons_loss[0m     |  [0;32;40m0.019235538318753242[0m |
|   [0;34;40mvalidate/cons_loss_epoch[0m  |  [0;32;40m0.019235538318753242[0m |
|       [0;34;40mvalidate/kl_loss[0m      |   [0;32;40m5.899087905883789[0m   |
|    [0;34;40mvalidate/kl_loss_epoch[0m   |   [0;32;40m5.899087905883789[0m   |
|        [0;34;40mvalidate/loss[0m        |   [0;32;40m0.2655825912952423[0m  |
|     [0;34;40mvalidate/loss_epoch[0m     |   [0;32;40m0.2655825912952423[0m  |
|     [0;34;40mvalidate/pred1_loss[0m     |  [0;32;40m0.018064821138978004[0m |
|  [0;34;40mvalidate/pred1_loss_epoch[0m  |  [0;32;40m0.018064821138978004[0m |
|    [0;34;40mvalidate/sigreg1_loss[0m    |   [0;32;40m1.3513916730880737[0m  |
| [0;34;40mvalidate/sigreg1_loss_epoch[0m |   [0;32;40m1.3513916730880737[0m  |
|     [0;34;40mvalidate/skill_loss[0m     |   [0;32;40m0.4766063392162323[0m  |
|  [0;34;40mvalidate/skill_loss_epoch[0m  |   [0;32;40m0.4766063392162323[0m  |
|        [0;34;40mvalidate/w_kl[0m        |  [0;32;40m0.010000155307352543[0m |
|     [0;34;40mvalidate/w_kl_epoch[0m     |  [0;32;40m0.010000155307352543[0m |
+-----------------------------+-----------------------+
06:37:20 | INFO  | utils.py    | 📦📦📦 Model saved to /home/mattin/.stable_worldmodel/checkpoints/lehwm/weights_epoch_7.pt 📦📦📦
[Epoch 6/10] done in 6420.6s
06:37:20 | INFO  | checkpoint_~|   Checking for non PyTorch modules to save
06:37:20 | INFO  | atomic_chec~| [atomic_save] → /home/mattin/.cache/stable-pretraining/runs/20260929/173920/64c669b40e1d/checkpoints/epoch=6-step=82194.ckpt
06:37:20 | INFO  | atomic_chec~| [atomic_save] ✓ epoch=6-step=82194.ckpt saved (138.5 MiB, serialise=0.11s write=0.11s rename=0.0ms)
06:37:20 | INFO  | checkpoint_~|   Checking for non PyTorch modules to save
06:37:20 | INFO  | atomic_chec~| [atomic_save] → /home/mattin/.cache/stable-pretraining/runs/20260929/173920/64c669b40e1d/checkpoints/last.ckpt
06:37:20 | INFO  | atomic_chec~| [atomic_save] ✓ last.ckpt saved (138.5 MiB, serialise=0.11s write=0.10s rename=0.1ms)
[Epoch 7/10] step 50/11742 (1.8 it/s)
[Epoch 7/10] step 100/11742 (1.9 it/s)
[Epoch 7/10] step 150/11742 (1.9 it/s)
[Epoch 7/10] step 200/11742 (2.0 it/s)
[Epoch 7/10] step 250/11742 (2.0 it/s)
[Epoch 7/10] step 300/11742 (2.0 it/s)
[Epoch 7/10] step 350/11742 (2.0 it/s)
[Epoch 7/10] step 400/11742 (2.0 it/s)
[Epoch 7/10] step 450/11742 (2.0 it/s)
[Epoch 7/10] step 500/11742 (2.0 it/s)
[Epoch 7/10] step 550/11742 (2.0 it/s)
[Epoch 7/10] step 600/11742 (2.0 it/s)
[Epoch 7/10] step 650/11742 (2.0 it/s)
[Epoch 7/10] step 700/11742 (2.0 it/s)
[Epoch 7/10] step 750/11742 (2.0 it/s)
[Epoch 7/10] step 800/11742 (2.0 it/s)
[Epoch 7/10] step 850/11742 (2.0 it/s)
[Epoch 7/10] step 900/11742 (2.0 it/s)
[Epoch 7/10] step 950/11742 (2.0 it/s)
[Epoch 7/10] step 1000/11742 (2.0 it/s)
[Epoch 7/10] step 1050/11742 (2.0 it/s)
[Epoch 7/10] step 1100/11742 (2.0 it/s)
[Epoch 7/10] step 1150/11742 (2.0 it/s)
[Epoch 7/10] step 1200/11742 (2.0 it/s)
[Epoch 7/10] step 1250/11742 (2.0 it/s)
[Epoch 7/10] step 1300/11742 (2.0 it/s)
[Epoch 7/10] step 1350/11742 (2.0 it/s)
[Epoch 7/10] step 1400/11742 (2.0 it/s)
[Epoch 7/10] step 1450/11742 (2.0 it/s)
[Epoch 7/10] step 1500/11742 (2.0 it/s)
[Epoch 7/10] step 1550/11742 (2.0 it/s)
[Epoch 7/10] step 1600/11742 (2.0 it/s)
[Epoch 7/10] step 1650/11742 (2.0 it/s)
[Epoch 7/10] step 1700/11742 (2.0 it/s)
[Epoch 7/10] step 1750/11742 (2.0 it/s)
[Epoch 7/10] step 1800/11742 (2.0 it/s)
[Epoch 7/10] step 1850/11742 (2.0 it/s)
[Epoch 7/10] step 1900/11742 (2.0 it/s)
[Epoch 7/10] step 1950/11742 (2.0 it/s)
[Epoch 7/10] step 2000/11742 (2.0 it/s)
[Epoch 7/10] step 2050/11742 (2.0 it/s)
[Epoch 7/10] step 2100/11742 (2.0 it/s)
[Epoch 7/10] step 2150/11742 (2.0 it/s)
[Epoch 7/10] step 2200/11742 (2.0 it/s)
[Epoch 7/10] step 2250/11742 (2.0 it/s)
[Epoch 7/10] step 2300/11742 (2.0 it/s)
[Epoch 7/10] step 2350/11742 (2.0 it/s)
[Epoch 7/10] step 2400/11742 (2.0 it/s)
[Epoch 7/10] step 2450/11742 (2.0 it/s)
[Epoch 7/10] step 2500/11742 (2.0 it/s)
[Epoch 7/10] step 2550/11742 (2.0 it/s)
[Epoch 7/10] step 2600/11742 (2.0 it/s)
[Epoch 7/10] step 2650/11742 (2.0 it/s)
[Epoch 7/10] step 2700/11742 (2.0 it/s)
[Epoch 7/10] step 2750/11742 (2.0 it/s)
[Epoch 7/10] step 2800/11742 (2.0 it/s)
[Epoch 7/10] step 2850/11742 (2.0 it/s)
[Epoch 7/10] step 2900/11742 (2.0 it/s)
[Epoch 7/10] step 2950/11742 (2.0 it/s)
[Epoch 7/10] step 3000/11742 (2.0 it/s)
[Epoch 7/10] step 3050/11742 (2.0 it/s)
[Epoch 7/10] step 3100/11742 (2.0 it/s)
[Epoch 7/10] step 3150/11742 (2.0 it/s)
[Epoch 7/10] step 3200/11742 (2.0 it/s)
[Epoch 7/10] step 3250/11742 (2.0 it/s)
[Epoch 7/10] step 3300/11742 (2.0 it/s)
[Epoch 7/10] step 3350/11742 (2.0 it/s)
[Epoch 7/10] step 3400/11742 (2.0 it/s)
[Epoch 7/10] step 3450/11742 (2.0 it/s)
[Epoch 7/10] step 3500/11742 (2.0 it/s)
[Epoch 7/10] step 3550/11742 (2.0 it/s)
[Epoch 7/10] step 3600/11742 (2.0 it/s)
[Epoch 7/10] step 3650/11742 (2.0 it/s)
[Epoch 7/10] step 3700/11742 (2.0 it/s)
[Epoch 7/10] step 3750/11742 (2.0 it/s)
[Epoch 7/10] step 3800/11742 (2.0 it/s)
[Epoch 7/10] step 3850/11742 (2.0 it/s)
[Epoch 7/10] step 3900/11742 (2.0 it/s)
[Epoch 7/10] step 3950/11742 (2.0 it/s)
[Epoch 7/10] step 4000/11742 (2.0 it/s)
[Epoch 7/10] step 4050/11742 (2.0 it/s)
[Epoch 7/10] step 4100/11742 (2.0 it/s)
[Epoch 7/10] step 4150/11742 (2.0 it/s)
[Epoch 7/10] step 4200/11742 (2.0 it/s)
[Epoch 7/10] step 4250/11742 (2.0 it/s)
[Epoch 7/10] step 4300/11742 (2.0 it/s)
[Epoch 7/10] step 4350/11742 (2.0 it/s)
[Epoch 7/10] step 4400/11742 (2.0 it/s)
[Epoch 7/10] step 4450/11742 (2.0 it/s)
[Epoch 7/10] step 4500/11742 (2.0 it/s)
[Epoch 7/10] step 4550/11742 (2.0 it/s)
[Epoch 7/10] step 4600/11742 (2.0 it/s)
[Epoch 7/10] step 4650/11742 (2.0 it/s)
[Epoch 7/10] step 4700/11742 (2.0 it/s)
[Epoch 7/10] step 4750/11742 (2.0 it/s)
[Epoch 7/10] step 4800/11742 (2.0 it/s)
[Epoch 7/10] step 4850/11742 (2.0 it/s)
[Epoch 7/10] step 4900/11742 (2.0 it/s)
[Epoch 7/10] step 4950/11742 (2.0 it/s)
[Epoch 7/10] step 5000/11742 (2.0 it/s)
[Epoch 7/10] step 5050/11742 (2.0 it/s)
[Epoch 7/10] step 5100/11742 (2.0 it/s)
[Epoch 7/10] step 5150/11742 (2.0 it/s)
[Epoch 7/10] step 5200/11742 (2.0 it/s)
[Epoch 7/10] step 5250/11742 (2.0 it/s)
[Epoch 7/10] step 5300/11742 (2.0 it/s)
[Epoch 7/10] step 5350/11742 (2.0 it/s)
[Epoch 7/10] step 5400/11742 (2.0 it/s)
[Epoch 7/10] step 5450/11742 (2.0 it/s)
[Epoch 7/10] step 5500/11742 (2.0 it/s)
[Epoch 7/10] step 5550/11742 (2.0 it/s)
[Epoch 7/10] step 5600/11742 (2.0 it/s)
[Epoch 7/10] step 5650/11742 (2.0 it/s)
[Epoch 7/10] step 5700/11742 (2.0 it/s)
[Epoch 7/10] step 5750/11742 (2.0 it/s)
[Epoch 7/10] step 5800/11742 (2.0 it/s)
[Epoch 7/10] step 5850/11742 (2.0 it/s)
[Epoch 7/10] step 5900/11742 (2.0 it/s)
[Epoch 7/10] step 5950/11742 (2.0 it/s)
[Epoch 7/10] step 6000/11742 (2.0 it/s)
[Epoch 7/10] step 6050/11742 (2.0 it/s)
[Epoch 7/10] step 6100/11742 (2.0 it/s)
[Epoch 7/10] step 6150/11742 (2.0 it/s)
[Epoch 7/10] step 6200/11742 (2.0 it/s)
[Epoch 7/10] step 6250/11742 (2.0 it/s)
[Epoch 7/10] step 6300/11742 (2.0 it/s)
[Epoch 7/10] step 6350/11742 (2.0 it/s)
[Epoch 7/10] step 6400/11742 (2.0 it/s)
[Epoch 7/10] step 6450/11742 (2.0 it/s)
[Epoch 7/10] step 6500/11742 (2.0 it/s)
[Epoch 7/10] step 6550/11742 (2.0 it/s)
[Epoch 7/10] step 6600/11742 (2.0 it/s)
[Epoch 7/10] step 6650/11742 (2.0 it/s)
[Epoch 7/10] step 6700/11742 (2.0 it/s)
[Epoch 7/10] step 6750/11742 (2.0 it/s)
[Epoch 7/10] step 6800/11742 (2.0 it/s)
[Epoch 7/10] step 6850/11742 (2.0 it/s)
[Epoch 7/10] step 6900/11742 (2.0 it/s)
[Epoch 7/10] step 6950/11742 (2.0 it/s)
[Epoch 7/10] step 7000/11742 (2.0 it/s)
[Epoch 7/10] step 7050/11742 (2.0 it/s)
[Epoch 7/10] step 7100/11742 (2.0 it/s)
[Epoch 7/10] step 7150/11742 (2.0 it/s)
[Epoch 7/10] step 7200/11742 (2.0 it/s)
[Epoch 7/10] step 7250/11742 (2.0 it/s)
[Epoch 7/10] step 7300/11742 (2.0 it/s)
[Epoch 7/10] step 7350/11742 (2.0 it/s)
[Epoch 7/10] step 7400/11742 (2.0 it/s)
[Epoch 7/10] step 7450/11742 (2.0 it/s)
[Epoch 7/10] step 7500/11742 (2.0 it/s)
[Epoch 7/10] step 7550/11742 (2.0 it/s)
[Epoch 7/10] step 7600/11742 (2.0 it/s)
[Epoch 7/10] step 7650/11742 (2.0 it/s)
[Epoch 7/10] step 7700/11742 (2.0 it/s)
[Epoch 7/10] step 7750/11742 (2.0 it/s)
[Epoch 7/10] step 7800/11742 (2.0 it/s)
[Epoch 7/10] step 7850/11742 (2.0 it/s)
[Epoch 7/10] step 7900/11742 (2.0 it/s)
[Epoch 7/10] step 7950/11742 (2.0 it/s)
[Epoch 7/10] step 8000/11742 (2.0 it/s)
[Epoch 7/10] step 8050/11742 (2.0 it/s)
[Epoch 7/10] step 8100/11742 (2.0 it/s)
[Epoch 7/10] step 8150/11742 (2.0 it/s)
[Epoch 7/10] step 8200/11742 (2.0 it/s)
[Epoch 7/10] step 8250/11742 (2.0 it/s)
[Epoch 7/10] step 8300/11742 (2.0 it/s)
[Epoch 7/10] step 8350/11742 (2.0 it/s)
[Epoch 7/10] step 8400/11742 (2.0 it/s)
[Epoch 7/10] step 8450/11742 (2.0 it/s)
[Epoch 7/10] step 8500/11742 (2.0 it/s)
[Epoch 7/10] step 8550/11742 (2.0 it/s)
[Epoch 7/10] step 8600/11742 (2.0 it/s)
[Epoch 7/10] step 8650/11742 (2.0 it/s)
[Epoch 7/10] step 8700/11742 (2.0 it/s)
[Epoch 7/10] step 8750/11742 (2.0 it/s)
[Epoch 7/10] step 8800/11742 (2.0 it/s)
[Epoch 7/10] step 8850/11742 (2.0 it/s)
[Epoch 7/10] step 8900/11742 (2.0 it/s)
[Epoch 7/10] step 8950/11742 (2.0 it/s)
[Epoch 7/10] step 9000/11742 (2.0 it/s)
[Epoch 7/10] step 9050/11742 (2.0 it/s)
[Epoch 7/10] step 9100/11742 (2.0 it/s)
[Epoch 7/10] step 9150/11742 (2.0 it/s)
[Epoch 7/10] step 9200/11742 (2.0 it/s)
[Epoch 7/10] step 9250/11742 (2.0 it/s)
[Epoch 7/10] step 9300/11742 (2.0 it/s)
[Epoch 7/10] step 9350/11742 (2.0 it/s)
[Epoch 7/10] step 9400/11742 (2.0 it/s)
[Epoch 7/10] step 9450/11742 (2.0 it/s)
[Epoch 7/10] step 9500/11742 (2.0 it/s)
[Epoch 7/10] step 9550/11742 (2.0 it/s)
[Epoch 7/10] step 9600/11742 (2.0 it/s)
[Epoch 7/10] step 9650/11742 (2.0 it/s)
[Epoch 7/10] step 9700/11742 (2.0 it/s)
[Epoch 7/10] step 9750/11742 (2.0 it/s)
[Epoch 7/10] step 9800/11742 (2.0 it/s)
[Epoch 7/10] step 9850/11742 (2.0 it/s)
[Epoch 7/10] step 9900/11742 (2.0 it/s)
[Epoch 7/10] step 9950/11742 (2.0 it/s)
[Epoch 7/10] step 10000/11742 (2.0 it/s)
[Epoch 7/10] step 10050/11742 (2.0 it/s)
[Epoch 7/10] step 10100/11742 (2.0 it/s)
[Epoch 7/10] step 10150/11742 (2.0 it/s)
[Epoch 7/10] step 10200/11742 (2.0 it/s)
[Epoch 7/10] step 10250/11742 (2.0 it/s)
[Epoch 7/10] step 10300/11742 (2.0 it/s)
[Epoch 7/10] step 10350/11742 (2.0 it/s)
[Epoch 7/10] step 10400/11742 (2.0 it/s)
[Epoch 7/10] step 10450/11742 (2.0 it/s)
[Epoch 7/10] step 10500/11742 (2.0 it/s)
[Epoch 7/10] step 10550/11742 (2.0 it/s)
[Epoch 7/10] step 10600/11742 (2.0 it/s)
[Epoch 7/10] step 10650/11742 (2.0 it/s)
[Epoch 7/10] step 10700/11742 (2.0 it/s)
[Epoch 7/10] step 10750/11742 (2.0 it/s)
[Epoch 7/10] step 10800/11742 (2.0 it/s)
[Epoch 7/10] step 10850/11742 (2.0 it/s)
[Epoch 7/10] step 10900/11742 (2.0 it/s)
[Epoch 7/10] step 10950/11742 (2.0 it/s)
[Epoch 7/10] step 11000/11742 (2.0 it/s)
[Epoch 7/10] step 11050/11742 (2.0 it/s)
[Epoch 7/10] step 11100/11742 (2.0 it/s)
[Epoch 7/10] step 11150/11742 (2.0 it/s)
[Epoch 7/10] step 11200/11742 (2.0 it/s)
[Epoch 7/10] step 11250/11742 (2.0 it/s)
[Epoch 7/10] step 11300/11742 (2.0 it/s)
[Epoch 7/10] step 11350/11742 (2.0 it/s)
[Epoch 7/10] step 11400/11742 (2.0 it/s)
[Epoch 7/10] step 11450/11742 (2.0 it/s)
[Epoch 7/10] step 11500/11742 (2.0 it/s)
[Epoch 7/10] step 11550/11742 (2.0 it/s)
[Epoch 7/10] step 11600/11742 (2.0 it/s)
[Epoch 7/10] step 11650/11742 (2.0 it/s)
[Epoch 7/10] step 11700/11742 (2.0 it/s)
08:24:16 | INFO  | trainer_inf~| \n+-----------------------------+------------------------+
|            Metric           |         Value          |
+-----------------------------+------------------------+
|        [0;34;40mfit/cons_loss[0m        |  [0;32;40m0.022248124703764915[0m  |
|         [0;34;40mfit/kl_loss[0m         |   [0;32;40m6.270098686218262[0m    |
|           [0;34;40mfit/loss[0m          |   [0;32;40m0.2375440150499344[0m   |
|        [0;34;40mfit/pred1_loss[0m       |  [0;32;40m0.024854790419340134[0m  |
|       [0;34;40mfit/sigreg1_loss[0m      |        [0;32;40m0.921875[0m        |
|        [0;34;40mfit/skill_loss[0m       |   [0;32;40m0.4473229944705963[0m   |
|           [0;34;40mfit/w_kl[0m          |  [0;32;40m0.009999999776482582[0m  |
|     [0;34;40mhardware/cpu_percent[0m    |   [0;32;40m27.700000762939453[0m   |
|   [0;34;40mhardware/disk_read_mb_s[0m   |   [0;32;40m104.97846221923828[0m   |
|   [0;34;40mhardware/disk_write_mb_s[0m  | [0;32;40m0.0035135967191308737[0m  |
|    [0;34;40mhardware/net_recv_mb_s[0m   | [0;32;40m6.671868322882801e-05[0m  |
|    [0;34;40mhardware/net_sent_mb_s[0m   | [0;32;40m3.3168718800880015e-05[0m |
|     [0;34;40mhardware/ram_used_gb[0m    |   [0;32;40m58.14571762084961[0m    |
|    [0;34;40mhardware/ram_used_pct[0m    |   [0;32;40m48.599998474121094[0m   |
|     [0;34;40mhparams/lr_model_opt[0m    | [0;32;40m2.9209364583948627e-05[0m |
|      [0;34;40mvalidate/cons_loss[0m     |  [0;32;40m0.018249159678816795[0m  |
|   [0;34;40mvalidate/cons_loss_epoch[0m  |  [0;32;40m0.018249159678816795[0m  |
|       [0;34;40mvalidate/kl_loss[0m      |   [0;32;40m5.834695816040039[0m    |
|    [0;34;40mvalidate/kl_loss_epoch[0m   |   [0;32;40m5.834695816040039[0m    |
|        [0;34;40mvalidate/loss[0m        |   [0;32;40m0.2633976638317108[0m   |
|     [0;34;40mvalidate/loss_epoch[0m     |   [0;32;40m0.2633976638317108[0m   |
|     [0;34;40mvalidate/pred1_loss[0m     |  [0;32;40m0.017206622287631035[0m  |
|  [0;34;40mvalidate/pred1_loss_epoch[0m  |  [0;32;40m0.017206622287631035[0m  |
|    [0;34;40mvalidate/sigreg1_loss[0m    |   [0;32;40m1.3575026988983154[0m   |
| [0;34;40mvalidate/sigreg1_loss_epoch[0m |   [0;32;40m1.3575026988983154[0m   |
|     [0;34;40mvalidate/skill_loss[0m     |  [0;32;40m0.47423121333122253[0m   |
|  [0;34;40mvalidate/skill_loss_epoch[0m  |  [0;32;40m0.47423121333122253[0m   |
|        [0;34;40mvalidate/w_kl[0m        |  [0;32;40m0.010000155307352543[0m  |
|     [0;34;40mvalidate/w_kl_epoch[0m     |  [0;32;40m0.010000155307352543[0m  |
+-----------------------------+------------------------+
08:24:16 | INFO  | utils.py    | 📦📦📦 Model saved to /home/mattin/.stable_worldmodel/checkpoints/lehwm/weights_epoch_8.pt 📦📦📦
[Epoch 7/10] done in 6416.3s
08:24:16 | INFO  | checkpoint_~|   Checking for non PyTorch modules to save
08:24:16 | INFO  | atomic_chec~| [atomic_save] → /home/mattin/.cache/stable-pretraining/runs/20260929/173920/64c669b40e1d/checkpoints/epoch=7-step=93936.ckpt
08:24:17 | INFO  | atomic_chec~| [atomic_save] ✓ epoch=7-step=93936.ckpt saved (138.5 MiB, serialise=0.12s write=0.12s rename=0.0ms)
08:24:17 | INFO  | checkpoint_~|   Checking for non PyTorch modules to save
08:24:17 | INFO  | atomic_chec~| [atomic_save] → /home/mattin/.cache/stable-pretraining/runs/20260929/173920/64c669b40e1d/checkpoints/last.ckpt
08:24:17 | INFO  | atomic_chec~| [atomic_save] ✓ last.ckpt saved (138.5 MiB, serialise=0.11s write=0.11s rename=0.3ms)
[Epoch 8/10] step 50/11742 (1.9 it/s)
[Epoch 8/10] step 100/11742 (1.9 it/s)
[Epoch 8/10] step 150/11742 (2.0 it/s)
[Epoch 8/10] step 200/11742 (2.0 it/s)
[Epoch 8/10] step 250/11742 (2.0 it/s)
[Epoch 8/10] step 300/11742 (2.0 it/s)
[Epoch 8/10] step 350/11742 (2.0 it/s)
[Epoch 8/10] step 400/11742 (2.0 it/s)
[Epoch 8/10] step 450/11742 (2.0 it/s)
[Epoch 8/10] step 500/11742 (2.0 it/s)
[Epoch 8/10] step 550/11742 (2.0 it/s)
[Epoch 8/10] step 600/11742 (2.0 it/s)
[Epoch 8/10] step 650/11742 (2.0 it/s)
[Epoch 8/10] step 700/11742 (2.0 it/s)
[Epoch 8/10] step 750/11742 (2.0 it/s)
[Epoch 8/10] step 800/11742 (2.0 it/s)
[Epoch 8/10] step 850/11742 (2.0 it/s)
[Epoch 8/10] step 900/11742 (2.0 it/s)
[Epoch 8/10] step 950/11742 (2.0 it/s)
[Epoch 8/10] step 1000/11742 (2.0 it/s)
[Epoch 8/10] step 1050/11742 (2.0 it/s)
[Epoch 8/10] step 1100/11742 (2.0 it/s)
[Epoch 8/10] step 1150/11742 (2.0 it/s)
[Epoch 8/10] step 1200/11742 (2.0 it/s)
[Epoch 8/10] step 1250/11742 (2.0 it/s)
[Epoch 8/10] step 1300/11742 (2.0 it/s)
[Epoch 8/10] step 1350/11742 (2.0 it/s)
[Epoch 8/10] step 1400/11742 (2.0 it/s)
[Epoch 8/10] step 1450/11742 (2.0 it/s)
[Epoch 8/10] step 1500/11742 (2.0 it/s)
[Epoch 8/10] step 1550/11742 (2.0 it/s)
[Epoch 8/10] step 1600/11742 (2.0 it/s)
[Epoch 8/10] step 1650/11742 (2.0 it/s)
[Epoch 8/10] step 1700/11742 (2.0 it/s)
[Epoch 8/10] step 1750/11742 (2.0 it/s)
[Epoch 8/10] step 1800/11742 (2.0 it/s)
[Epoch 8/10] step 1850/11742 (2.0 it/s)
[Epoch 8/10] step 1900/11742 (2.0 it/s)
[Epoch 8/10] step 1950/11742 (2.0 it/s)
[Epoch 8/10] step 2000/11742 (2.0 it/s)
[Epoch 8/10] step 2050/11742 (2.0 it/s)
[Epoch 8/10] step 2100/11742 (2.0 it/s)
[Epoch 8/10] step 2150/11742 (2.0 it/s)
[Epoch 8/10] step 2200/11742 (2.0 it/s)
[Epoch 8/10] step 2250/11742 (2.0 it/s)
[Epoch 8/10] step 2300/11742 (2.0 it/s)
[Epoch 8/10] step 2350/11742 (2.0 it/s)
[Epoch 8/10] step 2400/11742 (2.0 it/s)
[Epoch 8/10] step 2450/11742 (2.0 it/s)
[Epoch 8/10] step 2500/11742 (2.0 it/s)
[Epoch 8/10] step 2550/11742 (2.0 it/s)
[Epoch 8/10] step 2600/11742 (2.0 it/s)
[Epoch 8/10] step 2650/11742 (2.0 it/s)
[Epoch 8/10] step 2700/11742 (2.0 it/s)
[Epoch 8/10] step 2750/11742 (2.0 it/s)
[Epoch 8/10] step 2800/11742 (2.0 it/s)
[Epoch 8/10] step 2850/11742 (2.0 it/s)
[Epoch 8/10] step 2900/11742 (2.0 it/s)
[Epoch 8/10] step 2950/11742 (2.0 it/s)
[Epoch 8/10] step 3000/11742 (2.0 it/s)
[Epoch 8/10] step 3050/11742 (2.0 it/s)
[Epoch 8/10] step 3100/11742 (2.0 it/s)
[Epoch 8/10] step 3150/11742 (2.0 it/s)
[Epoch 8/10] step 3200/11742 (2.0 it/s)
[Epoch 8/10] step 3250/11742 (2.0 it/s)
[Epoch 8/10] step 3300/11742 (2.0 it/s)
[Epoch 8/10] step 3350/11742 (2.0 it/s)
[Epoch 8/10] step 3400/11742 (2.0 it/s)
[Epoch 8/10] step 3450/11742 (2.0 it/s)
[Epoch 8/10] step 3500/11742 (2.0 it/s)
[Epoch 8/10] step 3550/11742 (2.0 it/s)
[Epoch 8/10] step 3600/11742 (2.0 it/s)
[Epoch 8/10] step 3650/11742 (2.0 it/s)
[Epoch 8/10] step 3700/11742 (2.0 it/s)
[Epoch 8/10] step 3750/11742 (2.0 it/s)
[Epoch 8/10] step 3800/11742 (2.0 it/s)
[Epoch 8/10] step 3850/11742 (2.0 it/s)
[Epoch 8/10] step 3900/11742 (2.0 it/s)
[Epoch 8/10] step 3950/11742 (2.0 it/s)
[Epoch 8/10] step 4000/11742 (2.0 it/s)
[Epoch 8/10] step 4050/11742 (2.0 it/s)
[Epoch 8/10] step 4100/11742 (2.0 it/s)
[Epoch 8/10] step 4150/11742 (2.0 it/s)
[Epoch 8/10] step 4200/11742 (2.0 it/s)
[Epoch 8/10] step 4250/11742 (2.0 it/s)
[Epoch 8/10] step 4300/11742 (2.0 it/s)
[Epoch 8/10] step 4350/11742 (2.0 it/s)
[Epoch 8/10] step 4400/11742 (2.0 it/s)
[Epoch 8/10] step 4450/11742 (2.0 it/s)
[Epoch 8/10] step 4500/11742 (2.0 it/s)
[Epoch 8/10] step 4550/11742 (2.0 it/s)
[Epoch 8/10] step 4600/11742 (2.0 it/s)
[Epoch 8/10] step 4650/11742 (2.0 it/s)
[Epoch 8/10] step 4700/11742 (2.0 it/s)
[Epoch 8/10] step 4750/11742 (2.0 it/s)
[Epoch 8/10] step 4800/11742 (2.0 it/s)
[Epoch 8/10] step 4850/11742 (2.0 it/s)
[Epoch 8/10] step 4900/11742 (2.0 it/s)
[Epoch 8/10] step 4950/11742 (2.0 it/s)
[Epoch 8/10] step 5000/11742 (2.0 it/s)
[Epoch 8/10] step 5050/11742 (2.0 it/s)
[Epoch 8/10] step 5100/11742 (2.0 it/s)
[Epoch 8/10] step 5150/11742 (2.0 it/s)
[Epoch 8/10] step 5200/11742 (2.0 it/s)
[Epoch 8/10] step 5250/11742 (2.0 it/s)
[Epoch 8/10] step 5300/11742 (2.0 it/s)
[Epoch 8/10] step 5350/11742 (2.0 it/s)
[Epoch 8/10] step 5400/11742 (2.0 it/s)
[Epoch 8/10] step 5450/11742 (2.0 it/s)
[Epoch 8/10] step 5500/11742 (2.0 it/s)
[Epoch 8/10] step 5550/11742 (2.0 it/s)
[Epoch 8/10] step 5600/11742 (2.0 it/s)
[Epoch 8/10] step 5650/11742 (2.0 it/s)
[Epoch 8/10] step 5700/11742 (2.0 it/s)
[Epoch 8/10] step 5750/11742 (2.0 it/s)
[Epoch 8/10] step 5800/11742 (2.0 it/s)
[Epoch 8/10] step 5850/11742 (2.0 it/s)
[Epoch 8/10] step 5900/11742 (2.0 it/s)
[Epoch 8/10] step 5950/11742 (2.0 it/s)
[Epoch 8/10] step 6000/11742 (2.0 it/s)
[Epoch 8/10] step 6050/11742 (2.0 it/s)
[Epoch 8/10] step 6100/11742 (2.0 it/s)
[Epoch 8/10] step 6150/11742 (2.0 it/s)
[Epoch 8/10] step 6200/11742 (2.0 it/s)
[Epoch 8/10] step 6250/11742 (2.0 it/s)
[Epoch 8/10] step 6300/11742 (2.0 it/s)
[Epoch 8/10] step 6350/11742 (2.0 it/s)
[Epoch 8/10] step 6400/11742 (2.0 it/s)
[Epoch 8/10] step 6450/11742 (2.0 it/s)
[Epoch 8/10] step 6500/11742 (2.0 it/s)
[Epoch 8/10] step 6550/11742 (2.0 it/s)
[Epoch 8/10] step 6600/11742 (2.0 it/s)
[Epoch 8/10] step 6650/11742 (2.0 it/s)
[Epoch 8/10] step 6700/11742 (2.0 it/s)
[Epoch 8/10] step 6750/11742 (2.0 it/s)
[Epoch 8/10] step 6800/11742 (2.0 it/s)
[Epoch 8/10] step 6850/11742 (2.0 it/s)
[Epoch 8/10] step 6900/11742 (2.0 it/s)
[Epoch 8/10] step 6950/11742 (2.0 it/s)
[Epoch 8/10] step 7000/11742 (2.0 it/s)
[Epoch 8/10] step 7050/11742 (2.0 it/s)
[Epoch 8/10] step 7100/11742 (2.0 it/s)
[Epoch 8/10] step 7150/11742 (2.0 it/s)
[Epoch 8/10] step 7200/11742 (2.0 it/s)
[Epoch 8/10] step 7250/11742 (2.0 it/s)
[Epoch 8/10] step 7300/11742 (2.0 it/s)
[Epoch 8/10] step 7350/11742 (2.0 it/s)
[Epoch 8/10] step 7400/11742 (2.0 it/s)
[Epoch 8/10] step 7450/11742 (2.0 it/s)
[Epoch 8/10] step 7500/11742 (2.0 it/s)
[Epoch 8/10] step 7550/11742 (2.0 it/s)
[Epoch 8/10] step 7600/11742 (2.0 it/s)
[Epoch 8/10] step 7650/11742 (2.0 it/s)
[Epoch 8/10] step 7700/11742 (2.0 it/s)
[Epoch 8/10] step 7750/11742 (2.0 it/s)
[Epoch 8/10] step 7800/11742 (2.0 it/s)
[Epoch 8/10] step 7850/11742 (2.0 it/s)
[Epoch 8/10] step 7900/11742 (2.0 it/s)
[Epoch 8/10] step 7950/11742 (2.0 it/s)
[Epoch 8/10] step 8000/11742 (2.0 it/s)
[Epoch 8/10] step 8050/11742 (2.0 it/s)
[Epoch 8/10] step 8100/11742 (2.0 it/s)
[Epoch 8/10] step 8150/11742 (2.0 it/s)
[Epoch 8/10] step 8200/11742 (2.0 it/s)
[Epoch 8/10] step 8250/11742 (2.0 it/s)
[Epoch 8/10] step 8300/11742 (2.0 it/s)
[Epoch 8/10] step 8350/11742 (2.0 it/s)
[Epoch 8/10] step 8400/11742 (2.0 it/s)
[Epoch 8/10] step 8450/11742 (2.0 it/s)
[Epoch 8/10] step 8500/11742 (2.0 it/s)
[Epoch 8/10] step 8550/11742 (2.0 it/s)
[Epoch 8/10] step 8600/11742 (2.0 it/s)
[Epoch 8/10] step 8650/11742 (2.0 it/s)
[Epoch 8/10] step 8700/11742 (2.0 it/s)
[Epoch 8/10] step 8750/11742 (2.0 it/s)
[Epoch 8/10] step 8800/11742 (2.0 it/s)
[Epoch 8/10] step 8850/11742 (2.0 it/s)
[Epoch 8/10] step 8900/11742 (2.0 it/s)
[Epoch 8/10] step 8950/11742 (2.0 it/s)
[Epoch 8/10] step 9000/11742 (2.0 it/s)
[Epoch 8/10] step 9050/11742 (2.0 it/s)
[Epoch 8/10] step 9100/11742 (2.0 it/s)
[Epoch 8/10] step 9150/11742 (2.0 it/s)
[Epoch 8/10] step 9200/11742 (2.0 it/s)
[Epoch 8/10] step 9250/11742 (2.0 it/s)
[Epoch 8/10] step 9300/11742 (2.0 it/s)
[Epoch 8/10] step 9350/11742 (2.0 it/s)
[Epoch 8/10] step 9400/11742 (2.0 it/s)
[Epoch 8/10] step 9450/11742 (2.0 it/s)
[Epoch 8/10] step 9500/11742 (2.0 it/s)
[Epoch 8/10] step 9550/11742 (2.0 it/s)
[Epoch 8/10] step 9600/11742 (2.0 it/s)
[Epoch 8/10] step 9650/11742 (2.0 it/s)
[Epoch 8/10] step 9700/11742 (2.0 it/s)
[Epoch 8/10] step 9750/11742 (2.0 it/s)
[Epoch 8/10] step 9800/11742 (2.0 it/s)
[Epoch 8/10] step 9850/11742 (2.0 it/s)
[Epoch 8/10] step 9900/11742 (2.0 it/s)
[Epoch 8/10] step 9950/11742 (2.0 it/s)
[Epoch 8/10] step 10000/11742 (2.0 it/s)
[Epoch 8/10] step 10050/11742 (2.0 it/s)
[Epoch 8/10] step 10100/11742 (2.0 it/s)
[Epoch 8/10] step 10150/11742 (2.0 it/s)
[Epoch 8/10] step 10200/11742 (2.0 it/s)
[Epoch 8/10] step 10250/11742 (2.0 it/s)
[Epoch 8/10] step 10300/11742 (2.0 it/s)
[Epoch 8/10] step 10350/11742 (2.0 it/s)
[Epoch 8/10] step 10400/11742 (2.0 it/s)
[Epoch 8/10] step 10450/11742 (2.0 it/s)
[Epoch 8/10] step 10500/11742 (2.0 it/s)
[Epoch 8/10] step 10550/11742 (2.0 it/s)
[Epoch 8/10] step 10600/11742 (2.0 it/s)
[Epoch 8/10] step 10650/11742 (2.0 it/s)
[Epoch 8/10] step 10700/11742 (2.0 it/s)
[Epoch 8/10] step 10750/11742 (2.0 it/s)
[Epoch 8/10] step 10800/11742 (2.0 it/s)
[Epoch 8/10] step 10850/11742 (2.0 it/s)
[Epoch 8/10] step 10900/11742 (2.0 it/s)
[Epoch 8/10] step 10950/11742 (2.0 it/s)
[Epoch 8/10] step 11000/11742 (2.0 it/s)
[Epoch 8/10] step 11050/11742 (2.0 it/s)
[Epoch 8/10] step 11100/11742 (2.0 it/s)
[Epoch 8/10] step 11150/11742 (2.0 it/s)
[Epoch 8/10] step 11200/11742 (2.0 it/s)
[Epoch 8/10] step 11250/11742 (2.0 it/s)
[Epoch 8/10] step 11300/11742 (2.0 it/s)
[Epoch 8/10] step 11350/11742 (2.0 it/s)
[Epoch 8/10] step 11400/11742 (2.0 it/s)
[Epoch 8/10] step 11450/11742 (2.0 it/s)
[Epoch 8/10] step 11500/11742 (2.0 it/s)
[Epoch 8/10] step 11550/11742 (2.0 it/s)
[Epoch 8/10] step 11600/11742 (2.0 it/s)
[Epoch 8/10] step 11650/11742 (2.0 it/s)
[Epoch 8/10] step 11700/11742 (2.0 it/s)
10:11:17 | INFO  | trainer_inf~| \n+-----------------------------+------------------------+
|            Metric           |         Value          |
+-----------------------------+------------------------+
|        [0;34;40mfit/cons_loss[0m        |  [0;32;40m0.022072449326515198[0m  |
|         [0;34;40mfit/kl_loss[0m         |   [0;32;40m5.804165840148926[0m    |
|           [0;34;40mfit/loss[0m          |  [0;32;40m0.23838484287261963[0m   |
|        [0;34;40mfit/pred1_loss[0m       |  [0;32;40m0.02643917128443718[0m   |
|       [0;34;40mfit/sigreg1_loss[0m      |       [0;32;40m0.9453125[0m        |
|        [0;34;40mfit/skill_loss[0m       |   [0;32;40m0.4687061309814453[0m   |
|           [0;34;40mfit/w_kl[0m          |  [0;32;40m0.009999999776482582[0m  |
|     [0;34;40mhardware/cpu_percent[0m    |   [0;32;40m32.70000076293945[0m    |
|   [0;34;40mhardware/disk_read_mb_s[0m   |   [0;32;40m56.438785552978516[0m   |
|   [0;34;40mhardware/disk_write_mb_s[0m  |  [0;32;40m0.024987943470478058[0m  |
|    [0;34;40mhardware/net_recv_mb_s[0m   | [0;32;40m0.0002916836238000542[0m  |
|    [0;34;40mhardware/net_sent_mb_s[0m   | [0;32;40m0.00012096291175112128[0m |
|     [0;34;40mhardware/ram_used_gb[0m    |   [0;32;40m53.824520111083984[0m   |
|    [0;34;40mhardware/ram_used_pct[0m    |          [0;32;40m45.0[0m          |
|     [0;34;40mhparams/lr_model_opt[0m    | [0;32;40m7.489306881325319e-06[0m  |
|      [0;34;40mvalidate/cons_loss[0m     |  [0;32;40m0.017772827297449112[0m  |
|   [0;34;40mvalidate/cons_loss_epoch[0m  |  [0;32;40m0.017772827297449112[0m  |
|       [0;34;40mvalidate/kl_loss[0m      |    [0;32;40m5.79531717300415[0m    |
|    [0;34;40mvalidate/kl_loss_epoch[0m   |    [0;32;40m5.79531717300415[0m    |
|        [0;34;40mvalidate/loss[0m        |   [0;32;40m0.2621954679489136[0m   |
|     [0;34;40mvalidate/loss_epoch[0m     |   [0;32;40m0.2621954679489136[0m   |
|     [0;34;40mvalidate/pred1_loss[0m     |  [0;32;40m0.016693754121661186[0m  |
|  [0;34;40mvalidate/pred1_loss_epoch[0m  |  [0;32;40m0.016693754121661186[0m  |
|    [0;34;40mvalidate/sigreg1_loss[0m    |   [0;32;40m1.3598288297653198[0m   |
| [0;34;40mvalidate/sigreg1_loss_epoch[0m |   [0;32;40m1.3598288297653198[0m   |
|     [0;34;40mvalidate/skill_loss[0m     |  [0;32;40m0.47397279739379883[0m   |
|  [0;34;40mvalidate/skill_loss_epoch[0m  |  [0;32;40m0.47397279739379883[0m   |
|        [0;34;40mvalidate/w_kl[0m        |  [0;32;40m0.010000155307352543[0m  |
|     [0;34;40mvalidate/w_kl_epoch[0m     |  [0;32;40m0.010000155307352543[0m  |
+-----------------------------+------------------------+
10:11:17 | INFO  | utils.py    | 📦📦📦 Model saved to /home/mattin/.stable_worldmodel/checkpoints/lehwm/weights_epoch_9.pt 📦📦📦
[Epoch 8/10] done in 6420.3s
10:11:17 | INFO  | checkpoint_~|   Checking for non PyTorch modules to save
10:11:17 | INFO  | atomic_chec~| [atomic_save] → /home/mattin/.cache/stable-pretraining/runs/20260929/173920/64c669b40e1d/checkpoints/epoch=8-step=105678.ckpt
10:11:18 | INFO  | atomic_chec~| [atomic_save] ✓ epoch=8-step=105678.ckpt saved (138.5 MiB, serialise=0.14s write=0.08s rename=0.0ms)
10:11:18 | INFO  | checkpoint_~|   Checking for non PyTorch modules to save
10:11:18 | INFO  | atomic_chec~| [atomic_save] → /home/mattin/.cache/stable-pretraining/runs/20260929/173920/64c669b40e1d/checkpoints/last.ckpt
10:11:18 | INFO  | atomic_chec~| [atomic_save] ✓ last.ckpt saved (138.5 MiB, serialise=0.10s write=0.12s rename=0.1ms)
[Epoch 9/10] step 50/11742 (1.9 it/s)
[Epoch 9/10] step 100/11742 (1.9 it/s)
[Epoch 9/10] step 150/11742 (2.0 it/s)
[Epoch 9/10] step 200/11742 (2.0 it/s)
[Epoch 9/10] step 250/11742 (2.0 it/s)
[Epoch 9/10] step 300/11742 (2.0 it/s)
[Epoch 9/10] step 350/11742 (2.0 it/s)
[Epoch 9/10] step 400/11742 (2.0 it/s)
[Epoch 9/10] step 450/11742 (2.0 it/s)
[Epoch 9/10] step 500/11742 (2.0 it/s)
[Epoch 9/10] step 550/11742 (2.0 it/s)
[Epoch 9/10] step 600/11742 (2.0 it/s)
[Epoch 9/10] step 650/11742 (2.0 it/s)
[Epoch 9/10] step 700/11742 (2.0 it/s)
[Epoch 9/10] step 750/11742 (2.0 it/s)
[Epoch 9/10] step 800/11742 (2.0 it/s)
[Epoch 9/10] step 850/11742 (2.0 it/s)
[Epoch 9/10] step 900/11742 (2.0 it/s)
[Epoch 9/10] step 950/11742 (2.0 it/s)
[Epoch 9/10] step 1000/11742 (2.0 it/s)
[Epoch 9/10] step 1050/11742 (2.0 it/s)
[Epoch 9/10] step 1100/11742 (2.0 it/s)
[Epoch 9/10] step 1150/11742 (2.0 it/s)
[Epoch 9/10] step 1200/11742 (2.0 it/s)
[Epoch 9/10] step 1250/11742 (2.0 it/s)
[Epoch 9/10] step 1300/11742 (2.0 it/s)
[Epoch 9/10] step 1350/11742 (2.0 it/s)
[Epoch 9/10] step 1400/11742 (2.0 it/s)
[Epoch 9/10] step 1450/11742 (2.0 it/s)
[Epoch 9/10] step 1500/11742 (2.0 it/s)
[Epoch 9/10] step 1550/11742 (2.0 it/s)
[Epoch 9/10] step 1600/11742 (2.0 it/s)
[Epoch 9/10] step 1650/11742 (2.0 it/s)
[Epoch 9/10] step 1700/11742 (2.0 it/s)
[Epoch 9/10] step 1750/11742 (2.0 it/s)
[Epoch 9/10] step 1800/11742 (2.0 it/s)
[Epoch 9/10] step 1850/11742 (2.0 it/s)
[Epoch 9/10] step 1900/11742 (2.0 it/s)
[Epoch 9/10] step 1950/11742 (2.0 it/s)
[Epoch 9/10] step 2000/11742 (2.0 it/s)
[Epoch 9/10] step 2050/11742 (2.0 it/s)
[Epoch 9/10] step 2100/11742 (2.0 it/s)
[Epoch 9/10] step 2150/11742 (2.0 it/s)
[Epoch 9/10] step 2200/11742 (2.0 it/s)
[Epoch 9/10] step 2250/11742 (2.0 it/s)
[Epoch 9/10] step 2300/11742 (2.0 it/s)
[Epoch 9/10] step 2350/11742 (2.0 it/s)
[Epoch 9/10] step 2400/11742 (2.0 it/s)
[Epoch 9/10] step 2450/11742 (2.0 it/s)
[Epoch 9/10] step 2500/11742 (2.0 it/s)
[Epoch 9/10] step 2550/11742 (2.0 it/s)
[Epoch 9/10] step 2600/11742 (2.0 it/s)
[Epoch 9/10] step 2650/11742 (2.0 it/s)
[Epoch 9/10] step 2700/11742 (2.0 it/s)
[Epoch 9/10] step 2750/11742 (2.0 it/s)
[Epoch 9/10] step 2800/11742 (2.0 it/s)
[Epoch 9/10] step 2850/11742 (2.0 it/s)
[Epoch 9/10] step 2900/11742 (2.0 it/s)
[Epoch 9/10] step 2950/11742 (2.0 it/s)
[Epoch 9/10] step 3000/11742 (2.0 it/s)
[Epoch 9/10] step 3050/11742 (2.0 it/s)
[Epoch 9/10] step 3100/11742 (2.0 it/s)
[Epoch 9/10] step 3150/11742 (2.0 it/s)
[Epoch 9/10] step 3200/11742 (2.0 it/s)
[Epoch 9/10] step 3250/11742 (2.0 it/s)
[Epoch 9/10] step 3300/11742 (2.0 it/s)
[Epoch 9/10] step 3350/11742 (2.0 it/s)
[Epoch 9/10] step 3400/11742 (2.0 it/s)
[Epoch 9/10] step 3450/11742 (2.0 it/s)
[Epoch 9/10] step 3500/11742 (2.0 it/s)
[Epoch 9/10] step 3550/11742 (2.0 it/s)
[Epoch 9/10] step 3600/11742 (2.0 it/s)
[Epoch 9/10] step 3650/11742 (2.0 it/s)
[Epoch 9/10] step 3700/11742 (2.0 it/s)
[Epoch 9/10] step 3750/11742 (2.0 it/s)
[Epoch 9/10] step 3800/11742 (2.0 it/s)
[Epoch 9/10] step 3850/11742 (2.0 it/s)
[Epoch 9/10] step 3900/11742 (2.0 it/s)
[Epoch 9/10] step 3950/11742 (2.0 it/s)
[Epoch 9/10] step 4000/11742 (2.0 it/s)
[Epoch 9/10] step 4050/11742 (2.0 it/s)
[Epoch 9/10] step 4100/11742 (2.0 it/s)
[Epoch 9/10] step 4150/11742 (2.0 it/s)
[Epoch 9/10] step 4200/11742 (2.0 it/s)
[Epoch 9/10] step 4250/11742 (2.0 it/s)
[Epoch 9/10] step 4300/11742 (2.0 it/s)
[Epoch 9/10] step 4350/11742 (2.0 it/s)
[Epoch 9/10] step 4400/11742 (2.0 it/s)
[Epoch 9/10] step 4450/11742 (2.0 it/s)
[Epoch 9/10] step 4500/11742 (2.0 it/s)
[Epoch 9/10] step 4550/11742 (2.0 it/s)
[Epoch 9/10] step 4600/11742 (2.0 it/s)
[Epoch 9/10] step 4650/11742 (2.0 it/s)
[Epoch 9/10] step 4700/11742 (2.0 it/s)
[Epoch 9/10] step 4750/11742 (2.0 it/s)
[Epoch 9/10] step 4800/11742 (2.0 it/s)
[Epoch 9/10] step 4850/11742 (2.0 it/s)
[Epoch 9/10] step 4900/11742 (2.0 it/s)
[Epoch 9/10] step 4950/11742 (2.0 it/s)
[Epoch 9/10] step 5000/11742 (2.0 it/s)
[Epoch 9/10] step 5050/11742 (2.0 it/s)
[Epoch 9/10] step 5100/11742 (2.0 it/s)
[Epoch 9/10] step 5150/11742 (2.0 it/s)
[Epoch 9/10] step 5200/11742 (2.0 it/s)
[Epoch 9/10] step 5250/11742 (2.0 it/s)
[Epoch 9/10] step 5300/11742 (2.0 it/s)
[Epoch 9/10] step 5350/11742 (2.0 it/s)
[Epoch 9/10] step 5400/11742 (2.0 it/s)
[Epoch 9/10] step 5450/11742 (2.0 it/s)
[Epoch 9/10] step 5500/11742 (2.0 it/s)
[Epoch 9/10] step 5550/11742 (2.0 it/s)
[Epoch 9/10] step 5600/11742 (2.0 it/s)
[Epoch 9/10] step 5650/11742 (2.0 it/s)
[Epoch 9/10] step 5700/11742 (2.0 it/s)
[Epoch 9/10] step 5750/11742 (2.0 it/s)
[Epoch 9/10] step 5800/11742 (2.0 it/s)
[Epoch 9/10] step 5850/11742 (2.0 it/s)
[Epoch 9/10] step 5900/11742 (2.0 it/s)
[Epoch 9/10] step 5950/11742 (2.0 it/s)
[Epoch 9/10] step 6000/11742 (2.0 it/s)
[Epoch 9/10] step 6050/11742 (2.0 it/s)
[Epoch 9/10] step 6100/11742 (2.0 it/s)
[Epoch 9/10] step 6150/11742 (2.0 it/s)
[Epoch 9/10] step 6200/11742 (2.0 it/s)
[Epoch 9/10] step 6250/11742 (2.0 it/s)
[Epoch 9/10] step 6300/11742 (2.0 it/s)
[Epoch 9/10] step 6350/11742 (2.0 it/s)
[Epoch 9/10] step 6400/11742 (2.0 it/s)
[Epoch 9/10] step 6450/11742 (2.0 it/s)
[Epoch 9/10] step 6500/11742 (2.0 it/s)
[Epoch 9/10] step 6550/11742 (2.0 it/s)
[Epoch 9/10] step 6600/11742 (2.0 it/s)
[Epoch 9/10] step 6650/11742 (2.0 it/s)
[Epoch 9/10] step 6700/11742 (2.0 it/s)
[Epoch 9/10] step 6750/11742 (2.0 it/s)
[Epoch 9/10] step 6800/11742 (2.0 it/s)
[Epoch 9/10] step 6850/11742 (2.0 it/s)
[Epoch 9/10] step 6900/11742 (2.0 it/s)
[Epoch 9/10] step 6950/11742 (2.0 it/s)
[Epoch 9/10] step 7000/11742 (2.0 it/s)
[Epoch 9/10] step 7050/11742 (2.0 it/s)
[Epoch 9/10] step 7100/11742 (2.0 it/s)
[Epoch 9/10] step 7150/11742 (2.0 it/s)
[Epoch 9/10] step 7200/11742 (2.0 it/s)
[Epoch 9/10] step 7250/11742 (2.0 it/s)
[Epoch 9/10] step 7300/11742 (2.0 it/s)
[Epoch 9/10] step 7350/11742 (2.0 it/s)
[Epoch 9/10] step 7400/11742 (2.0 it/s)
[Epoch 9/10] step 7450/11742 (2.0 it/s)
[Epoch 9/10] step 7500/11742 (2.0 it/s)
[Epoch 9/10] step 7550/11742 (2.0 it/s)
[Epoch 9/10] step 7600/11742 (2.0 it/s)
[Epoch 9/10] step 7650/11742 (2.0 it/s)
[Epoch 9/10] step 7700/11742 (2.0 it/s)
[Epoch 9/10] step 7750/11742 (2.0 it/s)
[Epoch 9/10] step 7800/11742 (2.0 it/s)
[Epoch 9/10] step 7850/11742 (2.0 it/s)
[Epoch 9/10] step 7900/11742 (2.0 it/s)
[Epoch 9/10] step 7950/11742 (2.0 it/s)
[Epoch 9/10] step 8000/11742 (2.0 it/s)
[Epoch 9/10] step 8050/11742 (2.0 it/s)
[Epoch 9/10] step 8100/11742 (2.0 it/s)
[Epoch 9/10] step 8150/11742 (2.0 it/s)
[Epoch 9/10] step 8200/11742 (2.0 it/s)
[Epoch 9/10] step 8250/11742 (2.0 it/s)
[Epoch 9/10] step 8300/11742 (2.0 it/s)
[Epoch 9/10] step 8350/11742 (2.0 it/s)
[Epoch 9/10] step 8400/11742 (2.0 it/s)
[Epoch 9/10] step 8450/11742 (2.0 it/s)
[Epoch 9/10] step 8500/11742 (2.0 it/s)
[Epoch 9/10] step 8550/11742 (2.0 it/s)
[Epoch 9/10] step 8600/11742 (2.0 it/s)
[Epoch 9/10] step 8650/11742 (2.0 it/s)
[Epoch 9/10] step 8700/11742 (2.0 it/s)
[Epoch 9/10] step 8750/11742 (2.0 it/s)
[Epoch 9/10] step 8800/11742 (2.0 it/s)
[Epoch 9/10] step 8850/11742 (2.0 it/s)
[Epoch 9/10] step 8900/11742 (2.0 it/s)
[Epoch 9/10] step 8950/11742 (2.0 it/s)
[Epoch 9/10] step 9000/11742 (2.0 it/s)
[Epoch 9/10] step 9050/11742 (2.0 it/s)
[Epoch 9/10] step 9100/11742 (2.0 it/s)
[Epoch 9/10] step 9150/11742 (2.0 it/s)
[Epoch 9/10] step 9200/11742 (2.0 it/s)
[Epoch 9/10] step 9250/11742 (2.0 it/s)
[Epoch 9/10] step 9300/11742 (2.0 it/s)
[Epoch 9/10] step 9350/11742 (2.0 it/s)
[Epoch 9/10] step 9400/11742 (2.0 it/s)
[Epoch 9/10] step 9450/11742 (2.0 it/s)
[Epoch 9/10] step 9500/11742 (2.0 it/s)
[Epoch 9/10] step 9550/11742 (2.0 it/s)
[Epoch 9/10] step 9600/11742 (2.0 it/s)
[Epoch 9/10] step 9650/11742 (2.0 it/s)
[Epoch 9/10] step 9700/11742 (2.0 it/s)
[Epoch 9/10] step 9750/11742 (2.0 it/s)
[Epoch 9/10] step 9800/11742 (2.0 it/s)
[Epoch 9/10] step 9850/11742 (2.0 it/s)
[Epoch 9/10] step 9900/11742 (2.0 it/s)
[Epoch 9/10] step 9950/11742 (2.0 it/s)
[Epoch 9/10] step 10000/11742 (2.0 it/s)
[Epoch 9/10] step 10050/11742 (2.0 it/s)
[Epoch 9/10] step 10100/11742 (2.0 it/s)
[Epoch 9/10] step 10150/11742 (2.0 it/s)
[Epoch 9/10] step 10200/11742 (2.0 it/s)
[Epoch 9/10] step 10250/11742 (2.0 it/s)
[Epoch 9/10] step 10300/11742 (2.0 it/s)
[Epoch 9/10] step 10350/11742 (2.0 it/s)
[Epoch 9/10] step 10400/11742 (2.0 it/s)
[Epoch 9/10] step 10450/11742 (2.0 it/s)
[Epoch 9/10] step 10500/11742 (2.0 it/s)
[Epoch 9/10] step 10550/11742 (2.0 it/s)
[Epoch 9/10] step 10600/11742 (2.0 it/s)
[Epoch 9/10] step 10650/11742 (2.0 it/s)
[Epoch 9/10] step 10700/11742 (2.0 it/s)
[Epoch 9/10] step 10750/11742 (2.0 it/s)
[Epoch 9/10] step 10800/11742 (2.0 it/s)
[Epoch 9/10] step 10850/11742 (2.0 it/s)
[Epoch 9/10] step 10900/11742 (2.0 it/s)
[Epoch 9/10] step 10950/11742 (2.0 it/s)
[Epoch 9/10] step 11000/11742 (2.0 it/s)
[Epoch 9/10] step 11050/11742 (2.0 it/s)
[Epoch 9/10] step 11100/11742 (2.0 it/s)
[Epoch 9/10] step 11150/11742 (2.0 it/s)
[Epoch 9/10] step 11200/11742 (2.0 it/s)
[Epoch 9/10] step 11250/11742 (2.0 it/s)
[Epoch 9/10] step 11300/11742 (2.0 it/s)
[Epoch 9/10] step 11350/11742 (2.0 it/s)
[Epoch 9/10] step 11400/11742 (2.0 it/s)
[Epoch 9/10] step 11450/11742 (2.0 it/s)
[Epoch 9/10] step 11500/11742 (2.0 it/s)
[Epoch 9/10] step 11550/11742 (2.0 it/s)
[Epoch 9/10] step 11600/11742 (2.0 it/s)
[Epoch 9/10] step 11650/11742 (2.0 it/s)
[Epoch 9/10] step 11700/11742 (2.0 it/s)
11:58:22 | INFO  | trainer_inf~| \n+-----------------------------+------------------------+
|            Metric           |         Value          |
+-----------------------------+------------------------+
|        [0;34;40mfit/cons_loss[0m        |  [0;32;40m0.022285103797912598[0m  |
|         [0;34;40mfit/kl_loss[0m         |   [0;32;40m5.261610984802246[0m    |
|           [0;34;40mfit/loss[0m          |  [0;32;40m0.23410746455192566[0m   |
|        [0;34;40mfit/pred1_loss[0m       |  [0;32;40m0.021963175386190414[0m  |
|       [0;34;40mfit/sigreg1_loss[0m      |       [0;32;40m0.94140625[0m       |
|        [0;34;40mfit/skill_loss[0m       |   [0;32;40m0.5228214263916016[0m   |
|           [0;34;40mfit/w_kl[0m          |  [0;32;40m0.009999999776482582[0m  |
|     [0;34;40mhardware/cpu_percent[0m    |   [0;32;40m36.400001525878906[0m   |
|   [0;34;40mhardware/disk_read_mb_s[0m   |    [0;32;40m51.0608024597168[0m    |
|   [0;34;40mhardware/disk_write_mb_s[0m  |  [0;32;40m0.023130428045988083[0m  |
|    [0;34;40mhardware/net_recv_mb_s[0m   | [0;32;40m0.00028800094150938094[0m |
|    [0;34;40mhardware/net_sent_mb_s[0m   | [0;32;40m0.00011943568097194657[0m |
|     [0;34;40mhardware/ram_used_gb[0m    |   [0;32;40m53.84283447265625[0m    |
|    [0;34;40mhardware/ram_used_pct[0m    |          [0;32;40m45.0[0m          |
|     [0;34;40mhparams/lr_model_opt[0m    |          [0;32;40m0.0[0m           |
|      [0;34;40mvalidate/cons_loss[0m     |  [0;32;40m0.017757568508386612[0m  |
|   [0;34;40mvalidate/cons_loss_epoch[0m  |  [0;32;40m0.017757568508386612[0m  |
|       [0;34;40mvalidate/kl_loss[0m      |   [0;32;40m5.799301624298096[0m    |
|    [0;34;40mvalidate/kl_loss_epoch[0m   |   [0;32;40m5.799301624298096[0m    |
|        [0;34;40mvalidate/loss[0m        |   [0;32;40m0.2614816427230835[0m   |
|     [0;34;40mvalidate/loss_epoch[0m     |   [0;32;40m0.2614816427230835[0m   |
|     [0;34;40mvalidate/pred1_loss[0m     |  [0;32;40m0.01648593507707119[0m   |
|  [0;34;40mvalidate/pred1_loss_epoch[0m  |  [0;32;40m0.01648593507707119[0m   |
|    [0;34;40mvalidate/sigreg1_loss[0m    |   [0;32;40m1.355968952178955[0m    |
| [0;34;40mvalidate/sigreg1_loss_epoch[0m |   [0;32;40m1.355968952178955[0m    |
|     [0;34;40mvalidate/skill_loss[0m     |   [0;32;40m0.472066730260849[0m    |
|  [0;34;40mvalidate/skill_loss_epoch[0m  |   [0;32;40m0.472066730260849[0m    |
|        [0;34;40mvalidate/w_kl[0m        |  [0;32;40m0.010000155307352543[0m  |
|     [0;34;40mvalidate/w_kl_epoch[0m     |  [0;32;40m0.010000155307352543[0m  |
+-----------------------------+------------------------+
11:58:22 | INFO  | utils.py    | 📦📦📦 Model saved to /home/mattin/.stable_worldmodel/checkpoints/lehwm/weights_epoch_10.pt 📦📦📦
11:58:22 | INFO  | utils.py    | 📦📦📦 Model saved to /home/mattin/.stable_worldmodel/checkpoints/lehwm/weights_epoch_10.pt 📦📦📦
[Epoch 9/10] done in 6424.6s
11:58:22 | INFO  | checkpoint_~|   Checking for non PyTorch modules to save
11:58:22 | INFO  | atomic_chec~| [atomic_save] → /home/mattin/.cache/stable-pretraining/runs/20260929/173920/64c669b40e1d/checkpoints/epoch=9-step=117420.ckpt
11:58:23 | INFO  | atomic_chec~| [atomic_save] ✓ epoch=9-step=117420.ckpt saved (138.5 MiB, serialise=0.19s write=0.18s rename=0.0ms)
11:58:23 | INFO  | checkpoint_~|   Checking for non PyTorch modules to save
11:58:23 | INFO  | atomic_chec~| [atomic_save] → /home/mattin/.cache/stable-pretraining/runs/20260929/173920/64c669b40e1d/checkpoints/last.ckpt
11:58:23 | INFO  | atomic_chec~| [atomic_save] ✓ last.ckpt saved (138.5 MiB, serialise=0.11s write=0.08s rename=0.1ms)
`Trainer.fit` stopped: `max_epochs=10` reached.
11:58:25 | OK    | env_info.py | ✓ Git: main @ b108c114
11:58:25 | INFO  | env_info.py |   Remote: https://github.com/gjel64/HJEPAFromLeWM.git
11:58:25 | WARN  | env_info.py | ! Working directory has uncommitted changes
11:58:25 | OK    | env_info.py | ✓ Environment: 3 relevant variables captured
11:58:25 | INFO  | env_info.py |   Serializing environment data...
11:58:25 | INFO  | env_info.py |   File exists, using version 12: environment_v12.json
11:58:25 | INFO  | env_info.py |   File exists, using version 12: requirements_frozen_v12.txt
11:58:25 | INFO  | env_info.py |   Save directory: /home/mattin/.cache/stable-pretraining
11:58:25 | INFO  | env_info.py |   Writing environment to temp file...
11:58:25 | INFO  | env_info.py |   Moving to: environment_v12.json
11:58:25 | OK    | env_info.py | ✓ Environment file saved (11.4 KB)
11:58:25 | OK    | env_info.py | ✓ Requirements file saved (3.6 KB)
Epoch 9/9  ━━━━━━━━━━━━━━━━━━━━━━━━━━━━━━━━━━━━━━━━ 11742/11742 1:36:17 • 0:00:00 2.01it/s  
11:58:25 | INFO  | utils.py    | ── SignalHandlers (after Trainer.fit() returned) ──
11:58:25 | INFO  | manager.py  |   SIGUSR1  → SIG_DFL (default OS action — terminate process)
11:58:25 | INFO  | manager.py  |   SIGUSR2  → SIG_DFL (default OS action — terminate process)
11:58:25 | INFO  | manager.py  |   SIGCONT  → SIG_DFL (default OS action — terminate process)
11:58:25 | INFO  | manager.py  |   SIGTERM  → SIG_DFL (default OS action — terminate process)
