/home/mattin/Desktop/.venv/lib/python3.12/site-packages/torch/jit/_script.py:1491: FutureWarning: `torch.jit.script` is deprecated. Please switch to `torch.compile` or `torch.export`.
  warnings.warn(
18:10:12 | INFO  | __init__.py | JAX version 0.11.2 available.
18:10:13 | INFO  | atomic_chec~| [atomic_save] installed crash-safe checkpoint plugin (write to sibling .tmp + fsync + atomic rename)
[2026-09-28 18:10:13,829][root][INFO] - Cached 'action' from '/home/mattin/.stable_worldmodel/datasets/ogbench/cube_single_expert.h5'
[2026-09-28 18:10:13,959][root][INFO] - Cached 'observation' from '/home/mattin/.stable_worldmodel/datasets/ogbench/cube_single_expert.h5'
[2026-09-28 18:10:15,078][root][INFO] - Merged columns ['proprio_effector_pos', 'proprio_effector_yaw', 'proprio_gripper_contact', 'proprio_gripper_opening', 'proprio_gripper_vel', 'proprio_joint_pos', 'proprio_joint_vel'] into 'proprio' and cached it
18:10:15 | INFO  | utils.py    | Created ViT-tiny from scratch with config: {'hidden_size': 192, 'num_hidden_layers': 12, 'num_attention_heads': 3, 'intermediate_size': 768, 'image_size': 224, 'patch_size': 14}
18:10:15 | INFO  | module.py   | Setting up DataModule
18:10:15 | INFO  | utils.py    | ── Module ────────────────────────────────────────
18:10:15 | WARN  | module.py   | ! No hyperparameters provided - hyperparameter logging is disabled.
18:10:15 | INFO  | module.py   |   Setting custom forward method.
18:10:15 | INFO  | module.py   |   Setting attribute: self.model = <class 'hjepa.HJEPA'>
18:10:15 | INFO  | module.py   |   Setting attribute: self.sigreg = <class 'module.SIGReg'>
18:10:15 | INFO  | module.py   |   Setting attribute: self.optim = <class 'dict'>
18:10:15 | INFO  | module.py   |   No metrics configuration provided - automatic metric tracking is disabled.
/home/mattin/Desktop/.venv/lib/python3.12/site-packages/lightning/fabric/connector.py:571: `precision=bf16` is supported for historical reasons but its usage is discouraged. Please set your precision to bf16-mixed instead!
Using bfloat16 Automatic Mixed Precision (AMP)
18:10:15 | INFO  | env_info.py |   EnvironmentDumpCallback initialized (filename=environment.json, async=True)
18:10:15 | INFO  | utils.py    | ── HuggingFaceCheckpoint ─────────────────────────
18:10:15 | INFO  | hf_models.py|   save_dir: <cyan>hf_exports</cyan>
18:10:15 | INFO  | hf_models.py|   per_step: <cyan>False</cyan>  (False ⇒ overwrite single 'last/' subdir; True ⇒ keep step_N/)
Adding 14 callbacks from entry point 'stablepretraining_callbacks': PrintProgressBar, ModuleRegistryCallback, LoggingCallback, EnvironmentDumpCallback, TrainerInfo, SklearnCheckpoint, WandbCheckpoint, TrackioCheckpoint, SwanLabCheckpoint, ModuleSummary, SLURMInfo, LogUnusedParametersOnce, HuggingFaceCheckpointCallback, HardwareMonitor
GPU available: True (cuda), used: True
TPU available: False, using: 0 TPU cores
/home/mattin/Desktop/.venv/lib/python3.12/site-packages/lightning/pytorch/trainer/connectors/logger_connector/logger_connector.py:76: Starting from v1.9.0, `tensorboardX` has been removed as a dependency of the `lightning.pytorch` package, due to potential conflicts with other packages in the ML ecosystem. For this reason, `logger=True` will use `CSVLogger` as the default logger, unless the `tensorboard` or `tensorboardX` packages are found. Please `pip install lightning[extra]` or one of them to enable TensorBoard support by default
💡 Tip: For seamless cloud logging and experiment tracking, try installing [litlogger](https://pypi.org/project/litlogger/) to enable LitLogger, which logs metrics and artifacts automatically to the Lightning Experiments platform.
18:10:15 | INFO  | utils.py    | ── SIGTERM preempt handler — install ─────────────
18:10:15 | INFO  | manager.py  |   SLURM_JOB_ID         = None
18:10:15 | INFO  | manager.py  |   SLURM_RESTART_COUNT  = '0'
18:10:15 | INFO  | manager.py  |   SLURM_PROCID         = '?'
18:10:15 | INFO  | manager.py  |   SLURM_NODEID         = '?'
18:10:15 | INFO  | manager.py  |   → not under SLURM (SLURM_JOB_ID unset); leaving SIGTERM handler as-is. Forwarding to submitit's USR signal would be a no-op since submitit isn't running upstream.
18:10:15 | WARN  | manager.py  | User didn't specify seed, runs won't be exactly reproducible!
18:10:15 | INFO  | manager.py  |   Manager init: ckpt_path=None, weights_only=True
18:10:15 | INFO  | utils.py    | ── WorkingDirectory ──────────────────────────────
18:10:15 | INFO  | manager.py  |   cwd: /home/mattin/Desktop/le-wm
18:10:15 | INFO  | utils.py    | ── Seed ──────────────────────────────────────────
18:10:15 | INFO  | manager.py  |   seed: None
/home/mattin/Desktop/.venv/lib/python3.12/site-packages/stable_pretraining/manager.py:1871: UserWarning: No seed found, seed set to 0
  seed_everything(self.seed, workers=True)
18:10:15 | INFO  | distributed~| Seed set to 0
18:10:15 | INFO  | utils.py    | ── RunDirectory ──────────────────────────────────
18:10:15 | INFO  | manager.py  |   cache_dir = /home/mattin/.cache/stable-pretraining
18:10:15 | INFO  | manager.py  |   ddp: launch_key=(single-process) rank=0 is_rank_zero=True
18:10:15 | INFO  | utils.py    | ── RunDirectory: requeue probe ───────────────────
18:10:15 | INFO  | manager.py  |   SLURM session key   = (no SLURM)
18:10:15 | INFO  | manager.py  |   SLURM_RESTART_COUNT = 0
18:10:15 | INFO  | manager.py  |   in_requeue          = False
18:10:15 | INFO  | utils.py    | ── RunDirectory: fresh ───────────────────────────
18:10:15 | INFO  | manager.py  |   no user ckpt_path — training from scratch / pretrained backbone.
18:10:15 | INFO  | manager.py  |   created run_dir = /home/mattin/.cache/stable-pretraining/runs/20260928/181015/359e86ba207f
18:10:15 | INFO  | manager.py  |   wrote run_meta.json with run_id=359e86ba207f
18:10:15 | INFO  | manager.py  |   SLURM index = (no SLURM, skipped)
18:10:15 | WARN  | manager.py  | ! cache_dir is set but the Trainer was passed as an already-instantiated object. Cannot override default_root_dir cleanly. Consider passing the trainer as a config dict instead.
18:10:15 | WARN  | manager.py  | ! Hydra run.dir='outputs/2026-09-28/18-10-13' will be ignored for trainer outputs (cache_dir takes precedence).
18:10:15 | WARN  | manager.py  | ! Hydra sweep.dir='multirun/2026-09-28/18-10-13' will be ignored for trainer outputs (cache_dir takes precedence).
18:10:15 | INFO  | logger.py   | [RegistryLogger] run_id=359e86ba207f run_dir=/home/mattin/.cache/stable-pretraining/runs/20260928/181015/359e86ba207f — sidecar.json + summary.json + metrics.csv will live here
18:10:15 | INFO  | utils.py    | ── RegistryLogger ────────────────────────────────
18:10:15 | INFO  | manager.py  |   run_dir: /home/mattin/.cache/stable-pretraining/runs/20260928/181015/359e86ba207f
18:10:15 | INFO  | manager.py  |   run_id:  359e86ba207f
18:10:15 | INFO  | utils.py    | ── CSVLogger ─────────────────────────────────────
18:10:15 | INFO  | manager.py  |   root_dir: /home/mattin/.cache/stable-pretraining/runs/20260928/181015/359e86ba207f/
18:10:15 | INFO  | manager.py  |   save_dir: /home/mattin/.cache/stable-pretraining/runs/20260928/181015/359e86ba207f
18:10:15 | INFO  | manager.py  |   log_dir: /home/mattin/.cache/stable-pretraining/runs/20260928/181015/359e86ba207f/
18:10:15 | INFO  | utils.py    | ── SignalHandlers (after submitit setup (spt SIGTERM installed in __init__)) ──
18:10:15 | INFO  | manager.py  |   SIGUSR1  → SIG_DFL (default OS action — terminate process)
18:10:15 | INFO  | manager.py  |   SIGUSR2  → SIG_DFL (default OS action — terminate process)
18:10:15 | INFO  | manager.py  |   SIGCONT  → SIG_DFL (default OS action — terminate process)
18:10:15 | INFO  | manager.py  |   SIGTERM  → SIG_DFL (default OS action — terminate process)
18:10:15 | INFO  | utils.py    | ── Callbacks ─────────────────────────────────────
18:10:15 | INFO  | manager.py  |   count: 19
18:10:15 | INFO  | utils.py    | ── CacheDirCheckpointing ─────────────────────────
18:10:15 | INFO  | manager.py  |   Saving checkpoints to: /home/mattin/.cache/stable-pretraining/runs/20260928/181015/359e86ba207f/checkpoints
18:10:15 | WARN  | manager.py  |   Redirecting HuggingFaceCheckpointCallback from 'hf_exports' to '/home/mattin/.cache/stable-pretraining/runs/20260928/181015/359e86ba207f/hf_exports' (cache_dir is active — prevents races on a shared cache)
18:10:15 | INFO  | manager.py  |   Added requeue checkpoint (filename='last', every_n_train_steps=None)
18:10:15 | INFO  | utils.py    | ── LoadPath resolution ───────────────────────────
18:10:15 | INFO  | manager.py  |   in_requeue = False
18:10:15 | INFO  | manager.py  |   user ckpt_path = None
18:10:15 | INFO  | manager.py  |   user weights_only = True
18:10:15 | INFO  | manager.py  |   → no ckpt_path; training from scratch.
18:10:15 | INFO  | manager.py  |   manual-opt: moved gradient_clip_val=1.0 (algorithm=None) onto trainer.gradient_clip_val_; Module.training_step applies it via self.clip_gradients().
18:10:15 | INFO  | utils.py    | ── TrainerFit ────────────────────────────────────
18:10:15 | INFO  | manager.py  |   ckpt_path:     None
18:10:15 | INFO  | manager.py  |   weights_only:  None
18:10:15 | INFO  | utils.py    | ── SignalHandlers (before Trainer.fit() (handler installed in __init__)) ──
18:10:15 | INFO  | manager.py  |   SIGUSR1  → SIG_DFL (default OS action — terminate process)
18:10:15 | INFO  | manager.py  |   SIGUSR2  → SIG_DFL (default OS action — terminate process)
18:10:15 | INFO  | manager.py  |   SIGCONT  → SIG_DFL (default OS action — terminate process)
18:10:15 | INFO  | manager.py  |   SIGTERM  → SIG_DFL (default OS action — terminate process)
18:10:15 | INFO  | manager.py  |   → entering Trainer.fit(); lightning's _SignalConnector will now register its own handlers. SIGTERM will become _HandlersCompose([_sigterm_notifier_fn, _sigterm_handler_fn, spt._handler]); USR-sig binding from submitit is preserved (lightning skips USR registration when one already exists).
💡 Tip: For seamless cloud uploads and versioning, try installing [litmodels](https://pypi.org/project/litmodels/) to enable LitModelCheckpoint, which syncs automatically with the Lightning model registry.
You are using a CUDA device ('NVIDIA GB10') that has Tensor Cores. To properly utilize them, you should set `torch.set_float32_matmul_precision('medium' | 'high')` which will trade-off precision for performance. For more details, read https://pytorch.org/docs/stable/generated/torch.set_float32_matmul_precision.html#torch.set_float32_matmul_precision
18:10:15 | OK    | module.py   | ✓ dataset for TrainerFn.FITTING loaded
18:10:15 | INFO  | module.py   |   setup was done by user
18:10:15 | INFO  | utils.py    | ── EnvironmentDump ───────────────────────────────
18:10:15 | INFO  | env_info.py |   log_dir: /home/mattin/.cache/stable-pretraining
18:10:15 | INFO  | env_info.py |   Running environment dump in background thread (non-blocking)
18:10:15 | INFO  | env_info.py |   Collecting environment information...
18:10:15 | OK    | env_info.py | ✓ Background thread started successfully
18:10:15 | OK    | env_info.py | ✓ Python 3.12.3
18:10:15 | INFO  | trainer_inf~|   linking trainer to DataModule
18:10:15 | OK    | env_info.py | ✓ System: Linux 6.17.0-1026-nvidia (aarch64)
18:10:15 | INFO  | utils.py    | ── Callbacks (in order) ──────────────────────────
18:10:15 | INFO  | env_info.py |   Hostname: thinkstationpgx-2fcd
18:10:15 | INFO  | utils.py    |     [ 0] SaveCkptCallback
18:10:15 | INFO  | utils.py    |     [ 1] RichProgressBar
18:10:15 | INFO  | utils.py    |     [ 2] RichModelSummary
18:10:15 | INFO  | utils.py    |     [ 3] PrintProgressBar
18:10:15 | INFO  | utils.py    |     [ 4] ModuleRegistryCallback
18:10:15 | INFO  | utils.py    |     [ 5] LoggingCallback
18:10:15 | INFO  | utils.py    |     [ 6] EnvironmentDumpCallback
18:10:15 | INFO  | utils.py    |     [ 7] TrainerInfo
18:10:15 | INFO  | utils.py    |     [ 8] SklearnCheckpoint
18:10:15 | INFO  | utils.py    |     [ 9] WandbCheckpoint
18:10:15 | INFO  | utils.py    |     [10] TrackioCheckpoint
18:10:15 | INFO  | utils.py    |     [11] SwanLabCheckpoint
18:10:15 | INFO  | utils.py    |     [12] ModuleSummary
18:10:15 | INFO  | utils.py    |     [13] SLURMInfo
18:10:15 | INFO  | utils.py    |     [14] LogUnusedParametersOnce
18:10:15 | INFO  | utils.py    |     [15] HuggingFaceCheckpointCallback
18:10:15 | INFO  | utils.py    |     [16] HardwareMonitor
18:10:15 | INFO  | utils.py    |     [17] ModelCheckpoint
18:10:15 | INFO  | utils.py    |     [18] _RunDirCallback
18:10:15 | INFO  | utils.py    |     [19] ModelCheckpoint
18:10:15 | INFO  | utils.py    |   ⚑ marks order-sensitive callbacks; see AGENTS.md → Callback ordering for the full rules.
18:10:15 | INFO  | utils.py    | ── SklearnCheckpoint ─────────────────────────────
18:10:15 | INFO  | checkpoint_~|   Sklearn Modules:
18:10:15 | INFO  | checkpoint_~| 
┏━━━━━━━━━━┳━━━━━━━━┳━━━━━━━━┓
┃ Module   ┃ Name   ┃ Type   ┃
┣━━━━━━━━━━╋━━━━━━━━╋━━━━━━━━┫
┗━━━━━━━━━━┻━━━━━━━━┻━━━━━━━━┛
18:10:15 | INFO  | utils.py    | ── WandbCheckpoint ───────────────────────────────
18:10:15 | INFO  | utils.py    | ── TrackioCheckpoint ─────────────────────────────
18:10:15 | INFO  | utils.py    | ── SwanLabCheckpoint ─────────────────────────────
18:10:15 | INFO  | utils.py    | ── PyTorch Modules ───────────────────────────────
18:10:15 | WARN  | module.py   | ! You are calling self.parameters which also gives callbacks parameters, to remove them, pass `with_callbacks=False`
18:10:15 | INFO  | trainer_inf~| \n+----------------------------------------------------------+----------------------+--------------------------+--------------------------+---------+
| Module                                                   | Trainable parameters | Non Trainable parameters | Uninitialized parameters | Buffers |
+----------------------------------------------------------+----------------------+--------------------------+--------------------------+---------+
|                                                          |              6064206 |                 18034628 |                        0 |   15416 |
| callbacks_modules                                        |                    0 |                        0 |                        0 |       0 |
| callbacks_metrics                                        |                    0 |                        0 |                        0 |       0 |
| model                                                    |              6064206 |                 18034628 |                        0 |   15365 |
| model.encoder                                            |                    0 |                  5501376 |                        0 |       0 |
| model.encoder.embeddings                                 |                    0 |                   162624 |                        0 |       0 |
| model.encoder.embeddings.patch_embeddings                |                    0 |                   113088 |                        0 |       0 |
| model.encoder.embeddings.patch_embeddings.projection     |                    0 |                   113088 |                        0 |       0 |
| model.encoder.embeddings.dropout                         |                    0 |                        0 |                        0 |       0 |
| model.encoder.layers                                     |                    0 |                  5338368 |                        0 |       0 |
| model.encoder.layers.0                                   |                    0 |                   444864 |                        0 |       0 |
| model.encoder.layers.0.attention                         |                    0 |                   148224 |                        0 |       0 |
| model.encoder.layers.0.attention.q_proj                  |                    0 |                    37056 |                        0 |       0 |
| model.encoder.layers.0.attention.k_proj                  |                    0 |                    37056 |                        0 |       0 |
| model.encoder.layers.0.attention.v_proj                  |                    0 |                    37056 |                        0 |       0 |
| model.encoder.layers.0.attention.o_proj                  |                    0 |                    37056 |                        0 |       0 |
| model.encoder.layers.0.layernorm_before                  |                    0 |                      384 |                        0 |       0 |
| model.encoder.layers.0.layernorm_after                   |                    0 |                      384 |                        0 |       0 |
| model.encoder.layers.0.mlp                               |                    0 |                   295872 |                        0 |       0 |
| model.encoder.layers.0.mlp.activation_fn                 |                    0 |                        0 |                        0 |       0 |
| model.encoder.layers.0.mlp.fc1                           |                    0 |                   148224 |                        0 |       0 |
| model.encoder.layers.0.mlp.fc2                           |                    0 |                   147648 |                        0 |       0 |
| model.encoder.layers.0.dropout                           |                    0 |                        0 |                        0 |       0 |
| model.encoder.layers.1                                   |                    0 |                   444864 |                        0 |       0 |
| model.encoder.layers.1.attention                         |                    0 |                   148224 |                        0 |       0 |
| model.encoder.layers.1.attention.q_proj                  |                    0 |                    37056 |                        0 |       0 |
| model.encoder.layers.1.attention.k_proj                  |                    0 |                    37056 |                        0 |       0 |
| model.encoder.layers.1.attention.v_proj                  |                    0 |                    37056 |                        0 |       0 |
| model.encoder.layers.1.attention.o_proj                  |                    0 |                    37056 |                        0 |       0 |
| model.encoder.layers.1.layernorm_before                  |                    0 |                      384 |                        0 |       0 |
| model.encoder.layers.1.layernorm_after                   |                    0 |                      384 |                        0 |       0 |
| model.encoder.layers.1.mlp                               |                    0 |                   295872 |                        0 |       0 |
| model.encoder.layers.1.mlp.activation_fn                 |                    0 |                        0 |                        0 |       0 |
| model.encoder.layers.1.mlp.fc1                           |                    0 |                   148224 |                        0 |       0 |
| model.encoder.layers.1.mlp.fc2                           |                    0 |                   147648 |                        0 |       0 |
| model.encoder.layers.1.dropout                           |                    0 |                        0 |                        0 |       0 |
| model.encoder.layers.2                                   |                    0 |                   444864 |                        0 |       0 |
| model.encoder.layers.2.attention                         |                    0 |                   148224 |                        0 |       0 |
| model.encoder.layers.2.attention.q_proj                  |                    0 |                    37056 |                        0 |       0 |
| model.encoder.layers.2.attention.k_proj                  |                    0 |                    37056 |                        0 |       0 |
| model.encoder.layers.2.attention.v_proj                  |                    0 |                    37056 |                        0 |       0 |
| model.encoder.layers.2.attention.o_proj                  |                    0 |                    37056 |                        0 |       0 |
| model.encoder.layers.2.layernorm_before                  |                    0 |                      384 |                        0 |       0 |
| model.encoder.layers.2.layernorm_after                   |                    0 |                      384 |                        0 |       0 |
| model.encoder.layers.2.mlp                               |                    0 |                   295872 |                        0 |       0 |
| model.encoder.layers.2.mlp.activation_fn                 |                    0 |                        0 |                        0 |       0 |
| model.encoder.layers.2.mlp.fc1                           |                    0 |                   148224 |                        0 |       0 |
| model.encoder.layers.2.mlp.fc2                           |                    0 |                   147648 |                        0 |       0 |
| model.encoder.layers.2.dropout                           |                    0 |                        0 |                        0 |       0 |
| model.encoder.layers.3                                   |                    0 |                   444864 |                        0 |       0 |
| model.encoder.layers.3.attention                         |                    0 |                   148224 |                        0 |       0 |
| model.encoder.layers.3.attention.q_proj                  |                    0 |                    37056 |                        0 |       0 |
| model.encoder.layers.3.attention.k_proj                  |                    0 |                    37056 |                        0 |       0 |
| model.encoder.layers.3.attention.v_proj                  |                    0 |                    37056 |                        0 |       0 |
| model.encoder.layers.3.attention.o_proj                  |                    0 |                    37056 |                        0 |       0 |
| model.encoder.layers.3.layernorm_before                  |                    0 |                      384 |                        0 |       0 |
| model.encoder.layers.3.layernorm_after                   |                    0 |                      384 |                        0 |       0 |
| model.encoder.layers.3.mlp                               |                    0 |                   295872 |                        0 |       0 |
| model.encoder.layers.3.mlp.activation_fn                 |                    0 |                        0 |                        0 |       0 |
| model.encoder.layers.3.mlp.fc1                           |                    0 |                   148224 |                        0 |       0 |
| model.encoder.layers.3.mlp.fc2                           |                    0 |                   147648 |                        0 |       0 |
| model.encoder.layers.3.dropout                           |                    0 |                        0 |                        0 |       0 |
| model.encoder.layers.4                                   |                    0 |                   444864 |                        0 |       0 |
| model.encoder.layers.4.attention                         |                    0 |                   148224 |                        0 |       0 |
| model.encoder.layers.4.attention.q_proj                  |                    0 |                    37056 |                        0 |       0 |
| model.encoder.layers.4.attention.k_proj                  |                    0 |                    37056 |                        0 |       0 |
| model.encoder.layers.4.attention.v_proj                  |                    0 |                    37056 |                        0 |       0 |
| model.encoder.layers.4.attention.o_proj                  |                    0 |                    37056 |                        0 |       0 |
| model.encoder.layers.4.layernorm_before                  |                    0 |                      384 |                        0 |       0 |
| model.encoder.layers.4.layernorm_after                   |                    0 |                      384 |                        0 |       0 |
| model.encoder.layers.4.mlp                               |                    0 |                   295872 |                        0 |       0 |
| model.encoder.layers.4.mlp.activation_fn                 |                    0 |                        0 |                        0 |       0 |
| model.encoder.layers.4.mlp.fc1                           |                    0 |                   148224 |                        0 |       0 |
| model.encoder.layers.4.mlp.fc2                           |                    0 |                   147648 |                        0 |       0 |
| model.encoder.layers.4.dropout                           |                    0 |                        0 |                        0 |       0 |
| model.encoder.layers.5                                   |                    0 |                   444864 |                        0 |       0 |
| model.encoder.layers.5.attention                         |                    0 |                   148224 |                        0 |       0 |
| model.encoder.layers.5.attention.q_proj                  |                    0 |                    37056 |                        0 |       0 |
| model.encoder.layers.5.attention.k_proj                  |                    0 |                    37056 |                        0 |       0 |
| model.encoder.layers.5.attention.v_proj                  |                    0 |                    37056 |                        0 |       0 |
| model.encoder.layers.5.attention.o_proj                  |                    0 |                    37056 |                        0 |       0 |
| model.encoder.layers.5.layernorm_before                  |                    0 |                      384 |                        0 |       0 |
| model.encoder.layers.5.layernorm_after                   |                    0 |                      384 |                        0 |       0 |
| model.encoder.layers.5.mlp                               |                    0 |                   295872 |                        0 |       0 |
| model.encoder.layers.5.mlp.activation_fn                 |                    0 |                        0 |                        0 |       0 |
| model.encoder.layers.5.mlp.fc1                           |                    0 |                   148224 |                        0 |       0 |
| model.encoder.layers.5.mlp.fc2                           |                    0 |                   147648 |                        0 |       0 |
| model.encoder.layers.5.dropout                           |                    0 |                        0 |                        0 |       0 |
| model.encoder.layers.6                                   |                    0 |                   444864 |                        0 |       0 |
| model.encoder.layers.6.attention                         |                    0 |                   148224 |                        0 |       0 |
| model.encoder.layers.6.attention.q_proj                  |                    0 |                    37056 |                        0 |       0 |
| model.encoder.layers.6.attention.k_proj                  |                    0 |                    37056 |                        0 |       0 |
| model.encoder.layers.6.attention.v_proj                  |                    0 |                    37056 |                        0 |       0 |
| model.encoder.layers.6.attention.o_proj                  |                    0 |                    37056 |                        0 |       0 |
| model.encoder.layers.6.layernorm_before                  |                    0 |                      384 |                        0 |       0 |
| model.encoder.layers.6.layernorm_after                   |                    0 |                      384 |                        0 |       0 |
| model.encoder.layers.6.mlp                               |                    0 |                   295872 |                        0 |       0 |
| model.encoder.layers.6.mlp.activation_fn                 |                    0 |                        0 |                        0 |       0 |
| model.encoder.layers.6.mlp.fc1                           |                    0 |                   148224 |                        0 |       0 |
| model.encoder.layers.6.mlp.fc2                           |                    0 |                   147648 |                        0 |       0 |
| model.encoder.layers.6.dropout                           |                    0 |                        0 |                        0 |       0 |
| model.encoder.layers.7                                   |                    0 |                   444864 |                        0 |       0 |
| model.encoder.layers.7.attention                         |                    0 |                   148224 |                        0 |       0 |
| model.encoder.layers.7.attention.q_proj                  |                    0 |                    37056 |                        0 |       0 |
| model.encoder.layers.7.attention.k_proj                  |                    0 |                    37056 |                        0 |       0 |
| model.encoder.layers.7.attention.v_proj                  |                    0 |                    37056 |                        0 |       0 |
| model.encoder.layers.7.attention.o_proj                  |                    0 |                    37056 |                        0 |       0 |
| model.encoder.layers.7.layernorm_before                  |                    0 |                      384 |                        0 |       0 |
| model.encoder.layers.7.layernorm_after                   |                    0 |                      384 |                        0 |       0 |
| model.encoder.layers.7.mlp                               |                    0 |                   295872 |                        0 |       0 |
| model.encoder.layers.7.mlp.activation_fn                 |                    0 |                        0 |                        0 |       0 |
| model.encoder.layers.7.mlp.fc1                           |                    0 |                   148224 |                        0 |       0 |
| model.encoder.layers.7.mlp.fc2                           |                    0 |                   147648 |                        0 |       0 |
| model.encoder.layers.7.dropout                           |                    0 |                        0 |                        0 |       0 |
| model.encoder.layers.8                                   |                    0 |                   444864 |                        0 |       0 |
| model.encoder.layers.8.attention                         |                    0 |                   148224 |                        0 |       0 |
| model.encoder.layers.8.attention.q_proj                  |                    0 |                    37056 |                        0 |       0 |
| model.encoder.layers.8.attention.k_proj                  |                    0 |                    37056 |                        0 |       0 |
| model.encoder.layers.8.attention.v_proj                  |                    0 |                    37056 |                        0 |       0 |
| model.encoder.layers.8.attention.o_proj                  |                    0 |                    37056 |                        0 |       0 |
| model.encoder.layers.8.layernorm_before                  |                    0 |                      384 |                        0 |       0 |
| model.encoder.layers.8.layernorm_after                   |                    0 |                      384 |                        0 |       0 |
| model.encoder.layers.8.mlp                               |                    0 |                   295872 |                        0 |       0 |
| model.encoder.layers.8.mlp.activation_fn                 |                    0 |                        0 |                        0 |       0 |
| model.encoder.layers.8.mlp.fc1                           |                    0 |                   148224 |                        0 |       0 |
| model.encoder.layers.8.mlp.fc2                           |                    0 |                   147648 |                        0 |       0 |
| model.encoder.layers.8.dropout                           |                    0 |                        0 |                        0 |       0 |
| model.encoder.layers.9                                   |                    0 |                   444864 |                        0 |       0 |
| model.encoder.layers.9.attention                         |                    0 |                   148224 |                        0 |       0 |
| model.encoder.layers.9.attention.q_proj                  |                    0 |                    37056 |                        0 |       0 |
| model.encoder.layers.9.attention.k_proj                  |                    0 |                    37056 |                        0 |       0 |
| model.encoder.layers.9.attention.v_proj                  |                    0 |                    37056 |                        0 |       0 |
| model.encoder.layers.9.attention.o_proj                  |                    0 |                    37056 |                        0 |       0 |
| model.encoder.layers.9.layernorm_before                  |                    0 |                      384 |                        0 |       0 |
| model.encoder.layers.9.layernorm_after                   |                    0 |                      384 |                        0 |       0 |
| model.encoder.layers.9.mlp                               |                    0 |                   295872 |                        0 |       0 |
| model.encoder.layers.9.mlp.activation_fn                 |                    0 |                        0 |                        0 |       0 |
| model.encoder.layers.9.mlp.fc1                           |                    0 |                   148224 |                        0 |       0 |
| model.encoder.layers.9.mlp.fc2                           |                    0 |                   147648 |                        0 |       0 |
| model.encoder.layers.9.dropout                           |                    0 |                        0 |                        0 |       0 |
| model.encoder.layers.10                                  |                    0 |                   444864 |                        0 |       0 |
| model.encoder.layers.10.attention                        |                    0 |                   148224 |                        0 |       0 |
| model.encoder.layers.10.attention.q_proj                 |                    0 |                    37056 |                        0 |       0 |
| model.encoder.layers.10.attention.k_proj                 |                    0 |                    37056 |                        0 |       0 |
| model.encoder.layers.10.attention.v_proj                 |                    0 |                    37056 |                        0 |       0 |
| model.encoder.layers.10.attention.o_proj                 |                    0 |                    37056 |                        0 |       0 |
| model.encoder.layers.10.layernorm_before                 |                    0 |                      384 |                        0 |       0 |
| model.encoder.layers.10.layernorm_after                  |                    0 |                      384 |                        0 |       0 |
| model.encoder.layers.10.mlp                              |                    0 |                   295872 |                        0 |       0 |
| model.encoder.layers.10.mlp.activation_fn                |                    0 |                        0 |                        0 |       0 |
| model.encoder.layers.10.mlp.fc1                          |                    0 |                   148224 |                        0 |       0 |
| model.encoder.layers.10.mlp.fc2                          |                    0 |                   147648 |                        0 |       0 |
| model.encoder.layers.10.dropout                          |                    0 |                        0 |                        0 |       0 |
| model.encoder.layers.11                                  |                    0 |                   444864 |                        0 |       0 |
| model.encoder.layers.11.attention                        |                    0 |                   148224 |                        0 |       0 |
| model.encoder.layers.11.attention.q_proj                 |                    0 |                    37056 |                        0 |       0 |
| model.encoder.layers.11.attention.k_proj                 |                    0 |                    37056 |                        0 |       0 |
| model.encoder.layers.11.attention.v_proj                 |                    0 |                    37056 |                        0 |       0 |
| model.encoder.layers.11.attention.o_proj                 |                    0 |                    37056 |                        0 |       0 |
| model.encoder.layers.11.layernorm_before                 |                    0 |                      384 |                        0 |       0 |
| model.encoder.layers.11.layernorm_after                  |                    0 |                      384 |                        0 |       0 |
| model.encoder.layers.11.mlp                              |                    0 |                   295872 |                        0 |       0 |
| model.encoder.layers.11.mlp.activation_fn                |                    0 |                        0 |                        0 |       0 |
| model.encoder.layers.11.mlp.fc1                          |                    0 |                   148224 |                        0 |       0 |
| model.encoder.layers.11.mlp.fc2                          |                    0 |                   147648 |                        0 |       0 |
| model.encoder.layers.11.dropout                          |                    0 |                        0 |                        0 |       0 |
| model.encoder.layernorm                                  |                    0 |                      384 |                        0 |       0 |
| model.predictor                                          |                    0 |                 10791360 |                        0 |       0 |
| model.predictor.dropout                                  |                    0 |                        0 |                        0 |       0 |
| model.predictor.transformer                              |                    0 |                 10790784 |                        0 |       0 |
| model.predictor.transformer.norm                         |                    0 |                      384 |                        0 |       0 |
| model.predictor.transformer.layers                       |                    0 |                 10790400 |                        0 |       0 |
| model.predictor.transformer.layers.0                     |                    0 |                  1798400 |                        0 |       0 |
| model.predictor.transformer.layers.0.attn                |                    0 |                   787008 |                        0 |       0 |
| model.predictor.transformer.layers.0.attn.norm           |                    0 |                      384 |                        0 |       0 |
| model.predictor.transformer.layers.0.attn.attend         |                    0 |                        0 |                        0 |       0 |
| model.predictor.transformer.layers.0.attn.to_qkv         |                    0 |                   589824 |                        0 |       0 |
| model.predictor.transformer.layers.0.attn.to_out         |                    0 |                   196800 |                        0 |       0 |
| model.predictor.transformer.layers.0.attn.to_out.0       |                    0 |                   196800 |                        0 |       0 |
| model.predictor.transformer.layers.0.attn.to_out.1       |                    0 |                        0 |                        0 |       0 |
| model.predictor.transformer.layers.0.mlp                 |                    0 |                   789056 |                        0 |       0 |
| model.predictor.transformer.layers.0.mlp.net             |                    0 |                   789056 |                        0 |       0 |
| model.predictor.transformer.layers.0.mlp.net.0           |                    0 |                      384 |                        0 |       0 |
| model.predictor.transformer.layers.0.mlp.net.1           |                    0 |                   395264 |                        0 |       0 |
| model.predictor.transformer.layers.0.mlp.net.2           |                    0 |                        0 |                        0 |       0 |
| model.predictor.transformer.layers.0.mlp.net.3           |                    0 |                        0 |                        0 |       0 |
| model.predictor.transformer.layers.0.mlp.net.4           |                    0 |                   393408 |                        0 |       0 |
| model.predictor.transformer.layers.0.mlp.net.5           |                    0 |                        0 |                        0 |       0 |
| model.predictor.transformer.layers.0.norm1               |                    0 |                        0 |                        0 |       0 |
| model.predictor.transformer.layers.0.norm2               |                    0 |                        0 |                        0 |       0 |
| model.predictor.transformer.layers.0.adaLN_modulation    |                    0 |                   222336 |                        0 |       0 |
| model.predictor.transformer.layers.0.adaLN_modulation.0  |                    0 |                        0 |                        0 |       0 |
| model.predictor.transformer.layers.0.adaLN_modulation.1  |                    0 |                   222336 |                        0 |       0 |
| model.predictor.transformer.layers.1                     |                    0 |                  1798400 |                        0 |       0 |
| model.predictor.transformer.layers.1.attn                |                    0 |                   787008 |                        0 |       0 |
| model.predictor.transformer.layers.1.attn.norm           |                    0 |                      384 |                        0 |       0 |
| model.predictor.transformer.layers.1.attn.attend         |                    0 |                        0 |                        0 |       0 |
| model.predictor.transformer.layers.1.attn.to_qkv         |                    0 |                   589824 |                        0 |       0 |
| model.predictor.transformer.layers.1.attn.to_out         |                    0 |                   196800 |                        0 |       0 |
| model.predictor.transformer.layers.1.attn.to_out.0       |                    0 |                   196800 |                        0 |       0 |
| model.predictor.transformer.layers.1.attn.to_out.1       |                    0 |                        0 |                        0 |       0 |
| model.predictor.transformer.layers.1.mlp                 |                    0 |                   789056 |                        0 |       0 |
| model.predictor.transformer.layers.1.mlp.net             |                    0 |                   789056 |                        0 |       0 |
| model.predictor.transformer.layers.1.mlp.net.0           |                    0 |                      384 |                        0 |       0 |
| model.predictor.transformer.layers.1.mlp.net.1           |                    0 |                   395264 |                        0 |       0 |
| model.predictor.transformer.layers.1.mlp.net.2           |                    0 |                        0 |                        0 |       0 |
| model.predictor.transformer.layers.1.mlp.net.3           |                    0 |                        0 |                        0 |       0 |
| model.predictor.transformer.layers.1.mlp.net.4           |                    0 |                   393408 |                        0 |       0 |
| model.predictor.transformer.layers.1.mlp.net.5           |                    0 |                        0 |                        0 |       0 |
| model.predictor.transformer.layers.1.norm1               |                    0 |                        0 |                        0 |       0 |
| model.predictor.transformer.layers.1.norm2               |                    0 |                        0 |                        0 |       0 |
| model.predictor.transformer.layers.1.adaLN_modulation    |                    0 |                   222336 |                        0 |       0 |
| model.predictor.transformer.layers.1.adaLN_modulation.0  |                    0 |                        0 |                        0 |       0 |
| model.predictor.transformer.layers.1.adaLN_modulation.1  |                    0 |                   222336 |                        0 |       0 |
| model.predictor.transformer.layers.2                     |                    0 |                  1798400 |                        0 |       0 |
| model.predictor.transformer.layers.2.attn                |                    0 |                   787008 |                        0 |       0 |
| model.predictor.transformer.layers.2.attn.norm           |                    0 |                      384 |                        0 |       0 |
| model.predictor.transformer.layers.2.attn.attend         |                    0 |                        0 |                        0 |       0 |
| model.predictor.transformer.layers.2.attn.to_qkv         |                    0 |                   589824 |                        0 |       0 |
| model.predictor.transformer.layers.2.attn.to_out         |                    0 |                   196800 |                        0 |       0 |
| model.predictor.transformer.layers.2.attn.to_out.0       |                    0 |                   196800 |                        0 |       0 |
| model.predictor.transformer.layers.2.attn.to_out.1       |                    0 |                        0 |                        0 |       0 |
| model.predictor.transformer.layers.2.mlp                 |                    0 |                   789056 |                        0 |       0 |
| model.predictor.transformer.layers.2.mlp.net             |                    0 |                   789056 |                        0 |       0 |
| model.predictor.transformer.layers.2.mlp.net.0           |                    0 |                      384 |                        0 |       0 |
| model.predictor.transformer.layers.2.mlp.net.1           |                    0 |                   395264 |                        0 |       0 |
| model.predictor.transformer.layers.2.mlp.net.2           |                    0 |                        0 |                        0 |       0 |
| model.predictor.transformer.layers.2.mlp.net.3           |                    0 |                        0 |                        0 |       0 |
| model.predictor.transformer.layers.2.mlp.net.4           |                    0 |                   393408 |                        0 |       0 |
| model.predictor.transformer.layers.2.mlp.net.5           |                    0 |                        0 |                        0 |       0 |
| model.predictor.transformer.layers.2.norm1               |                    0 |                        0 |                        0 |       0 |
| model.predictor.transformer.layers.2.norm2               |                    0 |                        0 |                        0 |       0 |
| model.predictor.transformer.layers.2.adaLN_modulation    |                    0 |                   222336 |                        0 |       0 |
| model.predictor.transformer.layers.2.adaLN_modulation.0  |                    0 |                        0 |                        0 |       0 |
| model.predictor.transformer.layers.2.adaLN_modulation.1  |                    0 |                   222336 |                        0 |       0 |
| model.predictor.transformer.layers.3                     |                    0 |                  1798400 |                        0 |       0 |
| model.predictor.transformer.layers.3.attn                |                    0 |                   787008 |                        0 |       0 |
| model.predictor.transformer.layers.3.attn.norm           |                    0 |                      384 |                        0 |       0 |
| model.predictor.transformer.layers.3.attn.attend         |                    0 |                        0 |                        0 |       0 |
| model.predictor.transformer.layers.3.attn.to_qkv         |                    0 |                   589824 |                        0 |       0 |
| model.predictor.transformer.layers.3.attn.to_out         |                    0 |                   196800 |                        0 |       0 |
| model.predictor.transformer.layers.3.attn.to_out.0       |                    0 |                   196800 |                        0 |       0 |
| model.predictor.transformer.layers.3.attn.to_out.1       |                    0 |                        0 |                        0 |       0 |
| model.predictor.transformer.layers.3.mlp                 |                    0 |                   789056 |                        0 |       0 |
| model.predictor.transformer.layers.3.mlp.net             |                    0 |                   789056 |                        0 |       0 |
| model.predictor.transformer.layers.3.mlp.net.0           |                    0 |                      384 |                        0 |       0 |
| model.predictor.transformer.layers.3.mlp.net.1           |                    0 |                   395264 |                        0 |       0 |
| model.predictor.transformer.layers.3.mlp.net.2           |                    0 |                        0 |                        0 |       0 |
| model.predictor.transformer.layers.3.mlp.net.3           |                    0 |                        0 |                        0 |       0 |
| model.predictor.transformer.layers.3.mlp.net.4           |                    0 |                   393408 |                        0 |       0 |
| model.predictor.transformer.layers.3.mlp.net.5           |                    0 |                        0 |                        0 |       0 |
| model.predictor.transformer.layers.3.norm1               |                    0 |                        0 |                        0 |       0 |
| model.predictor.transformer.layers.3.norm2               |                    0 |                        0 |                        0 |       0 |
| model.predictor.transformer.layers.3.adaLN_modulation    |                    0 |                   222336 |                        0 |       0 |
| model.predictor.transformer.layers.3.adaLN_modulation.0  |                    0 |                        0 |                        0 |       0 |
| model.predictor.transformer.layers.3.adaLN_modulation.1  |                    0 |                   222336 |                        0 |       0 |
| model.predictor.transformer.layers.4                     |                    0 |                  1798400 |                        0 |       0 |
| model.predictor.transformer.layers.4.attn                |                    0 |                   787008 |                        0 |       0 |
| model.predictor.transformer.layers.4.attn.norm           |                    0 |                      384 |                        0 |       0 |
| model.predictor.transformer.layers.4.attn.attend         |                    0 |                        0 |                        0 |       0 |
| model.predictor.transformer.layers.4.attn.to_qkv         |                    0 |                   589824 |                        0 |       0 |
| model.predictor.transformer.layers.4.attn.to_out         |                    0 |                   196800 |                        0 |       0 |
| model.predictor.transformer.layers.4.attn.to_out.0       |                    0 |                   196800 |                        0 |       0 |
| model.predictor.transformer.layers.4.attn.to_out.1       |                    0 |                        0 |                        0 |       0 |
| model.predictor.transformer.layers.4.mlp                 |                    0 |                   789056 |                        0 |       0 |
| model.predictor.transformer.layers.4.mlp.net             |                    0 |                   789056 |                        0 |       0 |
| model.predictor.transformer.layers.4.mlp.net.0           |                    0 |                      384 |                        0 |       0 |
| model.predictor.transformer.layers.4.mlp.net.1           |                    0 |                   395264 |                        0 |       0 |
| model.predictor.transformer.layers.4.mlp.net.2           |                    0 |                        0 |                        0 |       0 |
| model.predictor.transformer.layers.4.mlp.net.3           |                    0 |                        0 |                        0 |       0 |
| model.predictor.transformer.layers.4.mlp.net.4           |                    0 |                   393408 |                        0 |       0 |
| model.predictor.transformer.layers.4.mlp.net.5           |                    0 |                        0 |                        0 |       0 |
| model.predictor.transformer.layers.4.norm1               |                    0 |                        0 |                        0 |       0 |
| model.predictor.transformer.layers.4.norm2               |                    0 |                        0 |                        0 |       0 |
| model.predictor.transformer.layers.4.adaLN_modulation    |                    0 |                   222336 |                        0 |       0 |
| model.predictor.transformer.layers.4.adaLN_modulation.0  |                    0 |                        0 |                        0 |       0 |
| model.predictor.transformer.layers.4.adaLN_modulation.1  |                    0 |                   222336 |                        0 |       0 |
| model.predictor.transformer.layers.5                     |                    0 |                  1798400 |                        0 |       0 |
| model.predictor.transformer.layers.5.attn                |                    0 |                   787008 |                        0 |       0 |
| model.predictor.transformer.layers.5.attn.norm           |                    0 |                      384 |                        0 |       0 |
| model.predictor.transformer.layers.5.attn.attend         |                    0 |                        0 |                        0 |       0 |
| model.predictor.transformer.layers.5.attn.to_qkv         |                    0 |                   589824 |                        0 |       0 |
| model.predictor.transformer.layers.5.attn.to_out         |                    0 |                   196800 |                        0 |       0 |
| model.predictor.transformer.layers.5.attn.to_out.0       |                    0 |                   196800 |                        0 |       0 |
| model.predictor.transformer.layers.5.attn.to_out.1       |                    0 |                        0 |                        0 |       0 |
| model.predictor.transformer.layers.5.mlp                 |                    0 |                   789056 |                        0 |       0 |
| model.predictor.transformer.layers.5.mlp.net             |                    0 |                   789056 |                        0 |       0 |
| model.predictor.transformer.layers.5.mlp.net.0           |                    0 |                      384 |                        0 |       0 |
| model.predictor.transformer.layers.5.mlp.net.1           |                    0 |                   395264 |                        0 |       0 |
| model.predictor.transformer.layers.5.mlp.net.2           |                    0 |                        0 |                        0 |       0 |
| model.predictor.transformer.layers.5.mlp.net.3           |                    0 |                        0 |                        0 |       0 |
| model.predictor.transformer.layers.5.mlp.net.4           |                    0 |                   393408 |                        0 |       0 |
| model.predictor.transformer.layers.5.mlp.net.5           |                    0 |                        0 |                        0 |       0 |
| model.predictor.transformer.layers.5.norm1               |                    0 |                        0 |                        0 |       0 |
| model.predictor.transformer.layers.5.norm2               |                    0 |                        0 |                        0 |       0 |
| model.predictor.transformer.layers.5.adaLN_modulation    |                    0 |                   222336 |                        0 |       0 |
| model.predictor.transformer.layers.5.adaLN_modulation.0  |                    0 |                        0 |                        0 |       0 |
| model.predictor.transformer.layers.5.adaLN_modulation.1  |                    0 |                   222336 |                        0 |       0 |
| model.predictor.transformer.input_proj                   |                    0 |                        0 |                        0 |       0 |
| model.predictor.transformer.cond_proj                    |                    0 |                        0 |                        0 |       0 |
| model.predictor.transformer.output_proj                  |                    0 |                        0 |                        0 |       0 |
| model.action_encoder                                     |                    0 |                   156356 |                        0 |       0 |
| model.action_encoder.patch_embed                         |                    0 |                      260 |                        0 |       0 |
| model.action_encoder.embed                               |                    0 |                   156096 |                        0 |       0 |
| model.action_encoder.embed.0                             |                    0 |                     8448 |                        0 |       0 |
| model.action_encoder.embed.1                             |                    0 |                        0 |                        0 |       0 |
| model.action_encoder.embed.2                             |                    0 |                   147648 |                        0 |       0 |
| model.projector                                          |                    0 |                   792768 |                        0 |    4097 |
| model.projector.net                                      |                    0 |                   792768 |                        0 |    4097 |
| model.projector.net.0                                    |                    0 |                   395264 |                        0 |       0 |
| model.projector.net.1                                    |                    0 |                     4096 |                        0 |    4097 |
| model.projector.net.2                                    |                    0 |                        0 |                        0 |       0 |
| model.projector.net.3                                    |                    0 |                   393408 |                        0 |       0 |
| model.pred_proj                                          |                    0 |                   792768 |                        0 |    4097 |
| model.pred_proj.net                                      |                    0 |                   792768 |                        0 |    4097 |
| model.pred_proj.net.0                                    |                    0 |                   395264 |                        0 |       0 |
| model.pred_proj.net.1                                    |                    0 |                     4096 |                        0 |    4097 |
| model.pred_proj.net.2                                    |                    0 |                        0 |                        0 |       0 |
| model.pred_proj.net.3                                    |                    0 |                   393408 |                        0 |       0 |
| model.elevator                                           |               596064 |                        0 |                        0 |    4097 |
| model.elevator.net                                       |               596064 |                        0 |                        0 |    4097 |
| model.elevator.net.0                                     |               395264 |                        0 |                        0 |       0 |
| model.elevator.net.1                                     |                 4096 |                        0 |                        0 |    4097 |
| model.elevator.net.2                                     |                    0 |                        0 |                        0 |       0 |
| model.elevator.net.3                                     |               196704 |                        0 |                        0 |       0 |
| model.posterior                                          |               181824 |                        0 |                        0 |       0 |
| model.posterior.mlp                                      |               181824 |                        0 |                        0 |       0 |
| model.posterior.mlp.net                                  |               181824 |                        0 |                        0 |       0 |
| model.posterior.mlp.net.0                                |               147968 |                        0 |                        0 |       0 |
| model.posterior.mlp.net.1                                |                 1024 |                        0 |                        0 |       0 |
| model.posterior.mlp.net.2                                |                    0 |                        0 |                        0 |       0 |
| model.posterior.mlp.net.3                                |                32832 |                        0 |                        0 |       0 |
| model.m_encoder                                          |                41514 |                        0 |                        0 |       0 |
| model.m_encoder.patch_embed                              |                  330 |                        0 |                        0 |       0 |
| model.m_encoder.embed                                    |                41184 |                        0 |                        0 |       0 |
| model.m_encoder.embed.0                                  |                 4224 |                        0 |                        0 |       0 |
| model.m_encoder.embed.1                                  |                    0 |                        0 |                        0 |       0 |
| model.m_encoder.embed.2                                  |                36960 |                        0 |                        0 |       0 |
| model.predictor1                                         |              4809920 |                        0 |                        0 |       0 |
| model.predictor1.dropout                                 |                    0 |                        0 |                        0 |       0 |
| model.predictor1.transformer                             |              4809824 |                        0 |                        0 |       0 |
| model.predictor1.transformer.norm                        |                  512 |                        0 |                        0 |       0 |
| model.predictor1.transformer.layers                      |              4734976 |                        0 |                        0 |       0 |
| model.predictor1.transformer.layers.0                    |              1183744 |                        0 |                        0 |       0 |
| model.predictor1.transformer.layers.0.attn               |               262912 |                        0 |                        0 |       0 |
| model.predictor1.transformer.layers.0.attn.norm          |                  512 |                        0 |                        0 |       0 |
| model.predictor1.transformer.layers.0.attn.attend        |                    0 |                        0 |                        0 |       0 |
| model.predictor1.transformer.layers.0.attn.to_qkv        |               196608 |                        0 |                        0 |       0 |
| model.predictor1.transformer.layers.0.attn.to_out        |                65792 |                        0 |                        0 |       0 |
| model.predictor1.transformer.layers.0.attn.to_out.0      |                65792 |                        0 |                        0 |       0 |
| model.predictor1.transformer.layers.0.attn.to_out.1      |                    0 |                        0 |                        0 |       0 |
| model.predictor1.transformer.layers.0.mlp                |               526080 |                        0 |                        0 |       0 |
| model.predictor1.transformer.layers.0.mlp.net            |               526080 |                        0 |                        0 |       0 |
| model.predictor1.transformer.layers.0.mlp.net.0          |                  512 |                        0 |                        0 |       0 |
| model.predictor1.transformer.layers.0.mlp.net.1          |               263168 |                        0 |                        0 |       0 |
| model.predictor1.transformer.layers.0.mlp.net.2          |                    0 |                        0 |                        0 |       0 |
| model.predictor1.transformer.layers.0.mlp.net.3          |                    0 |                        0 |                        0 |       0 |
| model.predictor1.transformer.layers.0.mlp.net.4          |               262400 |                        0 |                        0 |       0 |
| model.predictor1.transformer.layers.0.mlp.net.5          |                    0 |                        0 |                        0 |       0 |
| model.predictor1.transformer.layers.0.norm1              |                    0 |                        0 |                        0 |       0 |
| model.predictor1.transformer.layers.0.norm2              |                    0 |                        0 |                        0 |       0 |
| model.predictor1.transformer.layers.0.adaLN_modulation   |               394752 |                        0 |                        0 |       0 |
| model.predictor1.transformer.layers.0.adaLN_modulation.0 |                    0 |                        0 |                        0 |       0 |
| model.predictor1.transformer.layers.0.adaLN_modulation.1 |               394752 |                        0 |                        0 |       0 |
| model.predictor1.transformer.layers.1                    |              1183744 |                        0 |                        0 |       0 |
| model.predictor1.transformer.layers.1.attn               |               262912 |                        0 |                        0 |       0 |
| model.predictor1.transformer.layers.1.attn.norm          |                  512 |                        0 |                        0 |       0 |
| model.predictor1.transformer.layers.1.attn.attend        |                    0 |                        0 |                        0 |       0 |
| model.predictor1.transformer.layers.1.attn.to_qkv        |               196608 |                        0 |                        0 |       0 |
| model.predictor1.transformer.layers.1.attn.to_out        |                65792 |                        0 |                        0 |       0 |
| model.predictor1.transformer.layers.1.attn.to_out.0      |                65792 |                        0 |                        0 |       0 |
| model.predictor1.transformer.layers.1.attn.to_out.1      |                    0 |                        0 |                        0 |       0 |
| model.predictor1.transformer.layers.1.mlp                |               526080 |                        0 |                        0 |       0 |
| model.predictor1.transformer.layers.1.mlp.net            |               526080 |                        0 |                        0 |       0 |
| model.predictor1.transformer.layers.1.mlp.net.0          |                  512 |                        0 |                        0 |       0 |
| model.predictor1.transformer.layers.1.mlp.net.1          |               263168 |                        0 |                        0 |       0 |
| model.predictor1.transformer.layers.1.mlp.net.2          |                    0 |                        0 |                        0 |       0 |
| model.predictor1.transformer.layers.1.mlp.net.3          |                    0 |                        0 |                        0 |       0 |
| model.predictor1.transformer.layers.1.mlp.net.4          |               262400 |                        0 |                        0 |       0 |
| model.predictor1.transformer.layers.1.mlp.net.5          |                    0 |                        0 |                        0 |       0 |
| model.predictor1.transformer.layers.1.norm1              |                    0 |                        0 |                        0 |       0 |
| model.predictor1.transformer.layers.1.norm2              |                    0 |                        0 |                        0 |       0 |
| model.predictor1.transformer.layers.1.adaLN_modulation   |               394752 |                        0 |                        0 |       0 |
| model.predictor1.transformer.layers.1.adaLN_modulation.0 |                    0 |                        0 |                        0 |       0 |
| model.predictor1.transformer.layers.1.adaLN_modulation.1 |               394752 |                        0 |                        0 |       0 |
| model.predictor1.transformer.layers.2                    |              1183744 |                        0 |                        0 |       0 |
| model.predictor1.transformer.layers.2.attn               |               262912 |                        0 |                        0 |       0 |
| model.predictor1.transformer.layers.2.attn.norm          |                  512 |                        0 |                        0 |       0 |
| model.predictor1.transformer.layers.2.attn.attend        |                    0 |                        0 |                        0 |       0 |
| model.predictor1.transformer.layers.2.attn.to_qkv        |               196608 |                        0 |                        0 |       0 |
| model.predictor1.transformer.layers.2.attn.to_out        |                65792 |                        0 |                        0 |       0 |
| model.predictor1.transformer.layers.2.attn.to_out.0      |                65792 |                        0 |                        0 |       0 |
| model.predictor1.transformer.layers.2.attn.to_out.1      |                    0 |                        0 |                        0 |       0 |
| model.predictor1.transformer.layers.2.mlp                |               526080 |                        0 |                        0 |       0 |
| model.predictor1.transformer.layers.2.mlp.net            |               526080 |                        0 |                        0 |       0 |
| model.predictor1.transformer.layers.2.mlp.net.0          |                  512 |                        0 |                        0 |       0 |
| model.predictor1.transformer.layers.2.mlp.net.1          |               263168 |                        0 |                        0 |       0 |
| model.predictor1.transformer.layers.2.mlp.net.2          |                    0 |                        0 |                        0 |       0 |
| model.predictor1.transformer.layers.2.mlp.net.3          |                    0 |                        0 |                        0 |       0 |
| model.predictor1.transformer.layers.2.mlp.net.4          |               262400 |                        0 |                        0 |       0 |
| model.predictor1.transformer.layers.2.mlp.net.5          |                    0 |                        0 |                        0 |       0 |
| model.predictor1.transformer.layers.2.norm1              |                    0 |                        0 |                        0 |       0 |
| model.predictor1.transformer.layers.2.norm2              |                    0 |                        0 |                        0 |       0 |
| model.predictor1.transformer.layers.2.adaLN_modulation   |               394752 |                        0 |                        0 |       0 |
| model.predictor1.transformer.layers.2.adaLN_modulation.0 |                    0 |                        0 |                        0 |       0 |
| model.predictor1.transformer.layers.2.adaLN_modulation.1 |               394752 |                        0 |                        0 |       0 |
| model.predictor1.transformer.layers.3                    |              1183744 |                        0 |                        0 |       0 |
| model.predictor1.transformer.layers.3.attn               |               262912 |                        0 |                        0 |       0 |
| model.predictor1.transformer.layers.3.attn.norm          |                  512 |                        0 |                        0 |       0 |
| model.predictor1.transformer.layers.3.attn.attend        |                    0 |                        0 |                        0 |       0 |
| model.predictor1.transformer.layers.3.attn.to_qkv        |               196608 |                        0 |                        0 |       0 |
| model.predictor1.transformer.layers.3.attn.to_out        |                65792 |                        0 |                        0 |       0 |
| model.predictor1.transformer.layers.3.attn.to_out.0      |                65792 |                        0 |                        0 |       0 |
| model.predictor1.transformer.layers.3.attn.to_out.1      |                    0 |                        0 |                        0 |       0 |
| model.predictor1.transformer.layers.3.mlp                |               526080 |                        0 |                        0 |       0 |
| model.predictor1.transformer.layers.3.mlp.net            |               526080 |                        0 |                        0 |       0 |
| model.predictor1.transformer.layers.3.mlp.net.0          |                  512 |                        0 |                        0 |       0 |
| model.predictor1.transformer.layers.3.mlp.net.1          |               263168 |                        0 |                        0 |       0 |
| model.predictor1.transformer.layers.3.mlp.net.2          |                    0 |                        0 |                        0 |       0 |
| model.predictor1.transformer.layers.3.mlp.net.3          |                    0 |                        0 |                        0 |       0 |
| model.predictor1.transformer.layers.3.mlp.net.4          |               262400 |                        0 |                        0 |       0 |
| model.predictor1.transformer.layers.3.mlp.net.5          |                    0 |                        0 |                        0 |       0 |
| model.predictor1.transformer.layers.3.norm1              |                    0 |                        0 |                        0 |       0 |
| model.predictor1.transformer.layers.3.norm2              |                    0 |                        0 |                        0 |       0 |
| model.predictor1.transformer.layers.3.adaLN_modulation   |               394752 |                        0 |                        0 |       0 |
| model.predictor1.transformer.layers.3.adaLN_modulation.0 |                    0 |                        0 |                        0 |       0 |
| model.predictor1.transformer.layers.3.adaLN_modulation.1 |               394752 |                        0 |                        0 |       0 |
| model.predictor1.transformer.input_proj                  |                24832 |                        0 |                        0 |       0 |
| model.predictor1.transformer.cond_proj                   |                24832 |                        0 |                        0 |       0 |
| model.predictor1.transformer.output_proj                 |                24672 |                        0 |                        0 |       0 |
| model.pred_proj1                                         |                99936 |                        0 |                        0 |    1025 |
| model.pred_proj1.net                                     |                99936 |                        0 |                        0 |    1025 |
| model.pred_proj1.net.0                                   |                49664 |                        0 |                        0 |       0 |
| model.pred_proj1.net.1                                   |                 1024 |                        0 |                        0 |    1025 |
| model.pred_proj1.net.2                                   |                    0 |                        0 |                        0 |       0 |
| model.pred_proj1.net.3                                   |                49248 |                        0 |                        0 |       0 |
| model.pi                                                 |               334948 |                        0 |                        0 |    2049 |
| model.pi.net                                             |               334948 |                        0 |                        0 |    2049 |
| model.pi.net.0                                           |               230400 |                        0 |                        0 |       0 |
| model.pi.net.1                                           |                 2048 |                        0 |                        0 |    2049 |
| model.pi.net.2                                           |                    0 |                        0 |                        0 |       0 |
| model.pi.net.3                                           |               102500 |                        0 |                        0 |       0 |
| sigreg                                                   |                    0 |                        0 |                        0 |      51 |
+----------------------------------------------------------+----------------------+--------------------------+--------------------------+---------+
18:10:15 | INFO  | utils.py    | ── SLURM ─────────────────────────────────────────
18:10:15 | INFO  | trainer_inf~|   Job ID: N/A
18:10:15 | INFO  | trainer_inf~|   Task ID: N/A
18:10:15 | INFO  | trainer_inf~|   Job Name: N/A
18:10:15 | INFO  | trainer_inf~|   Nodes: N/A
18:10:15 | INFO  | trainer_inf~|   Tasks: N/A
18:10:15 | INFO  | trainer_inf~|   CPUs per node: N/A
18:10:15 | INFO  | trainer_inf~|   CPUs per task: N/A
18:10:15 | INFO  | trainer_inf~|   Memory per node: N/A
18:10:15 | INFO  | trainer_inf~|   Memory per CPU: N/A
18:10:15 | INFO  | trainer_inf~|   Time limit: N/A
18:10:15 | INFO  | trainer_inf~|   Partition: N/A
18:10:15 | INFO  | trainer_inf~|   Node List: N/A
18:10:15 | INFO  | trainer_inf~|   Submit Directory: N/A
18:10:15 | INFO  | utils.py    | ── HardwareMonitor ───────────────────────────────
18:10:15 | INFO  | hardware_mo~|   interval: 10.0s
18:10:15 | INFO  | hardware_mo~|   prefix:   'hardware/'
18:10:15 | INFO  | hardware_mo~|   metrics:  cpu=True ram=True disk=True net=True gpu=True
18:10:15 | INFO  | hardware_mo~|   per-rank: rank 0 only
LOCAL_RANK: 0 - CUDA_VISIBLE_DEVICES: [0]
18:10:15 | WARN  | hardware_mo~| HardwareMonitor: pynvml unavailable (ModuleNotFoundError("No module named 'pynvml'")); GPU metrics disabled.
18:10:15 | INFO  | utils.py    | ── Optimizers ────────────────────────────────────
18:10:15 | INFO  | module.py   |   Optimizer specified by Dict with keys ['model_opt']
18:10:15 | INFO  | module.py   | 
┏━━━━━━━━━━━━━┳━━━━━━━━━━━┳━━━━━━━━━━━━━━━━━━━┳━━━━━━━━━━━━━━━━━┳━━━━━━━━━━━━━━━━┳━━━━━━━━━━━━━━━━━━━━━━━━┓
┃ Optimizer   ┃ Pattern   ┃   Matched Modules ┃   Param Tensors ┃   Total Params ┃   RequiresGrad Tensors ┃
┣━━━━━━━━━━━━━╋━━━━━━━━━━━╋━━━━━━━━━━━━━━━━━━━╋━━━━━━━━━━━━━━━━━╋━━━━━━━━━━━━━━━━╋━━━━━━━━━━━━━━━━━━━━━━━━┫
┃ model_opt   ┃ model     ┃               439 ┃             388 ┃       24098834 ┃                     91 ┃
┗━━━━━━━━━━━━━┻━━━━━━━━━━━┻━━━━━━━━━━━━━━━━━━━┻━━━━━━━━━━━━━━━━━┻━━━━━━━━━━━━━━━━┻━━━━━━━━━━━━━━━━━━━━━━━━┛
18:10:15 | INFO  | lr_schedule~| 	User provided a dict
Loading `train_dataloader` to estimate number of stepping batches.
/home/mattin/Desktop/.venv/lib/python3.12/site-packages/lightning/pytorch/utilities/_pytree.py:21: `isinstance(treespec, LeafSpec)` is deprecated, use `isinstance(treespec, TreeSpec) and treespec.is_leaf()` instead.
/home/mattin/Desktop/.venv/lib/python3.12/site-packages/lance/__init__.py:359: UserWarning: lance is not fork-safe. If you are using multiprocessing, use spawn or forkserver instead.
  warnings.warn(
/usr/lib/python3.12/multiprocessing/popen_fork.py:66: RuntimeWarning: lancedb fork support is experimental: the internal async runtime has been reset in the forked child, but a small chance of deadlock remains if other state was mid-operation at fork time. The 'forkserver' or 'spawn' multiprocessing start method is likely a safer alternative.
  self.pid = os.fork()
/usr/lib/python3.12/multiprocessing/popen_fork.py:66: RuntimeWarning: lancedb fork support is experimental: the internal async runtime has been reset in the forked child, but a small chance of deadlock remains if other state was mid-operation at fork time. The 'forkserver' or 'spawn' multiprocessing start method is likely a safer alternative.
  self.pid = os.fork()
/usr/lib/python3.12/multiprocessing/popen_fork.py:66: RuntimeWarning: lancedb fork support is experimental: the internal async runtime has been reset in the forked child, but a small chance of deadlock remains if other state was mid-operation at fork time. The 'forkserver' or 'spawn' multiprocessing start method is likely a safer alternative.
  self.pid = os.fork()
/usr/lib/python3.12/multiprocessing/popen_fork.py:66: RuntimeWarning: lancedb fork support is experimental: the internal async runtime has been reset in the forked child, but a small chance of deadlock remains if other state was mid-operation at fork time. The 'forkserver' or 'spawn' multiprocessing start method is likely a safer alternative.
  self.pid = os.fork()
/usr/lib/python3.12/multiprocessing/popen_fork.py:66: RuntimeWarning: lancedb fork support is experimental: the internal async runtime has been reset in the forked child, but a small chance of deadlock remains if other state was mid-operation at fork time. The 'forkserver' or 'spawn' multiprocessing start method is likely a safer alternative.
  self.pid = os.fork()
/usr/lib/python3.12/multiprocessing/popen_fork.py:66: RuntimeWarning: lancedb fork support is experimental: the internal async runtime has been reset in the forked child, but a small chance of deadlock remains if other state was mid-operation at fork time. The 'forkserver' or 'spawn' multiprocessing start method is likely a safer alternative.
  self.pid = os.fork()
18:10:15 | INFO  | module.py   |   Configured optimizer 'model_opt' (modules=439, param_tensors=388, total_params=24098834) with LinearWarmupCosineAnnealingLR scheduler.
/home/mattin/Desktop/.venv/lib/python3.12/site-packages/lightning/pytorch/utilities/model_summary/model_summary.py:242: Precision bf16-mixed is not supported by the model summary.  Estimated model size in MB will not be accurate. Using 32 bits instead.
┏━━━┳━━━━━━━━━━━━━━━━━━━┳━━━━━━━━━━━━┳━━━━━━━━┳━━━━━━━┳━━━━━━━┓
┃   ┃ Name              ┃ Type       ┃ Params ┃ Mode  ┃ FLOPs ┃
┡━━━╇━━━━━━━━━━━━━━━━━━━╇━━━━━━━━━━━━╇━━━━━━━━╇━━━━━━━╇━━━━━━━┩
│ 0 │ callbacks_modules │ ModuleDict │      0 │ train │     0 │
│ 1 │ callbacks_metrics │ ModuleDict │      0 │ train │     0 │
│ 2 │ model             │ HJEPA      │ 24.1 M │ train │     0 │
│ 3 │ sigreg            │ SIGReg     │      0 │ train │     0 │
└───┴───────────────────┴────────────┴────────┴───────┴───────┘
Trainable params: 6.1 M                                                                                                                                                                      
Non-trainable params: 18.0 M                                                                                                                                                                 
Total params: 24.1 M                                                                                                                                                                         
Total estimated model params size (MB): 96.395                                                                                                                                               
Modules in train mode: 127                                                                                                                                                                   
Modules in eval mode: 315                                                                                                                                                                    
Total FLOPs: 0                                                                                                                                                                               
18:10:15 | INFO  | logger.py   | [RegistryLogger] summary.json flushed (0 metrics, step=0, epoch=0) → /home/mattin/.cache/stable-pretraining/runs/20260928/181015/359e86ba207f/summary.json
/usr/lib/python3.12/multiprocessing/popen_fork.py:66: RuntimeWarning: lancedb fork support is experimental: the internal async runtime has been reset in the forked child, but a small chance of deadlock remains if other state was mid-operation at fork time. The 'forkserver' or 'spawn' multiprocessing start method is likely a safer alternative.
  self.pid = os.fork()
18:10:16 | OK    | env_info.py | ✓ Packages: 189 packages collected in 0.34s
/usr/lib/python3.12/multiprocessing/popen_fork.py:66: RuntimeWarning: lancedb fork support is experimental: the internal async runtime has been reset in the forked child, but a small chance of deadlock remains if other state was mid-operation at fork time. The 'forkserver' or 'spawn' multiprocessing start method is likely a safer alternative.
  self.pid = os.fork()
/home/mattin/Desktop/.venv/lib/python3.12/site-packages/lance/__init__.py:359: UserWarning: lance is not fork-safe. If you are using multiprocessing, use spawn or forkserver instead.
  warnings.warn(
/usr/lib/python3.12/multiprocessing/popen_fork.py:66: RuntimeWarning: lancedb fork support is experimental: the internal async runtime has been reset in the forked child, but a small chance of deadlock remains if other state was mid-operation at fork time. The 'forkserver' or 'spawn' multiprocessing start method is likely a safer alternative.
  self.pid = os.fork()
/usr/lib/python3.12/multiprocessing/popen_fork.py:66: RuntimeWarning: lancedb fork support is experimental: the internal async runtime has been reset in the forked child, but a small chance of deadlock remains if other state was mid-operation at fork time. The 'forkserver' or 'spawn' multiprocessing start method is likely a safer alternative.
  self.pid = os.fork()
/usr/lib/python3.12/multiprocessing/popen_fork.py:66: RuntimeWarning: lancedb fork support is experimental: the internal async runtime has been reset in the forked child, but a small chance of deadlock remains if other state was mid-operation at fork time. The 'forkserver' or 'spawn' multiprocessing start method is likely a safer alternative.
  self.pid = os.fork()
/usr/lib/python3.12/multiprocessing/popen_fork.py:66: RuntimeWarning: lancedb fork support is experimental: the internal async runtime has been reset in the forked child, but a small chance of deadlock remains if other state was mid-operation at fork time. The 'forkserver' or 'spawn' multiprocessing start method is likely a safer alternative.
  self.pid = os.fork()
/home/mattin/Desktop/.venv/lib/python3.12/site-packages/lightning/pytorch/trainer/connectors/data_connector.py:378: You have overridden `on_after_batch_transfer` in `LightningModule` but have passed in a `LightningDataModule`. It will use the implementation from `LightningModule` instance.
18:10:26 | WARN  | env_info.py | ! nvidia-smi timed out
18:10:26 | OK    | env_info.py | ✓ Git: main @ 831bbf5f
18:10:26 | INFO  | env_info.py |   Remote: https://github.com/gjel64/HJEPAFromLeWM.git
18:10:26 | WARN  | env_info.py | ! Working directory has uncommitted changes
18:10:26 | OK    | env_info.py | ✓ Environment: 3 relevant variables captured
18:10:26 | INFO  | env_info.py |   Serializing environment data...
18:10:26 | INFO  | env_info.py |   File exists, using version 10: environment_v10.json
18:10:26 | INFO  | env_info.py |   File exists, using version 10: requirements_frozen_v10.txt
18:10:26 | INFO  | env_info.py |   Save directory: /home/mattin/.cache/stable-pretraining
18:10:26 | INFO  | env_info.py |   Writing environment to temp file...
18:10:26 | INFO  | env_info.py |   Moving to: environment_v10.json
18:10:26 | OK    | env_info.py | ✓ Environment file saved (11.3 KB)
18:10:26 | OK    | env_info.py | ✓ Requirements file saved (3.6 KB)
/home/mattin/Desktop/.venv/lib/python3.12/site-packages/lightning/pytorch/utilities/data.py:79: Trying to infer the `batch_size` from an ambiguous collection. The batch size we found is 128. To avoid any miscalculations, use `self.log(..., batch_size=batch_size)`.
18:10:36 | INFO  | trainer_inf~| \n+-----------------------------+----------------------+
|            Metric           |        Value         |
+-----------------------------+----------------------+
|      [0;34;40mvalidate/cons_loss[0m     | [0;32;40m0.043235599994659424[0m |
|   [0;34;40mvalidate/cons_loss_epoch[0m  | [0;32;40m0.043235599994659424[0m |
|       [0;34;40mvalidate/kl_loss[0m      |  [0;32;40m3.211799144744873[0m   |
|    [0;34;40mvalidate/kl_loss_epoch[0m   |  [0;32;40m3.211799144744873[0m   |
|        [0;34;40mvalidate/loss[0m        |  [0;32;40m5.273263931274414[0m   |
|     [0;34;40mvalidate/loss_epoch[0m     |  [0;32;40m5.273263931274414[0m   |
|     [0;34;40mvalidate/pred1_loss[0m     | [0;32;40m0.04383806511759758[0m  |
|  [0;34;40mvalidate/pred1_loss_epoch[0m  | [0;32;40m0.04383806511759758[0m  |
|    [0;34;40mvalidate/sigreg1_loss[0m    |         [0;32;40m45.5[0m         |
| [0;34;40mvalidate/sigreg1_loss_epoch[0m |         [0;32;40m45.5[0m         |
|     [0;34;40mvalidate/skill_loss[0m     |  [0;32;40m1.0924403667449951[0m  |
|  [0;34;40mvalidate/skill_loss_epoch[0m  |  [0;32;40m1.0924403667449951[0m  |
|        [0;34;40mvalidate/w_kl[0m        |         [0;32;40m0.0[0m          |
|     [0;34;40mvalidate/w_kl_epoch[0m     |         [0;32;40m0.0[0m          |
+-----------------------------+----------------------+
/home/mattin/Desktop/.venv/lib/python3.12/site-packages/lightning/pytorch/loops/fit_loop.py:538: Found 315 module(s) in eval mode at the start of training. This may lead to unexpected behavior during training. If this is intentional, you can ignore this warning.
18:10:36 | WARN  | hf_models.py| ! No Hugging Face (PreTrainedModel) submodules found in LightningModule.
18:10:36 | INFO  | utils.py    | ── Optimizers ────────────────────────────────────
18:10:36 | INFO  | module.py   |   self.optimizers() gave us 1 optimizers
18:10:36 | WARN  | module.py   | ! No clip val found for optimizer model_opt
18:10:36 | WARN  | module.py   | ! Will use the Trainer's value of 1.0
18:10:36 | WARN  | module.py   | ! No clip algorithm found for optimizer model_opt
18:10:36 | WARN  | module.py   | ! Will use the Trainer's value of None
18:10:36 | OK    | module.py   | ✓ Optimizer check complete:
+------------+-----------+----------------+-----------+-----------+
| Opt. Index | Opt. name |      opt       | clip val. | clip alg. |
+------------+-----------+----------------+-----------+-----------+
|     0      | model_opt | LightningAdamW |    1.0    |    None   |
+------------+-----------+----------------+-----------+-----------+
18:10:36 | INFO  | utils.py    | ── LogUnusedParametersOnce ───────────────────────
18:10:36 | INFO  | unused_para~|   registered hooks on 91 leaf parameters
18:10:36 | OK    | unused_para~| ✓ all tracked parameters received gradients on the first backward pass
18:10:36 | INFO  | unused_para~|   hooks removed, callback disabled
[Epoch 0/10] step 50/11742 (2.3 it/s)
[Epoch 0/10] step 100/11742 (2.2 it/s)
[Epoch 0/10] step 150/11742 (2.2 it/s)
[Epoch 0/10] step 200/11742 (2.1 it/s)
[Epoch 0/10] step 250/11742 (2.1 it/s)
[Epoch 0/10] step 300/11742 (2.1 it/s)
[Epoch 0/10] step 350/11742 (2.1 it/s)
[Epoch 0/10] step 400/11742 (2.1 it/s)
[Epoch 0/10] step 450/11742 (2.1 it/s)
[Epoch 0/10] step 500/11742 (2.1 it/s)
[Epoch 0/10] step 550/11742 (2.1 it/s)
[Epoch 0/10] step 600/11742 (2.1 it/s)
[Epoch 0/10] step 650/11742 (2.1 it/s)
[Epoch 0/10] step 700/11742 (2.1 it/s)
[Epoch 0/10] step 750/11742 (2.1 it/s)
[Epoch 0/10] step 800/11742 (2.1 it/s)
[Epoch 0/10] step 850/11742 (2.1 it/s)
[Epoch 0/10] step 900/11742 (2.1 it/s)
[Epoch 0/10] step 950/11742 (2.1 it/s)
[Epoch 0/10] step 1000/11742 (2.1 it/s)
[Epoch 0/10] step 1050/11742 (2.1 it/s)
[Epoch 0/10] step 1100/11742 (2.1 it/s)
[Epoch 0/10] step 1150/11742 (2.1 it/s)
[Epoch 0/10] step 1200/11742 (2.1 it/s)
[Epoch 0/10] step 1250/11742 (2.1 it/s)
[Epoch 0/10] step 1300/11742 (2.1 it/s)
[Epoch 0/10] step 1350/11742 (2.1 it/s)
[Epoch 0/10] step 1400/11742 (2.1 it/s)
[Epoch 0/10] step 1450/11742 (2.1 it/s)
[Epoch 0/10] step 1500/11742 (2.1 it/s)
[Epoch 0/10] step 1550/11742 (2.1 it/s)
[Epoch 0/10] step 1600/11742 (2.1 it/s)
[Epoch 0/10] step 1650/11742 (2.1 it/s)
[Epoch 0/10] step 1700/11742 (2.1 it/s)
[Epoch 0/10] step 1750/11742 (2.1 it/s)
[Epoch 0/10] step 1800/11742 (2.1 it/s)
[Epoch 0/10] step 1850/11742 (2.1 it/s)
[Epoch 0/10] step 1900/11742 (2.1 it/s)
[Epoch 0/10] step 1950/11742 (2.1 it/s)
[Epoch 0/10] step 2000/11742 (2.1 it/s)
[Epoch 0/10] step 2050/11742 (2.1 it/s)
[Epoch 0/10] step 2100/11742 (2.1 it/s)
[Epoch 0/10] step 2150/11742 (2.1 it/s)
[Epoch 0/10] step 2200/11742 (2.1 it/s)
[Epoch 0/10] step 2250/11742 (2.1 it/s)
[Epoch 0/10] step 2300/11742 (2.1 it/s)
[Epoch 0/10] step 2350/11742 (2.1 it/s)
[Epoch 0/10] step 2400/11742 (2.1 it/s)
[Epoch 0/10] step 2450/11742 (2.1 it/s)
[Epoch 0/10] step 2500/11742 (2.1 it/s)
[Epoch 0/10] step 2550/11742 (2.1 it/s)
[Epoch 0/10] step 2600/11742 (2.1 it/s)
[Epoch 0/10] step 2650/11742 (2.1 it/s)
[Epoch 0/10] step 2700/11742 (2.1 it/s)
[Epoch 0/10] step 2750/11742 (2.1 it/s)
[Epoch 0/10] step 2800/11742 (2.1 it/s)
[Epoch 0/10] step 2850/11742 (2.1 it/s)
[Epoch 0/10] step 2900/11742 (2.1 it/s)
[Epoch 0/10] step 2950/11742 (2.1 it/s)
[Epoch 0/10] step 3000/11742 (2.1 it/s)
[Epoch 0/10] step 3050/11742 (2.1 it/s)
[Epoch 0/10] step 3100/11742 (2.1 it/s)
[Epoch 0/10] step 3150/11742 (2.1 it/s)
[Epoch 0/10] step 3200/11742 (2.1 it/s)
[Epoch 0/10] step 3250/11742 (2.1 it/s)
[Epoch 0/10] step 3300/11742 (2.1 it/s)
[Epoch 0/10] step 3350/11742 (2.1 it/s)
[Epoch 0/10] step 3400/11742 (2.1 it/s)
[Epoch 0/10] step 3450/11742 (2.1 it/s)
[Epoch 0/10] step 3500/11742 (2.1 it/s)
[Epoch 0/10] step 3550/11742 (2.1 it/s)
[Epoch 0/10] step 3600/11742 (2.1 it/s)
[Epoch 0/10] step 3650/11742 (2.1 it/s)
[Epoch 0/10] step 3700/11742 (2.1 it/s)
[Epoch 0/10] step 3750/11742 (2.1 it/s)
[Epoch 0/10] step 3800/11742 (2.1 it/s)
[Epoch 0/10] step 3850/11742 (2.1 it/s)
[Epoch 0/10] step 3900/11742 (2.1 it/s)
[Epoch 0/10] step 3950/11742 (2.1 it/s)
[Epoch 0/10] step 4000/11742 (2.1 it/s)
[Epoch 0/10] step 4050/11742 (2.1 it/s)
[Epoch 0/10] step 4100/11742 (2.1 it/s)
[Epoch 0/10] step 4150/11742 (2.1 it/s)
[Epoch 0/10] step 4200/11742 (2.1 it/s)
[Epoch 0/10] step 4250/11742 (2.1 it/s)
[Epoch 0/10] step 4300/11742 (2.1 it/s)
[Epoch 0/10] step 4350/11742 (2.1 it/s)
[Epoch 0/10] step 4400/11742 (2.1 it/s)
[Epoch 0/10] step 4450/11742 (2.1 it/s)
[Epoch 0/10] step 4500/11742 (2.1 it/s)
[Epoch 0/10] step 4550/11742 (2.1 it/s)
[Epoch 0/10] step 4600/11742 (2.1 it/s)
[Epoch 0/10] step 4650/11742 (2.1 it/s)
[Epoch 0/10] step 4700/11742 (2.1 it/s)
[Epoch 0/10] step 4750/11742 (2.1 it/s)
[Epoch 0/10] step 4800/11742 (2.1 it/s)
[Epoch 0/10] step 4850/11742 (2.1 it/s)
[Epoch 0/10] step 4900/11742 (2.1 it/s)
[Epoch 0/10] step 4950/11742 (2.1 it/s)
[Epoch 0/10] step 5000/11742 (2.1 it/s)
[Epoch 0/10] step 5050/11742 (2.1 it/s)
[Epoch 0/10] step 5100/11742 (2.1 it/s)
[Epoch 0/10] step 5150/11742 (2.1 it/s)
[Epoch 0/10] step 5200/11742 (2.1 it/s)
[Epoch 0/10] step 5250/11742 (2.1 it/s)
[Epoch 0/10] step 5300/11742 (2.1 it/s)
[Epoch 0/10] step 5350/11742 (2.1 it/s)
[Epoch 0/10] step 5400/11742 (2.1 it/s)
[Epoch 0/10] step 5450/11742 (2.1 it/s)
[Epoch 0/10] step 5500/11742 (2.1 it/s)
[Epoch 0/10] step 5550/11742 (2.1 it/s)
[Epoch 0/10] step 5600/11742 (2.1 it/s)
[Epoch 0/10] step 5650/11742 (2.1 it/s)
[Epoch 0/10] step 5700/11742 (2.1 it/s)
[Epoch 0/10] step 5750/11742 (2.1 it/s)
[Epoch 0/10] step 5800/11742 (2.1 it/s)
[Epoch 0/10] step 5850/11742 (2.1 it/s)
[Epoch 0/10] step 5900/11742 (2.1 it/s)
[Epoch 0/10] step 5950/11742 (2.1 it/s)
[Epoch 0/10] step 6000/11742 (2.1 it/s)
[Epoch 0/10] step 6050/11742 (2.1 it/s)
[Epoch 0/10] step 6100/11742 (2.1 it/s)
[Epoch 0/10] step 6150/11742 (2.1 it/s)
[Epoch 0/10] step 6200/11742 (2.1 it/s)
[Epoch 0/10] step 6250/11742 (2.1 it/s)
[Epoch 0/10] step 6300/11742 (2.1 it/s)
[Epoch 0/10] step 6350/11742 (2.1 it/s)
[Epoch 0/10] step 6400/11742 (2.1 it/s)
[Epoch 0/10] step 6450/11742 (2.1 it/s)
[Epoch 0/10] step 6500/11742 (2.1 it/s)
[Epoch 0/10] step 6550/11742 (2.1 it/s)
[Epoch 0/10] step 6600/11742 (2.1 it/s)
[Epoch 0/10] step 6650/11742 (2.1 it/s)
[Epoch 0/10] step 6700/11742 (2.1 it/s)
[Epoch 0/10] step 6750/11742 (2.1 it/s)
[Epoch 0/10] step 6800/11742 (2.1 it/s)
[Epoch 0/10] step 6850/11742 (2.1 it/s)
[Epoch 0/10] step 6900/11742 (2.1 it/s)
[Epoch 0/10] step 6950/11742 (2.1 it/s)
[Epoch 0/10] step 7000/11742 (2.1 it/s)
[Epoch 0/10] step 7050/11742 (2.1 it/s)
[Epoch 0/10] step 7100/11742 (2.1 it/s)
[Epoch 0/10] step 7150/11742 (2.1 it/s)
[Epoch 0/10] step 7200/11742 (2.1 it/s)
[Epoch 0/10] step 7250/11742 (2.1 it/s)
[Epoch 0/10] step 7300/11742 (2.1 it/s)
[Epoch 0/10] step 7350/11742 (2.1 it/s)
[Epoch 0/10] step 7400/11742 (2.1 it/s)
[Epoch 0/10] step 7450/11742 (2.1 it/s)
[Epoch 0/10] step 7500/11742 (2.1 it/s)
[Epoch 0/10] step 7550/11742 (2.1 it/s)
[Epoch 0/10] step 7600/11742 (2.1 it/s)
[Epoch 0/10] step 7650/11742 (2.1 it/s)
[Epoch 0/10] step 7700/11742 (2.1 it/s)
[Epoch 0/10] step 7750/11742 (2.1 it/s)
[Epoch 0/10] step 7800/11742 (2.1 it/s)
[Epoch 0/10] step 7850/11742 (2.1 it/s)
[Epoch 0/10] step 7900/11742 (2.1 it/s)
[Epoch 0/10] step 7950/11742 (2.1 it/s)
[Epoch 0/10] step 8000/11742 (2.1 it/s)
[Epoch 0/10] step 8050/11742 (2.1 it/s)
[Epoch 0/10] step 8100/11742 (2.1 it/s)
[Epoch 0/10] step 8150/11742 (2.1 it/s)
[Epoch 0/10] step 8200/11742 (2.1 it/s)
[Epoch 0/10] step 8250/11742 (2.1 it/s)
[Epoch 0/10] step 8300/11742 (2.1 it/s)
[Epoch 0/10] step 8350/11742 (2.1 it/s)
[Epoch 0/10] step 8400/11742 (2.1 it/s)
[Epoch 0/10] step 8450/11742 (2.1 it/s)
[Epoch 0/10] step 8500/11742 (2.1 it/s)
[Epoch 0/10] step 8550/11742 (2.1 it/s)
[Epoch 0/10] step 8600/11742 (2.1 it/s)
[Epoch 0/10] step 8650/11742 (2.1 it/s)
[Epoch 0/10] step 8700/11742 (2.1 it/s)
[Epoch 0/10] step 8750/11742 (2.1 it/s)
[Epoch 0/10] step 8800/11742 (2.1 it/s)
[Epoch 0/10] step 8850/11742 (2.1 it/s)
[Epoch 0/10] step 8900/11742 (2.1 it/s)
[Epoch 0/10] step 8950/11742 (2.1 it/s)
[Epoch 0/10] step 9000/11742 (2.1 it/s)
[Epoch 0/10] step 9050/11742 (2.1 it/s)
[Epoch 0/10] step 9100/11742 (2.1 it/s)
[Epoch 0/10] step 9150/11742 (2.1 it/s)
[Epoch 0/10] step 9200/11742 (2.1 it/s)
[Epoch 0/10] step 9250/11742 (2.1 it/s)
[Epoch 0/10] step 9300/11742 (2.1 it/s)
[Epoch 0/10] step 9350/11742 (2.1 it/s)
[Epoch 0/10] step 9400/11742 (2.1 it/s)
[Epoch 0/10] step 9450/11742 (2.1 it/s)
[Epoch 0/10] step 9500/11742 (2.1 it/s)
[Epoch 0/10] step 9550/11742 (2.1 it/s)
[Epoch 0/10] step 9600/11742 (2.1 it/s)
[Epoch 0/10] step 9650/11742 (2.1 it/s)
[Epoch 0/10] step 9700/11742 (2.1 it/s)
[Epoch 0/10] step 9750/11742 (2.1 it/s)
[Epoch 0/10] step 9800/11742 (2.1 it/s)
[Epoch 0/10] step 9850/11742 (2.1 it/s)
[Epoch 0/10] step 9900/11742 (2.1 it/s)
[Epoch 0/10] step 9950/11742 (2.1 it/s)
[Epoch 0/10] step 10000/11742 (2.1 it/s)
[Epoch 0/10] step 10050/11742 (2.1 it/s)
[Epoch 0/10] step 10100/11742 (2.1 it/s)
[Epoch 0/10] step 10150/11742 (2.1 it/s)
[Epoch 0/10] step 10200/11742 (2.1 it/s)
[Epoch 0/10] step 10250/11742 (2.1 it/s)
[Epoch 0/10] step 10300/11742 (2.1 it/s)
[Epoch 0/10] step 10350/11742 (2.1 it/s)
[Epoch 0/10] step 10400/11742 (2.1 it/s)
[Epoch 0/10] step 10450/11742 (2.1 it/s)
[Epoch 0/10] step 10500/11742 (2.1 it/s)
[Epoch 0/10] step 10550/11742 (2.1 it/s)
[Epoch 0/10] step 10600/11742 (2.1 it/s)
[Epoch 0/10] step 10650/11742 (2.1 it/s)
[Epoch 0/10] step 10700/11742 (2.1 it/s)
[Epoch 0/10] step 10750/11742 (2.1 it/s)
[Epoch 0/10] step 10800/11742 (2.1 it/s)
[Epoch 0/10] step 10850/11742 (2.1 it/s)
[Epoch 0/10] step 10900/11742 (2.1 it/s)
[Epoch 0/10] step 10950/11742 (2.1 it/s)
[Epoch 0/10] step 11000/11742 (2.1 it/s)
[Epoch 0/10] step 11050/11742 (2.1 it/s)
[Epoch 0/10] step 11100/11742 (2.1 it/s)
[Epoch 0/10] step 11150/11742 (2.1 it/s)
[Epoch 0/10] step 11200/11742 (2.1 it/s)
[Epoch 0/10] step 11250/11742 (2.1 it/s)
[Epoch 0/10] step 11300/11742 (2.1 it/s)
[Epoch 0/10] step 11350/11742 (2.1 it/s)
[Epoch 0/10] step 11400/11742 (2.1 it/s)
[Epoch 0/10] step 11450/11742 (2.1 it/s)
[Epoch 0/10] step 11500/11742 (2.1 it/s)
[Epoch 0/10] step 11550/11742 (2.1 it/s)
[Epoch 0/10] step 11600/11742 (2.1 it/s)
[Epoch 0/10] step 11650/11742 (2.1 it/s)
[Epoch 0/10] step 11700/11742 (2.1 it/s)
/home/mattin/Desktop/.venv/lib/python3.12/site-packages/lightning/pytorch/utilities/data.py:79: Trying to infer the `batch_size` from an ambiguous collection. The batch size we found is 87. To avoid any miscalculations, use `self.log(..., batch_size=batch_size)`.
19:56:04 | INFO  | trainer_inf~| \n+-----------------------------+----------------------+
|            Metric           |        Value         |
+-----------------------------+----------------------+
|        [0;34;40mfit/cons_loss[0m        | [0;32;40m0.03439667820930481[0m  |
|         [0;34;40mfit/kl_loss[0m         |  [0;32;40m6.023979187011719[0m   |
|           [0;34;40mfit/loss[0m          |  [0;32;40m0.895082414150238[0m   |
|        [0;34;40mfit/pred1_loss[0m       | [0;32;40m0.03897924721240997[0m  |
|       [0;34;40mfit/sigreg1_loss[0m      |       [0;32;40m1.109375[0m       |
|        [0;34;40mfit/skill_loss[0m       |  [0;32;40m0.6618573069572449[0m  |
|           [0;34;40mfit/w_kl[0m          | [0;32;40m0.009999999776482582[0m |
|     [0;34;40mhardware/cpu_percent[0m    |  [0;32;40m33.900001525878906[0m  |
|   [0;34;40mhardware/disk_read_mb_s[0m   |  [0;32;40m176.24012756347656[0m  |
|   [0;34;40mhardware/disk_write_mb_s[0m  | [0;32;40m0.01171030756086111[0m  |
|    [0;34;40mhardware/net_recv_mb_s[0m   |         [0;32;40m0.0[0m          |
|    [0;34;40mhardware/net_sent_mb_s[0m   |         [0;32;40m0.0[0m          |
|     [0;34;40mhardware/ram_used_gb[0m    |  [0;32;40m56.73179244995117[0m   |
|    [0;34;40mhardware/ram_used_pct[0m    |  [0;32;40m47.400001525878906[0m  |
|     [0;34;40mhparams/lr_model_opt[0m    | [0;32;40m0.000293923745630309[0m |
|      [0;34;40mvalidate/cons_loss[0m     | [0;32;40m0.03131488338112831[0m  |
|   [0;34;40mvalidate/cons_loss_epoch[0m  | [0;32;40m0.03131488338112831[0m  |
|       [0;34;40mvalidate/kl_loss[0m      |  [0;32;40m6.345054626464844[0m   |
|    [0;34;40mvalidate/kl_loss_epoch[0m   |  [0;32;40m6.345054626464844[0m   |
|        [0;34;40mvalidate/loss[0m        |  [0;32;40m0.8137200474739075[0m  |
|     [0;34;40mvalidate/loss_epoch[0m     |  [0;32;40m0.8137200474739075[0m  |
|     [0;34;40mvalidate/pred1_loss[0m     | [0;32;40m0.03107880800962448[0m  |
|  [0;34;40mvalidate/pred1_loss_epoch[0m  | [0;32;40m0.03107880800962448[0m  |
|    [0;34;40mvalidate/sigreg1_loss[0m    |  [0;32;40m1.4877808094024658[0m  |
| [0;34;40mvalidate/sigreg1_loss_epoch[0m |  [0;32;40m1.4877808094024658[0m  |
|     [0;34;40mvalidate/skill_loss[0m     |  [0;32;40m0.553966224193573[0m   |
|  [0;34;40mvalidate/skill_loss_epoch[0m  |  [0;32;40m0.553966224193573[0m   |
|        [0;34;40mvalidate/w_kl[0m        | [0;32;40m0.010000155307352543[0m |
|     [0;34;40mvalidate/w_kl_epoch[0m     | [0;32;40m0.010000155307352543[0m |
+-----------------------------+----------------------+
19:56:04 | INFO  | utils.py    | 📦📦📦 Model saved to /home/mattin/.stable_worldmodel/checkpoints/lehwm/weights_epoch_1.pt 📦📦📦
[Epoch 0/10] done in 6327.6s
19:56:04 | INFO  | checkpoint_~|   Checking for non PyTorch modules to save
19:56:04 | INFO  | atomic_chec~| [atomic_save] → /home/mattin/.cache/stable-pretraining/runs/20260928/181015/359e86ba207f/checkpoints/epoch=0-step=11742.ckpt
19:56:04 | INFO  | atomic_chec~| [atomic_save] ✓ epoch=0-step=11742.ckpt saved (138.5 MiB, serialise=0.11s write=0.10s rename=0.0ms)
19:56:04 | INFO  | checkpoint_~|   Checking for non PyTorch modules to save
19:56:04 | INFO  | atomic_chec~| [atomic_save] → /home/mattin/.cache/stable-pretraining/runs/20260928/181015/359e86ba207f/checkpoints/last.ckpt
19:56:04 | INFO  | atomic_chec~| [atomic_save] ✓ last.ckpt saved (138.5 MiB, serialise=0.10s write=0.11s rename=0.0ms)
[Epoch 1/10] step 50/11742 (1.9 it/s)
[Epoch 1/10] step 100/11742 (2.0 it/s)
[Epoch 1/10] step 150/11742 (2.0 it/s)
[Epoch 1/10] step 200/11742 (2.0 it/s)
[Epoch 1/10] step 250/11742 (2.0 it/s)
[Epoch 1/10] step 300/11742 (2.1 it/s)
[Epoch 1/10] step 350/11742 (2.0 it/s)
[Epoch 1/10] step 400/11742 (2.1 it/s)
[Epoch 1/10] step 450/11742 (2.0 it/s)
[Epoch 1/10] step 500/11742 (2.1 it/s)
[Epoch 1/10] step 550/11742 (2.1 it/s)
[Epoch 1/10] step 600/11742 (2.1 it/s)
[Epoch 1/10] step 650/11742 (2.1 it/s)
[Epoch 1/10] step 700/11742 (2.0 it/s)
[Epoch 1/10] step 750/11742 (2.1 it/s)
[Epoch 1/10] step 800/11742 (2.0 it/s)
[Epoch 1/10] step 850/11742 (2.1 it/s)
[Epoch 1/10] step 900/11742 (2.1 it/s)
[Epoch 1/10] step 950/11742 (2.1 it/s)
[Epoch 1/10] step 1000/11742 (2.1 it/s)
[Epoch 1/10] step 1050/11742 (2.1 it/s)
[Epoch 1/10] step 1100/11742 (2.1 it/s)
[Epoch 1/10] step 1150/11742 (2.1 it/s)
[Epoch 1/10] step 1200/11742 (2.0 it/s)
[Epoch 1/10] step 1250/11742 (2.0 it/s)
[Epoch 1/10] step 1300/11742 (2.0 it/s)
[Epoch 1/10] step 1350/11742 (2.0 it/s)
[Epoch 1/10] step 1400/11742 (2.0 it/s)
[Epoch 1/10] step 1450/11742 (2.0 it/s)
[Epoch 1/10] step 1500/11742 (2.0 it/s)
[Epoch 1/10] step 1550/11742 (2.0 it/s)
[Epoch 1/10] step 1600/11742 (2.1 it/s)
[Epoch 1/10] step 1650/11742 (2.1 it/s)
[Epoch 1/10] step 1700/11742 (2.1 it/s)
[Epoch 1/10] step 1750/11742 (2.1 it/s)
[Epoch 1/10] step 1800/11742 (2.0 it/s)
[Epoch 1/10] step 1850/11742 (2.1 it/s)
[Epoch 1/10] step 1900/11742 (2.1 it/s)
[Epoch 1/10] step 1950/11742 (2.1 it/s)
[Epoch 1/10] step 2000/11742 (2.1 it/s)
[Epoch 1/10] step 2050/11742 (2.1 it/s)
[Epoch 1/10] step 2100/11742 (2.1 it/s)
[Epoch 1/10] step 2150/11742 (2.1 it/s)
[Epoch 1/10] step 2200/11742 (2.1 it/s)
[Epoch 1/10] step 2250/11742 (2.1 it/s)
[Epoch 1/10] step 2300/11742 (2.1 it/s)
[Epoch 1/10] step 2350/11742 (2.1 it/s)
[Epoch 1/10] step 2400/11742 (2.1 it/s)
[Epoch 1/10] step 2450/11742 (2.1 it/s)
[Epoch 1/10] step 2500/11742 (2.1 it/s)
[Epoch 1/10] step 2550/11742 (2.1 it/s)
[Epoch 1/10] step 2600/11742 (2.1 it/s)
[Epoch 1/10] step 2650/11742 (2.1 it/s)
[Epoch 1/10] step 2700/11742 (2.1 it/s)
[Epoch 1/10] step 2750/11742 (2.1 it/s)
[Epoch 1/10] step 2800/11742 (2.1 it/s)
[Epoch 1/10] step 2850/11742 (2.1 it/s)
[Epoch 1/10] step 2900/11742 (2.1 it/s)
[Epoch 1/10] step 2950/11742 (2.1 it/s)
[Epoch 1/10] step 3000/11742 (2.1 it/s)
[Epoch 1/10] step 3050/11742 (2.1 it/s)
[Epoch 1/10] step 3100/11742 (2.1 it/s)
[Epoch 1/10] step 3150/11742 (2.1 it/s)
[Epoch 1/10] step 3200/11742 (2.1 it/s)
[Epoch 1/10] step 3250/11742 (2.1 it/s)
[Epoch 1/10] step 3300/11742 (2.1 it/s)
[Epoch 1/10] step 3350/11742 (2.1 it/s)
[Epoch 1/10] step 3400/11742 (2.1 it/s)
[Epoch 1/10] step 3450/11742 (2.1 it/s)
[Epoch 1/10] step 3500/11742 (2.1 it/s)
[Epoch 1/10] step 3550/11742 (2.1 it/s)
[Epoch 1/10] step 3600/11742 (2.1 it/s)
[Epoch 1/10] step 3650/11742 (2.1 it/s)
[Epoch 1/10] step 3700/11742 (2.1 it/s)
[Epoch 1/10] step 3750/11742 (2.1 it/s)
[Epoch 1/10] step 3800/11742 (2.1 it/s)
[Epoch 1/10] step 3850/11742 (2.1 it/s)
[Epoch 1/10] step 3900/11742 (2.1 it/s)
[Epoch 1/10] step 3950/11742 (2.1 it/s)
[Epoch 1/10] step 4000/11742 (2.1 it/s)
[Epoch 1/10] step 4050/11742 (2.1 it/s)
[Epoch 1/10] step 4100/11742 (2.1 it/s)
[Epoch 1/10] step 4150/11742 (2.1 it/s)
[Epoch 1/10] step 4200/11742 (2.1 it/s)
[Epoch 1/10] step 4250/11742 (2.1 it/s)
[Epoch 1/10] step 4300/11742 (2.1 it/s)
[Epoch 1/10] step 4350/11742 (2.1 it/s)
[Epoch 1/10] step 4400/11742 (2.1 it/s)
[Epoch 1/10] step 4450/11742 (2.1 it/s)
[Epoch 1/10] step 4500/11742 (2.1 it/s)
[Epoch 1/10] step 4550/11742 (2.1 it/s)
[Epoch 1/10] step 4600/11742 (2.1 it/s)
[Epoch 1/10] step 4650/11742 (2.1 it/s)
[Epoch 1/10] step 4700/11742 (2.1 it/s)
[Epoch 1/10] step 4750/11742 (2.1 it/s)
[Epoch 1/10] step 4800/11742 (2.1 it/s)
[Epoch 1/10] step 4850/11742 (2.1 it/s)
[Epoch 1/10] step 4900/11742 (2.1 it/s)
[Epoch 1/10] step 4950/11742 (2.1 it/s)
[Epoch 1/10] step 5000/11742 (2.1 it/s)
[Epoch 1/10] step 5050/11742 (2.1 it/s)
[Epoch 1/10] step 5100/11742 (2.1 it/s)
[Epoch 1/10] step 5150/11742 (2.1 it/s)
[Epoch 1/10] step 5200/11742 (2.1 it/s)
[Epoch 1/10] step 5250/11742 (2.1 it/s)
[Epoch 1/10] step 5300/11742 (2.1 it/s)
[Epoch 1/10] step 5350/11742 (2.1 it/s)
[Epoch 1/10] step 5400/11742 (2.1 it/s)
[Epoch 1/10] step 5450/11742 (2.1 it/s)
[Epoch 1/10] step 5500/11742 (2.1 it/s)
[Epoch 1/10] step 5550/11742 (2.1 it/s)
[Epoch 1/10] step 5600/11742 (2.1 it/s)
[Epoch 1/10] step 5650/11742 (2.1 it/s)
[Epoch 1/10] step 5700/11742 (2.1 it/s)
[Epoch 1/10] step 5750/11742 (2.1 it/s)
[Epoch 1/10] step 5800/11742 (2.1 it/s)
[Epoch 1/10] step 5850/11742 (2.1 it/s)
[Epoch 1/10] step 5900/11742 (2.1 it/s)
[Epoch 1/10] step 5950/11742 (2.1 it/s)
[Epoch 1/10] step 6000/11742 (2.1 it/s)
[Epoch 1/10] step 6050/11742 (2.1 it/s)
[Epoch 1/10] step 6100/11742 (2.1 it/s)
[Epoch 1/10] step 6150/11742 (2.1 it/s)
[Epoch 1/10] step 6200/11742 (2.1 it/s)
[Epoch 1/10] step 6250/11742 (2.1 it/s)
[Epoch 1/10] step 6300/11742 (2.1 it/s)
[Epoch 1/10] step 6350/11742 (2.1 it/s)
[Epoch 1/10] step 6400/11742 (2.1 it/s)
[Epoch 1/10] step 6450/11742 (2.1 it/s)
[Epoch 1/10] step 6500/11742 (2.1 it/s)
[Epoch 1/10] step 6550/11742 (2.1 it/s)
[Epoch 1/10] step 6600/11742 (2.1 it/s)
[Epoch 1/10] step 6650/11742 (2.1 it/s)
[Epoch 1/10] step 6700/11742 (2.1 it/s)
[Epoch 1/10] step 6750/11742 (2.1 it/s)
[Epoch 1/10] step 6800/11742 (2.1 it/s)
[Epoch 1/10] step 6850/11742 (2.1 it/s)
[Epoch 1/10] step 6900/11742 (2.1 it/s)
[Epoch 1/10] step 6950/11742 (2.1 it/s)
[Epoch 1/10] step 7000/11742 (2.1 it/s)
[Epoch 1/10] step 7050/11742 (2.1 it/s)
[Epoch 1/10] step 7100/11742 (2.1 it/s)
[Epoch 1/10] step 7150/11742 (2.1 it/s)
[Epoch 1/10] step 7200/11742 (2.1 it/s)
[Epoch 1/10] step 7250/11742 (2.1 it/s)
[Epoch 1/10] step 7300/11742 (2.1 it/s)
[Epoch 1/10] step 7350/11742 (2.1 it/s)
[Epoch 1/10] step 7400/11742 (2.1 it/s)
[Epoch 1/10] step 7450/11742 (2.1 it/s)
[Epoch 1/10] step 7500/11742 (2.1 it/s)
[Epoch 1/10] step 7550/11742 (2.1 it/s)
[Epoch 1/10] step 7600/11742 (2.1 it/s)
[Epoch 1/10] step 7650/11742 (2.1 it/s)
[Epoch 1/10] step 7700/11742 (2.1 it/s)
[Epoch 1/10] step 7750/11742 (2.1 it/s)
[Epoch 1/10] step 7800/11742 (2.1 it/s)
[Epoch 1/10] step 7850/11742 (2.1 it/s)
[Epoch 1/10] step 7900/11742 (2.1 it/s)
[Epoch 1/10] step 7950/11742 (2.1 it/s)
[Epoch 1/10] step 8000/11742 (2.1 it/s)
[Epoch 1/10] step 8050/11742 (2.1 it/s)
[Epoch 1/10] step 8100/11742 (2.1 it/s)
[Epoch 1/10] step 8150/11742 (2.1 it/s)
[Epoch 1/10] step 8200/11742 (2.1 it/s)
[Epoch 1/10] step 8250/11742 (2.1 it/s)
[Epoch 1/10] step 8300/11742 (2.1 it/s)
[Epoch 1/10] step 8350/11742 (2.1 it/s)
[Epoch 1/10] step 8400/11742 (2.1 it/s)
[Epoch 1/10] step 8450/11742 (2.1 it/s)
[Epoch 1/10] step 8500/11742 (2.1 it/s)
[Epoch 1/10] step 8550/11742 (2.1 it/s)
[Epoch 1/10] step 8600/11742 (2.1 it/s)
[Epoch 1/10] step 8650/11742 (2.1 it/s)
[Epoch 1/10] step 8700/11742 (2.1 it/s)
[Epoch 1/10] step 8750/11742 (2.1 it/s)
[Epoch 1/10] step 8800/11742 (2.1 it/s)
[Epoch 1/10] step 8850/11742 (2.1 it/s)
[Epoch 1/10] step 8900/11742 (2.1 it/s)
[Epoch 1/10] step 8950/11742 (2.1 it/s)
[Epoch 1/10] step 9000/11742 (2.1 it/s)
[Epoch 1/10] step 9050/11742 (2.1 it/s)
[Epoch 1/10] step 9100/11742 (2.1 it/s)
[Epoch 1/10] step 9150/11742 (2.1 it/s)
[Epoch 1/10] step 9200/11742 (2.1 it/s)
[Epoch 1/10] step 9250/11742 (2.1 it/s)
[Epoch 1/10] step 9300/11742 (2.1 it/s)
[Epoch 1/10] step 9350/11742 (2.1 it/s)
[Epoch 1/10] step 9400/11742 (2.1 it/s)
[Epoch 1/10] step 9450/11742 (2.1 it/s)
[Epoch 1/10] step 9500/11742 (2.1 it/s)
[Epoch 1/10] step 9550/11742 (2.1 it/s)
[Epoch 1/10] step 9600/11742 (2.1 it/s)
[Epoch 1/10] step 9650/11742 (2.1 it/s)
[Epoch 1/10] step 9700/11742 (2.1 it/s)
[Epoch 1/10] step 9750/11742 (2.1 it/s)
[Epoch 1/10] step 9800/11742 (2.1 it/s)
[Epoch 1/10] step 9850/11742 (2.1 it/s)
[Epoch 1/10] step 9900/11742 (2.1 it/s)
[Epoch 1/10] step 9950/11742 (2.1 it/s)
[Epoch 1/10] step 10000/11742 (2.1 it/s)
[Epoch 1/10] step 10050/11742 (2.1 it/s)
[Epoch 1/10] step 10100/11742 (2.1 it/s)
[Epoch 1/10] step 10150/11742 (2.1 it/s)
[Epoch 1/10] step 10200/11742 (2.1 it/s)
[Epoch 1/10] step 10250/11742 (2.1 it/s)
[Epoch 1/10] step 10300/11742 (2.1 it/s)
[Epoch 1/10] step 10350/11742 (2.1 it/s)
[Epoch 1/10] step 10400/11742 (2.1 it/s)
[Epoch 1/10] step 10450/11742 (2.1 it/s)
[Epoch 1/10] step 10500/11742 (2.1 it/s)
[Epoch 1/10] step 10550/11742 (2.1 it/s)
[Epoch 1/10] step 10600/11742 (2.1 it/s)
[Epoch 1/10] step 10650/11742 (2.1 it/s)
[Epoch 1/10] step 10700/11742 (2.1 it/s)
[Epoch 1/10] step 10750/11742 (2.1 it/s)
[Epoch 1/10] step 10800/11742 (2.1 it/s)
[Epoch 1/10] step 10850/11742 (2.1 it/s)
[Epoch 1/10] step 10900/11742 (2.1 it/s)
[Epoch 1/10] step 10950/11742 (2.1 it/s)
[Epoch 1/10] step 11000/11742 (2.1 it/s)
[Epoch 1/10] step 11050/11742 (2.1 it/s)
[Epoch 1/10] step 11100/11742 (2.1 it/s)
[Epoch 1/10] step 11150/11742 (2.1 it/s)
[Epoch 1/10] step 11200/11742 (2.1 it/s)
[Epoch 1/10] step 11250/11742 (2.1 it/s)
[Epoch 1/10] step 11300/11742 (2.1 it/s)
[Epoch 1/10] step 11350/11742 (2.1 it/s)
[Epoch 1/10] step 11400/11742 (2.1 it/s)
[Epoch 1/10] step 11450/11742 (2.1 it/s)
[Epoch 1/10] step 11500/11742 (2.1 it/s)
[Epoch 1/10] step 11550/11742 (2.1 it/s)
[Epoch 1/10] step 11600/11742 (2.1 it/s)
[Epoch 1/10] step 11650/11742 (2.1 it/s)
[Epoch 1/10] step 11700/11742 (2.1 it/s)
21:41:49 | INFO  | trainer_inf~| \n+-----------------------------+------------------------+
|            Metric           |         Value          |
+-----------------------------+------------------------+
|        [0;34;40mfit/cons_loss[0m        |   [0;32;40m0.0260816290974617[0m   |
|         [0;34;40mfit/kl_loss[0m         |   [0;32;40m6.084212303161621[0m    |
|           [0;34;40mfit/loss[0m          |   [0;32;40m0.7838492393493652[0m   |
|        [0;34;40mfit/pred1_loss[0m       |  [0;32;40m0.029563656076788902[0m  |
|       [0;34;40mfit/sigreg1_loss[0m      |        [0;32;40m1.078125[0m        |
|        [0;34;40mfit/skill_loss[0m       |   [0;32;40m0.5701938271522522[0m   |
|           [0;34;40mfit/w_kl[0m          |  [0;32;40m0.009999999776482582[0m  |
|     [0;34;40mhardware/cpu_percent[0m    |   [0;32;40m38.29999923706055[0m    |
|   [0;34;40mhardware/disk_read_mb_s[0m   |   [0;32;40m219.94256591796875[0m   |
|   [0;34;40mhardware/disk_write_mb_s[0m  |  [0;32;40m0.023822031915187836[0m  |
|    [0;34;40mhardware/net_recv_mb_s[0m   | [0;32;40m0.00030052129295654595[0m |
|    [0;34;40mhardware/net_sent_mb_s[0m   | [0;32;40m0.00012099032755941153[0m |
|     [0;34;40mhardware/ram_used_gb[0m    |    [0;32;40m57.8859977722168[0m    |
|    [0;34;40mhardware/ram_used_pct[0m    |   [0;32;40m48.400001525878906[0m   |
|     [0;34;40mhparams/lr_model_opt[0m    | [0;32;40m0.0002735511225182563[0m  |
|      [0;34;40mvalidate/cons_loss[0m     |  [0;32;40m0.02653370052576065[0m   |
|   [0;34;40mvalidate/cons_loss_epoch[0m  |  [0;32;40m0.02653370052576065[0m   |
|       [0;34;40mvalidate/kl_loss[0m      |   [0;32;40m6.194766044616699[0m    |
|    [0;34;40mvalidate/kl_loss_epoch[0m   |   [0;32;40m6.194766044616699[0m    |
|        [0;34;40mvalidate/loss[0m        |   [0;32;40m0.7742648720741272[0m   |
|     [0;34;40mvalidate/loss_epoch[0m     |   [0;32;40m0.7742648720741272[0m   |
|     [0;34;40mvalidate/pred1_loss[0m     |  [0;32;40m0.026557033881545067[0m  |
|  [0;34;40mvalidate/pred1_loss_epoch[0m  |  [0;32;40m0.026557033881545067[0m  |
|    [0;34;40mvalidate/sigreg1_loss[0m    |   [0;32;40m1.4380347728729248[0m   |
| [0;34;40mvalidate/sigreg1_loss_epoch[0m |   [0;32;40m1.4380347728729248[0m   |
|     [0;34;40mvalidate/skill_loss[0m     |   [0;32;40m0.5298166275024414[0m   |
|  [0;34;40mvalidate/skill_loss_epoch[0m  |   [0;32;40m0.5298166275024414[0m   |
|        [0;34;40mvalidate/w_kl[0m        |  [0;32;40m0.010000155307352543[0m  |
|     [0;34;40mvalidate/w_kl_epoch[0m     |  [0;32;40m0.010000155307352543[0m  |
+-----------------------------+------------------------+
21:41:49 | INFO  | utils.py    | 📦📦📦 Model saved to /home/mattin/.stable_worldmodel/checkpoints/lehwm/weights_epoch_2.pt 📦📦📦
[Epoch 1/10] done in 6344.5s
21:41:49 | INFO  | checkpoint_~|   Checking for non PyTorch modules to save
21:41:49 | INFO  | atomic_chec~| [atomic_save] → /home/mattin/.cache/stable-pretraining/runs/20260928/181015/359e86ba207f/checkpoints/epoch=1-step=23484.ckpt
21:41:49 | INFO  | atomic_chec~| [atomic_save] ✓ epoch=1-step=23484.ckpt saved (138.5 MiB, serialise=0.10s write=0.12s rename=0.0ms)
21:41:49 | INFO  | checkpoint_~|   Checking for non PyTorch modules to save
21:41:49 | INFO  | atomic_chec~| [atomic_save] → /home/mattin/.cache/stable-pretraining/runs/20260928/181015/359e86ba207f/checkpoints/last.ckpt
21:41:49 | INFO  | atomic_chec~| [atomic_save] ✓ last.ckpt saved (138.5 MiB, serialise=0.10s write=0.11s rename=0.1ms)
[Epoch 2/10] step 50/11742 (1.9 it/s)
[Epoch 2/10] step 100/11742 (2.0 it/s)
[Epoch 2/10] step 150/11742 (2.0 it/s)
[Epoch 2/10] step 200/11742 (2.0 it/s)
[Epoch 2/10] step 250/11742 (2.0 it/s)
[Epoch 2/10] step 300/11742 (2.0 it/s)
[Epoch 2/10] step 350/11742 (2.0 it/s)
[Epoch 2/10] step 400/11742 (2.0 it/s)
[Epoch 2/10] step 450/11742 (2.0 it/s)
[Epoch 2/10] step 500/11742 (2.0 it/s)
[Epoch 2/10] step 550/11742 (2.0 it/s)
[Epoch 2/10] step 600/11742 (2.1 it/s)
[Epoch 2/10] step 650/11742 (2.1 it/s)
[Epoch 2/10] step 700/11742 (2.1 it/s)
[Epoch 2/10] step 750/11742 (2.1 it/s)
[Epoch 2/10] step 800/11742 (2.1 it/s)
[Epoch 2/10] step 850/11742 (2.1 it/s)
[Epoch 2/10] step 900/11742 (2.1 it/s)
[Epoch 2/10] step 950/11742 (2.1 it/s)
[Epoch 2/10] step 1000/11742 (2.1 it/s)
[Epoch 2/10] step 1050/11742 (2.1 it/s)
[Epoch 2/10] step 1100/11742 (2.1 it/s)
[Epoch 2/10] step 1150/11742 (2.1 it/s)
[Epoch 2/10] step 1200/11742 (2.1 it/s)
[Epoch 2/10] step 1250/11742 (2.1 it/s)
[Epoch 2/10] step 1300/11742 (2.1 it/s)
[Epoch 2/10] step 1350/11742 (2.1 it/s)
[Epoch 2/10] step 1400/11742 (2.1 it/s)
[Epoch 2/10] step 1450/11742 (2.1 it/s)
[Epoch 2/10] step 1500/11742 (2.1 it/s)
[Epoch 2/10] step 1550/11742 (2.1 it/s)
[Epoch 2/10] step 1600/11742 (2.1 it/s)
[Epoch 2/10] step 1650/11742 (2.1 it/s)
[Epoch 2/10] step 1700/11742 (2.1 it/s)
[Epoch 2/10] step 1750/11742 (2.1 it/s)
[Epoch 2/10] step 1800/11742 (2.1 it/s)
[Epoch 2/10] step 1850/11742 (2.1 it/s)
[Epoch 2/10] step 1900/11742 (2.1 it/s)
[Epoch 2/10] step 1950/11742 (2.1 it/s)
[Epoch 2/10] step 2000/11742 (2.1 it/s)
[Epoch 2/10] step 2050/11742 (2.1 it/s)
[Epoch 2/10] step 2100/11742 (2.1 it/s)
[Epoch 2/10] step 2150/11742 (2.1 it/s)
[Epoch 2/10] step 2200/11742 (2.1 it/s)
[Epoch 2/10] step 2250/11742 (2.1 it/s)
[Epoch 2/10] step 2300/11742 (2.1 it/s)
[Epoch 2/10] step 2350/11742 (2.1 it/s)
[Epoch 2/10] step 2400/11742 (2.1 it/s)
[Epoch 2/10] step 2450/11742 (2.1 it/s)
[Epoch 2/10] step 2500/11742 (2.1 it/s)
[Epoch 2/10] step 2550/11742 (2.1 it/s)
[Epoch 2/10] step 2600/11742 (2.1 it/s)
[Epoch 2/10] step 2650/11742 (2.1 it/s)
[Epoch 2/10] step 2700/11742 (2.1 it/s)
[Epoch 2/10] step 2750/11742 (2.1 it/s)
[Epoch 2/10] step 2800/11742 (2.1 it/s)
[Epoch 2/10] step 2850/11742 (2.1 it/s)
[Epoch 2/10] step 2900/11742 (2.1 it/s)
[Epoch 2/10] step 2950/11742 (2.1 it/s)
[Epoch 2/10] step 3000/11742 (2.1 it/s)
[Epoch 2/10] step 3050/11742 (2.1 it/s)
[Epoch 2/10] step 3100/11742 (2.1 it/s)
[Epoch 2/10] step 3150/11742 (2.1 it/s)
[Epoch 2/10] step 3200/11742 (2.1 it/s)
[Epoch 2/10] step 3250/11742 (2.1 it/s)
[Epoch 2/10] step 3300/11742 (2.1 it/s)
[Epoch 2/10] step 3350/11742 (2.1 it/s)
[Epoch 2/10] step 3400/11742 (2.1 it/s)
[Epoch 2/10] step 3450/11742 (2.1 it/s)
[Epoch 2/10] step 3500/11742 (2.1 it/s)
[Epoch 2/10] step 3550/11742 (2.1 it/s)
[Epoch 2/10] step 3600/11742 (2.1 it/s)
[Epoch 2/10] step 3650/11742 (2.1 it/s)
[Epoch 2/10] step 3700/11742 (2.1 it/s)
[Epoch 2/10] step 3750/11742 (2.1 it/s)
[Epoch 2/10] step 3800/11742 (2.1 it/s)
[Epoch 2/10] step 3850/11742 (2.1 it/s)
[Epoch 2/10] step 3900/11742 (2.1 it/s)
[Epoch 2/10] step 3950/11742 (2.1 it/s)
[Epoch 2/10] step 4000/11742 (2.1 it/s)
[Epoch 2/10] step 4050/11742 (2.1 it/s)
[Epoch 2/10] step 4100/11742 (2.1 it/s)
[Epoch 2/10] step 4150/11742 (2.1 it/s)
[Epoch 2/10] step 4200/11742 (2.1 it/s)
[Epoch 2/10] step 4250/11742 (2.1 it/s)
[Epoch 2/10] step 4300/11742 (2.1 it/s)
[Epoch 2/10] step 4350/11742 (2.1 it/s)
[Epoch 2/10] step 4400/11742 (2.1 it/s)
[Epoch 2/10] step 4450/11742 (2.1 it/s)
[Epoch 2/10] step 4500/11742 (2.1 it/s)
[Epoch 2/10] step 4550/11742 (2.1 it/s)
[Epoch 2/10] step 4600/11742 (2.1 it/s)
[Epoch 2/10] step 4650/11742 (2.1 it/s)
[Epoch 2/10] step 4700/11742 (2.1 it/s)
[Epoch 2/10] step 4750/11742 (2.1 it/s)
[Epoch 2/10] step 4800/11742 (2.1 it/s)
[Epoch 2/10] step 4850/11742 (2.1 it/s)
[Epoch 2/10] step 4900/11742 (2.1 it/s)
[Epoch 2/10] step 4950/11742 (2.1 it/s)
[Epoch 2/10] step 5000/11742 (2.1 it/s)
[Epoch 2/10] step 5050/11742 (2.1 it/s)
[Epoch 2/10] step 5100/11742 (2.1 it/s)
[Epoch 2/10] step 5150/11742 (2.1 it/s)
[Epoch 2/10] step 5200/11742 (2.1 it/s)
[Epoch 2/10] step 5250/11742 (2.1 it/s)
[Epoch 2/10] step 5300/11742 (2.1 it/s)
[Epoch 2/10] step 5350/11742 (2.1 it/s)
[Epoch 2/10] step 5400/11742 (2.1 it/s)
[Epoch 2/10] step 5450/11742 (2.1 it/s)
[Epoch 2/10] step 5500/11742 (2.1 it/s)
[Epoch 2/10] step 5550/11742 (2.1 it/s)
[Epoch 2/10] step 5600/11742 (2.1 it/s)
[Epoch 2/10] step 5650/11742 (2.1 it/s)
[Epoch 2/10] step 5700/11742 (2.1 it/s)
[Epoch 2/10] step 5750/11742 (2.1 it/s)
[Epoch 2/10] step 5800/11742 (2.1 it/s)
[Epoch 2/10] step 5850/11742 (2.1 it/s)
[Epoch 2/10] step 5900/11742 (2.1 it/s)
[Epoch 2/10] step 5950/11742 (2.1 it/s)
[Epoch 2/10] step 6000/11742 (2.1 it/s)
[Epoch 2/10] step 6050/11742 (2.1 it/s)
[Epoch 2/10] step 6100/11742 (2.1 it/s)
[Epoch 2/10] step 6150/11742 (2.1 it/s)
[Epoch 2/10] step 6200/11742 (2.1 it/s)
[Epoch 2/10] step 6250/11742 (2.1 it/s)
[Epoch 2/10] step 6300/11742 (2.1 it/s)
[Epoch 2/10] step 6350/11742 (2.1 it/s)
[Epoch 2/10] step 6400/11742 (2.1 it/s)
[Epoch 2/10] step 6450/11742 (2.1 it/s)
[Epoch 2/10] step 6500/11742 (2.1 it/s)
[Epoch 2/10] step 6550/11742 (2.1 it/s)
[Epoch 2/10] step 6600/11742 (2.1 it/s)
[Epoch 2/10] step 6650/11742 (2.1 it/s)
[Epoch 2/10] step 6700/11742 (2.1 it/s)
[Epoch 2/10] step 6750/11742 (2.1 it/s)
[Epoch 2/10] step 6800/11742 (2.1 it/s)
[Epoch 2/10] step 6850/11742 (2.1 it/s)
[Epoch 2/10] step 6900/11742 (2.1 it/s)
[Epoch 2/10] step 6950/11742 (2.1 it/s)
[Epoch 2/10] step 7000/11742 (2.1 it/s)
[Epoch 2/10] step 7050/11742 (2.1 it/s)
[Epoch 2/10] step 7100/11742 (2.1 it/s)
[Epoch 2/10] step 7150/11742 (2.1 it/s)
[Epoch 2/10] step 7200/11742 (2.1 it/s)
[Epoch 2/10] step 7250/11742 (2.1 it/s)
[Epoch 2/10] step 7300/11742 (2.1 it/s)
[Epoch 2/10] step 7350/11742 (2.1 it/s)
[Epoch 2/10] step 7400/11742 (2.1 it/s)
[Epoch 2/10] step 7450/11742 (2.1 it/s)
[Epoch 2/10] step 7500/11742 (2.1 it/s)
[Epoch 2/10] step 7550/11742 (2.1 it/s)
[Epoch 2/10] step 7600/11742 (2.1 it/s)
[Epoch 2/10] step 7650/11742 (2.1 it/s)
[Epoch 2/10] step 7700/11742 (2.1 it/s)
[Epoch 2/10] step 7750/11742 (2.1 it/s)
[Epoch 2/10] step 7800/11742 (2.1 it/s)
[Epoch 2/10] step 7850/11742 (2.1 it/s)
[Epoch 2/10] step 7900/11742 (2.1 it/s)
[Epoch 2/10] step 7950/11742 (2.1 it/s)
[Epoch 2/10] step 8000/11742 (2.1 it/s)
[Epoch 2/10] step 8050/11742 (2.1 it/s)
[Epoch 2/10] step 8100/11742 (2.1 it/s)
[Epoch 2/10] step 8150/11742 (2.1 it/s)
[Epoch 2/10] step 8200/11742 (2.1 it/s)
[Epoch 2/10] step 8250/11742 (2.1 it/s)
[Epoch 2/10] step 8300/11742 (2.1 it/s)
[Epoch 2/10] step 8350/11742 (2.1 it/s)
[Epoch 2/10] step 8400/11742 (2.1 it/s)
[Epoch 2/10] step 8450/11742 (2.1 it/s)
[Epoch 2/10] step 8500/11742 (2.1 it/s)
[Epoch 2/10] step 8550/11742 (2.1 it/s)
[Epoch 2/10] step 8600/11742 (2.1 it/s)
[Epoch 2/10] step 8650/11742 (2.1 it/s)
[Epoch 2/10] step 8700/11742 (2.1 it/s)
[Epoch 2/10] step 8750/11742 (2.1 it/s)
[Epoch 2/10] step 8800/11742 (2.1 it/s)
[Epoch 2/10] step 8850/11742 (2.1 it/s)
[Epoch 2/10] step 8900/11742 (2.1 it/s)
[Epoch 2/10] step 8950/11742 (2.1 it/s)
[Epoch 2/10] step 9000/11742 (2.1 it/s)
[Epoch 2/10] step 9050/11742 (2.1 it/s)
[Epoch 2/10] step 9100/11742 (2.1 it/s)
[Epoch 2/10] step 9150/11742 (2.1 it/s)
[Epoch 2/10] step 9200/11742 (2.1 it/s)
[Epoch 2/10] step 9250/11742 (2.1 it/s)
[Epoch 2/10] step 9300/11742 (2.1 it/s)
[Epoch 2/10] step 9350/11742 (2.1 it/s)
[Epoch 2/10] step 9400/11742 (2.1 it/s)
[Epoch 2/10] step 9450/11742 (2.1 it/s)
[Epoch 2/10] step 9500/11742 (2.1 it/s)
[Epoch 2/10] step 9550/11742 (2.1 it/s)
[Epoch 2/10] step 9600/11742 (2.1 it/s)
[Epoch 2/10] step 9650/11742 (2.1 it/s)
[Epoch 2/10] step 9700/11742 (2.1 it/s)
[Epoch 2/10] step 9750/11742 (2.1 it/s)
[Epoch 2/10] step 9800/11742 (2.1 it/s)
[Epoch 2/10] step 9850/11742 (2.1 it/s)
[Epoch 2/10] step 9900/11742 (2.1 it/s)
[Epoch 2/10] step 9950/11742 (2.1 it/s)
[Epoch 2/10] step 10000/11742 (2.1 it/s)
[Epoch 2/10] step 10050/11742 (2.1 it/s)
[Epoch 2/10] step 10100/11742 (2.1 it/s)
[Epoch 2/10] step 10150/11742 (2.1 it/s)
[Epoch 2/10] step 10200/11742 (2.1 it/s)
[Epoch 2/10] step 10250/11742 (2.1 it/s)
[Epoch 2/10] step 10300/11742 (2.1 it/s)
[Epoch 2/10] step 10350/11742 (2.1 it/s)
[Epoch 2/10] step 10400/11742 (2.1 it/s)
[Epoch 2/10] step 10450/11742 (2.1 it/s)
[Epoch 2/10] step 10500/11742 (2.1 it/s)
[Epoch 2/10] step 10550/11742 (2.1 it/s)
[Epoch 2/10] step 10600/11742 (2.1 it/s)
[Epoch 2/10] step 10650/11742 (2.1 it/s)
[Epoch 2/10] step 10700/11742 (2.1 it/s)
[Epoch 2/10] step 10750/11742 (2.1 it/s)
[Epoch 2/10] step 10800/11742 (2.1 it/s)
[Epoch 2/10] step 10850/11742 (2.1 it/s)
[Epoch 2/10] step 10900/11742 (2.1 it/s)
[Epoch 2/10] step 10950/11742 (2.1 it/s)
[Epoch 2/10] step 11000/11742 (2.1 it/s)
[Epoch 2/10] step 11050/11742 (2.1 it/s)
[Epoch 2/10] step 11100/11742 (2.1 it/s)
[Epoch 2/10] step 11150/11742 (2.1 it/s)
[Epoch 2/10] step 11200/11742 (2.1 it/s)
[Epoch 2/10] step 11250/11742 (2.1 it/s)
[Epoch 2/10] step 11300/11742 (2.1 it/s)
[Epoch 2/10] step 11350/11742 (2.1 it/s)
[Epoch 2/10] step 11400/11742 (2.1 it/s)
[Epoch 2/10] step 11450/11742 (2.1 it/s)
[Epoch 2/10] step 11500/11742 (2.1 it/s)
[Epoch 2/10] step 11550/11742 (2.1 it/s)
[Epoch 2/10] step 11600/11742 (2.1 it/s)
[Epoch 2/10] step 11650/11742 (2.1 it/s)
[Epoch 2/10] step 11700/11742 (2.1 it/s)
23:27:31 | INFO  | trainer_inf~| \n+-----------------------------+------------------------+
|            Metric           |         Value          |
+-----------------------------+------------------------+
|        [0;34;40mfit/cons_loss[0m        |  [0;32;40m0.027441641315817833[0m  |
|         [0;34;40mfit/kl_loss[0m         |    [0;32;40m5.80012321472168[0m    |
|           [0;34;40mfit/loss[0m          |   [0;32;40m0.7054647207260132[0m   |
|        [0;34;40mfit/pred1_loss[0m       |  [0;32;40m0.03067805990576744[0m   |
|       [0;34;40mfit/sigreg1_loss[0m      |       [0;32;40m1.0234375[0m        |
|        [0;34;40mfit/skill_loss[0m       |   [0;32;40m0.497058629989624[0m    |
|           [0;34;40mfit/w_kl[0m          |  [0;32;40m0.009999999776482582[0m  |
|     [0;34;40mhardware/cpu_percent[0m    |   [0;32;40m37.70000076293945[0m    |
|   [0;34;40mhardware/disk_read_mb_s[0m   |   [0;32;40m229.19674682617188[0m   |
|   [0;34;40mhardware/disk_write_mb_s[0m  |  [0;32;40m0.024335497990250587[0m  |
|    [0;34;40mhardware/net_recv_mb_s[0m   |          [0;32;40m0.0[0m           |
|    [0;34;40mhardware/net_sent_mb_s[0m   |          [0;32;40m0.0[0m           |
|     [0;34;40mhardware/ram_used_gb[0m    |   [0;32;40m58.42530059814453[0m    |
|    [0;34;40mhardware/ram_used_pct[0m    |   [0;32;40m48.79999923706055[0m    |
|     [0;34;40mhparams/lr_model_opt[0m    | [0;32;40m0.00024084099277388304[0m |
|      [0;34;40mvalidate/cons_loss[0m     |  [0;32;40m0.026013799011707306[0m  |
|   [0;34;40mvalidate/cons_loss_epoch[0m  |  [0;32;40m0.026013799011707306[0m  |
|       [0;34;40mvalidate/kl_loss[0m      |   [0;32;40m6.022450923919678[0m    |
|    [0;34;40mvalidate/kl_loss_epoch[0m   |   [0;32;40m6.022450923919678[0m    |
|        [0;34;40mvalidate/loss[0m        |   [0;32;40m0.7571150064468384[0m   |
|     [0;34;40mvalidate/loss_epoch[0m     |   [0;32;40m0.7571150064468384[0m   |
|     [0;34;40mvalidate/pred1_loss[0m     |  [0;32;40m0.025697218254208565[0m  |
|  [0;34;40mvalidate/pred1_loss_epoch[0m  |  [0;32;40m0.025697218254208565[0m  |
|    [0;34;40mvalidate/sigreg1_loss[0m    |   [0;32;40m1.401862621307373[0m    |
| [0;34;40mvalidate/sigreg1_loss_epoch[0m |   [0;32;40m1.401862621307373[0m    |
|     [0;34;40mvalidate/skill_loss[0m     |   [0;32;40m0.5190130472183228[0m   |
|  [0;34;40mvalidate/skill_loss_epoch[0m  |   [0;32;40m0.5190130472183228[0m   |
|        [0;34;40mvalidate/w_kl[0m        |  [0;32;40m0.010000155307352543[0m  |
|     [0;34;40mvalidate/w_kl_epoch[0m     |  [0;32;40m0.010000155307352543[0m  |
+-----------------------------+------------------------+
23:27:31 | INFO  | utils.py    | 📦📦📦 Model saved to /home/mattin/.stable_worldmodel/checkpoints/lehwm/weights_epoch_3.pt 📦📦📦
[Epoch 2/10] done in 6342.0s
23:27:31 | INFO  | checkpoint_~|   Checking for non PyTorch modules to save
23:27:31 | INFO  | atomic_chec~| [atomic_save] → /home/mattin/.cache/stable-pretraining/runs/20260928/181015/359e86ba207f/checkpoints/epoch=2-step=35226.ckpt
23:27:31 | INFO  | atomic_chec~| [atomic_save] ✓ epoch=2-step=35226.ckpt saved (138.5 MiB, serialise=0.10s write=0.11s rename=0.0ms)
23:27:31 | INFO  | checkpoint_~|   Checking for non PyTorch modules to save
23:27:31 | INFO  | atomic_chec~| [atomic_save] → /home/mattin/.cache/stable-pretraining/runs/20260928/181015/359e86ba207f/checkpoints/last.ckpt
23:27:32 | INFO  | atomic_chec~| [atomic_save] ✓ last.ckpt saved (138.5 MiB, serialise=0.11s write=0.10s rename=0.1ms)
[Epoch 3/10] step 50/11742 (1.9 it/s)
[Epoch 3/10] step 100/11742 (2.0 it/s)
[Epoch 3/10] step 150/11742 (2.0 it/s)
[Epoch 3/10] step 200/11742 (2.0 it/s)
[Epoch 3/10] step 250/11742 (2.0 it/s)
[Epoch 3/10] step 300/11742 (2.0 it/s)
[Epoch 3/10] step 350/11742 (2.0 it/s)
[Epoch 3/10] step 400/11742 (2.0 it/s)
[Epoch 3/10] step 450/11742 (2.0 it/s)
[Epoch 3/10] step 500/11742 (2.0 it/s)
[Epoch 3/10] step 550/11742 (2.0 it/s)
[Epoch 3/10] step 600/11742 (2.0 it/s)
[Epoch 3/10] step 650/11742 (2.0 it/s)
[Epoch 3/10] step 700/11742 (2.0 it/s)
[Epoch 3/10] step 750/11742 (2.0 it/s)
[Epoch 3/10] step 800/11742 (2.0 it/s)
[Epoch 3/10] step 850/11742 (2.0 it/s)
[Epoch 3/10] step 900/11742 (2.0 it/s)
[Epoch 3/10] step 950/11742 (2.0 it/s)
[Epoch 3/10] step 1000/11742 (2.0 it/s)
[Epoch 3/10] step 1050/11742 (2.1 it/s)
[Epoch 3/10] step 1100/11742 (2.1 it/s)
[Epoch 3/10] step 1150/11742 (2.0 it/s)
[Epoch 3/10] step 1200/11742 (2.1 it/s)
[Epoch 3/10] step 1250/11742 (2.1 it/s)
[Epoch 3/10] step 1300/11742 (2.1 it/s)
[Epoch 3/10] step 1350/11742 (2.1 it/s)
[Epoch 3/10] step 1400/11742 (2.1 it/s)
[Epoch 3/10] step 1450/11742 (2.1 it/s)
[Epoch 3/10] step 1500/11742 (2.1 it/s)
[Epoch 3/10] step 1550/11742 (2.1 it/s)
[Epoch 3/10] step 1600/11742 (2.1 it/s)
[Epoch 3/10] step 1650/11742 (2.1 it/s)
[Epoch 3/10] step 1700/11742 (2.1 it/s)
[Epoch 3/10] step 1750/11742 (2.1 it/s)
[Epoch 3/10] step 1800/11742 (2.1 it/s)
[Epoch 3/10] step 1850/11742 (2.1 it/s)
[Epoch 3/10] step 1900/11742 (2.1 it/s)
[Epoch 3/10] step 1950/11742 (2.1 it/s)
[Epoch 3/10] step 2000/11742 (2.1 it/s)
[Epoch 3/10] step 2050/11742 (2.1 it/s)
[Epoch 3/10] step 2100/11742 (2.1 it/s)
[Epoch 3/10] step 2150/11742 (2.1 it/s)
[Epoch 3/10] step 2200/11742 (2.1 it/s)
[Epoch 3/10] step 2250/11742 (2.1 it/s)
[Epoch 3/10] step 2300/11742 (2.1 it/s)
[Epoch 3/10] step 2350/11742 (2.1 it/s)
[Epoch 3/10] step 2400/11742 (2.1 it/s)
[Epoch 3/10] step 2450/11742 (2.1 it/s)
[Epoch 3/10] step 2500/11742 (2.1 it/s)
[Epoch 3/10] step 2550/11742 (2.1 it/s)
[Epoch 3/10] step 2600/11742 (2.1 it/s)
[Epoch 3/10] step 2650/11742 (2.1 it/s)
[Epoch 3/10] step 2700/11742 (2.1 it/s)
[Epoch 3/10] step 2750/11742 (2.1 it/s)
[Epoch 3/10] step 2800/11742 (2.1 it/s)
[Epoch 3/10] step 2850/11742 (2.1 it/s)
[Epoch 3/10] step 2900/11742 (2.1 it/s)
[Epoch 3/10] step 2950/11742 (2.1 it/s)
[Epoch 3/10] step 3000/11742 (2.1 it/s)
[Epoch 3/10] step 3050/11742 (2.1 it/s)
[Epoch 3/10] step 3100/11742 (2.1 it/s)
[Epoch 3/10] step 3150/11742 (2.1 it/s)
[Epoch 3/10] step 3200/11742 (2.1 it/s)
[Epoch 3/10] step 3250/11742 (2.1 it/s)
[Epoch 3/10] step 3300/11742 (2.1 it/s)
[Epoch 3/10] step 3350/11742 (2.1 it/s)
[Epoch 3/10] step 3400/11742 (2.1 it/s)
[Epoch 3/10] step 3450/11742 (2.1 it/s)
[Epoch 3/10] step 3500/11742 (2.1 it/s)
[Epoch 3/10] step 3550/11742 (2.1 it/s)
[Epoch 3/10] step 3600/11742 (2.1 it/s)
[Epoch 3/10] step 3650/11742 (2.1 it/s)
[Epoch 3/10] step 3700/11742 (2.1 it/s)
[Epoch 3/10] step 3750/11742 (2.1 it/s)
[Epoch 3/10] step 3800/11742 (2.1 it/s)
[Epoch 3/10] step 3850/11742 (2.1 it/s)
[Epoch 3/10] step 3900/11742 (2.1 it/s)
[Epoch 3/10] step 3950/11742 (2.1 it/s)
[Epoch 3/10] step 4000/11742 (2.1 it/s)
[Epoch 3/10] step 4050/11742 (2.1 it/s)
[Epoch 3/10] step 4100/11742 (2.1 it/s)
[Epoch 3/10] step 4150/11742 (2.1 it/s)
[Epoch 3/10] step 4200/11742 (2.1 it/s)
[Epoch 3/10] step 4250/11742 (2.1 it/s)
[Epoch 3/10] step 4300/11742 (2.1 it/s)
[Epoch 3/10] step 4350/11742 (2.1 it/s)
[Epoch 3/10] step 4400/11742 (2.1 it/s)
[Epoch 3/10] step 4450/11742 (2.1 it/s)
[Epoch 3/10] step 4500/11742 (2.1 it/s)
[Epoch 3/10] step 4550/11742 (2.1 it/s)
[Epoch 3/10] step 4600/11742 (2.1 it/s)
[Epoch 3/10] step 4650/11742 (2.1 it/s)
[Epoch 3/10] step 4700/11742 (2.1 it/s)
[Epoch 3/10] step 4750/11742 (2.1 it/s)
[Epoch 3/10] step 4800/11742 (2.1 it/s)
[Epoch 3/10] step 4850/11742 (2.1 it/s)
[Epoch 3/10] step 4900/11742 (2.1 it/s)
[Epoch 3/10] step 4950/11742 (2.1 it/s)
[Epoch 3/10] step 5000/11742 (2.1 it/s)
[Epoch 3/10] step 5050/11742 (2.1 it/s)
[Epoch 3/10] step 5100/11742 (2.1 it/s)
[Epoch 3/10] step 5150/11742 (2.1 it/s)
[Epoch 3/10] step 5200/11742 (2.1 it/s)
[Epoch 3/10] step 5250/11742 (2.1 it/s)
[Epoch 3/10] step 5300/11742 (2.1 it/s)
[Epoch 3/10] step 5350/11742 (2.1 it/s)
[Epoch 3/10] step 5400/11742 (2.1 it/s)
[Epoch 3/10] step 5450/11742 (2.1 it/s)
[Epoch 3/10] step 5500/11742 (2.1 it/s)
[Epoch 3/10] step 5550/11742 (2.1 it/s)
[Epoch 3/10] step 5600/11742 (2.1 it/s)
[Epoch 3/10] step 5650/11742 (2.1 it/s)
[Epoch 3/10] step 5700/11742 (2.1 it/s)
[Epoch 3/10] step 5750/11742 (2.1 it/s)
[Epoch 3/10] step 5800/11742 (2.1 it/s)
[Epoch 3/10] step 5850/11742 (2.1 it/s)
[Epoch 3/10] step 5900/11742 (2.1 it/s)
[Epoch 3/10] step 5950/11742 (2.1 it/s)
[Epoch 3/10] step 6000/11742 (2.1 it/s)
[Epoch 3/10] step 6050/11742 (2.1 it/s)
[Epoch 3/10] step 6100/11742 (2.1 it/s)
[Epoch 3/10] step 6150/11742 (2.1 it/s)
[Epoch 3/10] step 6200/11742 (2.1 it/s)
[Epoch 3/10] step 6250/11742 (2.1 it/s)
[Epoch 3/10] step 6300/11742 (2.1 it/s)
[Epoch 3/10] step 6350/11742 (2.1 it/s)
[Epoch 3/10] step 6400/11742 (2.1 it/s)
[Epoch 3/10] step 6450/11742 (2.1 it/s)
[Epoch 3/10] step 6500/11742 (2.1 it/s)
[Epoch 3/10] step 6550/11742 (2.1 it/s)
[Epoch 3/10] step 6600/11742 (2.1 it/s)
[Epoch 3/10] step 6650/11742 (2.1 it/s)
[Epoch 3/10] step 6700/11742 (2.1 it/s)
[Epoch 3/10] step 6750/11742 (2.1 it/s)
[Epoch 3/10] step 6800/11742 (2.1 it/s)
[Epoch 3/10] step 6850/11742 (2.1 it/s)
[Epoch 3/10] step 6900/11742 (2.1 it/s)
[Epoch 3/10] step 6950/11742 (2.1 it/s)
[Epoch 3/10] step 7000/11742 (2.1 it/s)
[Epoch 3/10] step 7050/11742 (2.1 it/s)
[Epoch 3/10] step 7100/11742 (2.1 it/s)
[Epoch 3/10] step 7150/11742 (2.1 it/s)
[Epoch 3/10] step 7200/11742 (2.1 it/s)
[Epoch 3/10] step 7250/11742 (2.1 it/s)
[Epoch 3/10] step 7300/11742 (2.1 it/s)
[Epoch 3/10] step 7350/11742 (2.1 it/s)
[Epoch 3/10] step 7400/11742 (2.1 it/s)
[Epoch 3/10] step 7450/11742 (2.1 it/s)
[Epoch 3/10] step 7500/11742 (2.1 it/s)
[Epoch 3/10] step 7550/11742 (2.1 it/s)
[Epoch 3/10] step 7600/11742 (2.1 it/s)
[Epoch 3/10] step 7650/11742 (2.1 it/s)
[Epoch 3/10] step 7700/11742 (2.1 it/s)
[Epoch 3/10] step 7750/11742 (2.1 it/s)
[Epoch 3/10] step 7800/11742 (2.1 it/s)
[Epoch 3/10] step 7850/11742 (2.1 it/s)
[Epoch 3/10] step 7900/11742 (2.1 it/s)
[Epoch 3/10] step 7950/11742 (2.1 it/s)
[Epoch 3/10] step 8000/11742 (2.1 it/s)
[Epoch 3/10] step 8050/11742 (2.1 it/s)
[Epoch 3/10] step 8100/11742 (2.1 it/s)
[Epoch 3/10] step 8150/11742 (2.1 it/s)
[Epoch 3/10] step 8200/11742 (2.1 it/s)
[Epoch 3/10] step 8250/11742 (2.1 it/s)
[Epoch 3/10] step 8300/11742 (2.1 it/s)
[Epoch 3/10] step 8350/11742 (2.1 it/s)
[Epoch 3/10] step 8400/11742 (2.1 it/s)
[Epoch 3/10] step 8450/11742 (2.1 it/s)
[Epoch 3/10] step 8500/11742 (2.1 it/s)
[Epoch 3/10] step 8550/11742 (2.1 it/s)
[Epoch 3/10] step 8600/11742 (2.1 it/s)
[Epoch 3/10] step 8650/11742 (2.1 it/s)
[Epoch 3/10] step 8700/11742 (2.1 it/s)
[Epoch 3/10] step 8750/11742 (2.1 it/s)
[Epoch 3/10] step 8800/11742 (2.1 it/s)
[Epoch 3/10] step 8850/11742 (2.1 it/s)
[Epoch 3/10] step 8900/11742 (2.1 it/s)
[Epoch 3/10] step 8950/11742 (2.1 it/s)
[Epoch 3/10] step 9000/11742 (2.1 it/s)
[Epoch 3/10] step 9050/11742 (2.1 it/s)
[Epoch 3/10] step 9100/11742 (2.1 it/s)
[Epoch 3/10] step 9150/11742 (2.1 it/s)
[Epoch 3/10] step 9200/11742 (2.1 it/s)
[Epoch 3/10] step 9250/11742 (2.1 it/s)
[Epoch 3/10] step 9300/11742 (2.1 it/s)
[Epoch 3/10] step 9350/11742 (2.1 it/s)
[Epoch 3/10] step 9400/11742 (2.1 it/s)
[Epoch 3/10] step 9450/11742 (2.1 it/s)
[Epoch 3/10] step 9500/11742 (2.1 it/s)
[Epoch 3/10] step 9550/11742 (2.1 it/s)
[Epoch 3/10] step 9600/11742 (2.1 it/s)
[Epoch 3/10] step 9650/11742 (2.1 it/s)
[Epoch 3/10] step 9700/11742 (2.1 it/s)
[Epoch 3/10] step 9750/11742 (2.1 it/s)
[Epoch 3/10] step 9800/11742 (2.1 it/s)
[Epoch 3/10] step 9850/11742 (2.1 it/s)
[Epoch 3/10] step 9900/11742 (2.1 it/s)
[Epoch 3/10] step 9950/11742 (2.1 it/s)
[Epoch 3/10] step 10000/11742 (2.1 it/s)
[Epoch 3/10] step 10050/11742 (2.1 it/s)
[Epoch 3/10] step 10100/11742 (2.1 it/s)
[Epoch 3/10] step 10150/11742 (2.1 it/s)
[Epoch 3/10] step 10200/11742 (2.1 it/s)
[Epoch 3/10] step 10250/11742 (2.1 it/s)
[Epoch 3/10] step 10300/11742 (2.1 it/s)
[Epoch 3/10] step 10350/11742 (2.1 it/s)
[Epoch 3/10] step 10400/11742 (2.1 it/s)
[Epoch 3/10] step 10450/11742 (2.1 it/s)
[Epoch 3/10] step 10500/11742 (2.1 it/s)
[Epoch 3/10] step 10550/11742 (2.1 it/s)
[Epoch 3/10] step 10600/11742 (2.1 it/s)
[Epoch 3/10] step 10650/11742 (2.1 it/s)
[Epoch 3/10] step 10700/11742 (2.1 it/s)
[Epoch 3/10] step 10750/11742 (2.1 it/s)
[Epoch 3/10] step 10800/11742 (2.1 it/s)
[Epoch 3/10] step 10850/11742 (2.1 it/s)
[Epoch 3/10] step 10900/11742 (2.1 it/s)
[Epoch 3/10] step 10950/11742 (2.1 it/s)
[Epoch 3/10] step 11000/11742 (2.1 it/s)
[Epoch 3/10] step 11050/11742 (2.1 it/s)
[Epoch 3/10] step 11100/11742 (2.1 it/s)
[Epoch 3/10] step 11150/11742 (2.1 it/s)
[Epoch 3/10] step 11200/11742 (2.1 it/s)
[Epoch 3/10] step 11250/11742 (2.1 it/s)
[Epoch 3/10] step 11300/11742 (2.1 it/s)
[Epoch 3/10] step 11350/11742 (2.1 it/s)
[Epoch 3/10] step 11400/11742 (2.1 it/s)
[Epoch 3/10] step 11450/11742 (2.1 it/s)
[Epoch 3/10] step 11500/11742 (2.1 it/s)
[Epoch 3/10] step 11550/11742 (2.1 it/s)
[Epoch 3/10] step 11600/11742 (2.1 it/s)
[Epoch 3/10] step 11650/11742 (2.1 it/s)
[Epoch 3/10] step 11700/11742 (2.1 it/s)
01:13:11 | INFO  | trainer_inf~| \n+-----------------------------+-----------------------+
|            Metric           |         Value         |
+-----------------------------+-----------------------+
|        [0;34;40mfit/cons_loss[0m        |  [0;32;40m0.03016810491681099[0m  |
|         [0;34;40mfit/kl_loss[0m         |   [0;32;40m6.349636077880859[0m   |
|           [0;34;40mfit/loss[0m          |   [0;32;40m0.7999500036239624[0m  |
|        [0;34;40mfit/pred1_loss[0m       |  [0;32;40m0.03529087454080582[0m  |
|       [0;34;40mfit/sigreg1_loss[0m      |        [0;32;40m1.046875[0m       |
|        [0;34;40mfit/skill_loss[0m       |   [0;32;40m0.5767564177513123[0m  |
|           [0;34;40mfit/w_kl[0m          |  [0;32;40m0.009999999776482582[0m |
|     [0;34;40mhardware/cpu_percent[0m    |   [0;32;40m30.700000762939453[0m  |
|   [0;34;40mhardware/disk_read_mb_s[0m   |   [0;32;40m153.16387939453125[0m  |
|   [0;34;40mhardware/disk_write_mb_s[0m  |  [0;32;40m0.024204401299357414[0m |
|    [0;34;40mhardware/net_recv_mb_s[0m   |          [0;32;40m0.0[0m          |
|    [0;34;40mhardware/net_sent_mb_s[0m   |          [0;32;40m0.0[0m          |
|     [0;34;40mhardware/ram_used_gb[0m    |   [0;32;40m58.44710922241211[0m   |
|    [0;34;40mhardware/ram_used_pct[0m    |   [0;32;40m48.900001525878906[0m  |
|     [0;34;40mhparams/lr_model_opt[0m    | [0;32;40m0.0001990597229450941[0m |
|      [0;34;40mvalidate/cons_loss[0m     |  [0;32;40m0.025358058512210846[0m |
|   [0;34;40mvalidate/cons_loss_epoch[0m  |  [0;32;40m0.025358058512210846[0m |
|       [0;34;40mvalidate/kl_loss[0m      |   [0;32;40m6.094428539276123[0m   |
|    [0;34;40mvalidate/kl_loss_epoch[0m   |   [0;32;40m6.094428539276123[0m   |
|        [0;34;40mvalidate/loss[0m        |   [0;32;40m0.7476750612258911[0m  |
|     [0;34;40mvalidate/loss_epoch[0m     |   [0;32;40m0.7476750612258911[0m  |
|     [0;34;40mvalidate/pred1_loss[0m     |  [0;32;40m0.02380860410630703[0m  |
|  [0;34;40mvalidate/pred1_loss_epoch[0m  |  [0;32;40m0.02380860410630703[0m  |
|    [0;34;40mvalidate/sigreg1_loss[0m    |   [0;32;40m1.399715542793274[0m   |
| [0;34;40mvalidate/sigreg1_loss_epoch[0m |   [0;32;40m1.399715542793274[0m   |
|     [0;34;40mvalidate/skill_loss[0m     |   [0;32;40m0.5115849375724792[0m  |
|  [0;34;40mvalidate/skill_loss_epoch[0m  |   [0;32;40m0.5115849375724792[0m  |
|        [0;34;40mvalidate/w_kl[0m        |  [0;32;40m0.010000155307352543[0m |
|     [0;34;40mvalidate/w_kl_epoch[0m     |  [0;32;40m0.010000155307352543[0m |
+-----------------------------+-----------------------+
01:13:11 | INFO  | utils.py    | 📦📦📦 Model saved to /home/mattin/.stable_worldmodel/checkpoints/lehwm/weights_epoch_4.pt 📦📦📦
[Epoch 3/10] done in 6339.8s
01:13:11 | INFO  | checkpoint_~|   Checking for non PyTorch modules to save
01:13:11 | INFO  | atomic_chec~| [atomic_save] → /home/mattin/.cache/stable-pretraining/runs/20260928/181015/359e86ba207f/checkpoints/epoch=3-step=46968.ckpt
01:13:12 | INFO  | atomic_chec~| [atomic_save] ✓ epoch=3-step=46968.ckpt saved (138.5 MiB, serialise=0.10s write=0.15s rename=0.0ms)
01:13:12 | INFO  | checkpoint_~|   Checking for non PyTorch modules to save
01:13:12 | INFO  | atomic_chec~| [atomic_save] → /home/mattin/.cache/stable-pretraining/runs/20260928/181015/359e86ba207f/checkpoints/last.ckpt
01:13:12 | INFO  | atomic_chec~| [atomic_save] ✓ last.ckpt saved (138.5 MiB, serialise=0.11s write=0.11s rename=0.1ms)
[Epoch 4/10] step 50/11742 (1.7 it/s)
[Epoch 4/10] step 100/11742 (1.8 it/s)
[Epoch 4/10] step 150/11742 (1.9 it/s)
[Epoch 4/10] step 200/11742 (1.9 it/s)
[Epoch 4/10] step 250/11742 (1.9 it/s)
[Epoch 4/10] step 300/11742 (1.9 it/s)
[Epoch 4/10] step 350/11742 (1.9 it/s)
[Epoch 4/10] step 400/11742 (2.0 it/s)
[Epoch 4/10] step 450/11742 (2.0 it/s)
[Epoch 4/10] step 500/11742 (2.0 it/s)
[Epoch 4/10] step 550/11742 (2.0 it/s)
[Epoch 4/10] step 600/11742 (2.0 it/s)
[Epoch 4/10] step 650/11742 (2.0 it/s)
[Epoch 4/10] step 700/11742 (2.0 it/s)
[Epoch 4/10] step 750/11742 (2.0 it/s)
[Epoch 4/10] step 800/11742 (2.0 it/s)
[Epoch 4/10] step 850/11742 (2.0 it/s)
[Epoch 4/10] step 900/11742 (2.0 it/s)
[Epoch 4/10] step 950/11742 (2.0 it/s)
[Epoch 4/10] step 1000/11742 (2.0 it/s)
[Epoch 4/10] step 1050/11742 (2.0 it/s)
[Epoch 4/10] step 1100/11742 (2.0 it/s)
[Epoch 4/10] step 1150/11742 (2.0 it/s)
[Epoch 4/10] step 1200/11742 (2.0 it/s)
[Epoch 4/10] step 1250/11742 (2.0 it/s)
[Epoch 4/10] step 1300/11742 (2.0 it/s)
[Epoch 4/10] step 1350/11742 (2.0 it/s)
[Epoch 4/10] step 1400/11742 (2.0 it/s)
[Epoch 4/10] step 1450/11742 (2.0 it/s)
[Epoch 4/10] step 1500/11742 (2.0 it/s)
[Epoch 4/10] step 1550/11742 (2.0 it/s)
[Epoch 4/10] step 1600/11742 (2.0 it/s)
[Epoch 4/10] step 1650/11742 (2.0 it/s)
[Epoch 4/10] step 1700/11742 (2.0 it/s)
[Epoch 4/10] step 1750/11742 (2.0 it/s)
[Epoch 4/10] step 1800/11742 (2.0 it/s)
[Epoch 4/10] step 1850/11742 (2.0 it/s)
[Epoch 4/10] step 1900/11742 (2.0 it/s)
[Epoch 4/10] step 1950/11742 (2.0 it/s)
[Epoch 4/10] step 2000/11742 (2.0 it/s)
[Epoch 4/10] step 2050/11742 (2.0 it/s)
[Epoch 4/10] step 2100/11742 (2.0 it/s)
[Epoch 4/10] step 2150/11742 (2.0 it/s)
[Epoch 4/10] step 2200/11742 (2.0 it/s)
[Epoch 4/10] step 2250/11742 (2.0 it/s)
[Epoch 4/10] step 2300/11742 (2.0 it/s)
[Epoch 4/10] step 2350/11742 (2.0 it/s)
[Epoch 4/10] step 2400/11742 (2.0 it/s)
[Epoch 4/10] step 2450/11742 (2.1 it/s)
[Epoch 4/10] step 2500/11742 (2.1 it/s)
[Epoch 4/10] step 2550/11742 (2.1 it/s)
[Epoch 4/10] step 2600/11742 (2.1 it/s)
[Epoch 4/10] step 2650/11742 (2.1 it/s)
[Epoch 4/10] step 2700/11742 (2.1 it/s)
[Epoch 4/10] step 2750/11742 (2.1 it/s)
[Epoch 4/10] step 2800/11742 (2.1 it/s)
[Epoch 4/10] step 2850/11742 (2.1 it/s)
[Epoch 4/10] step 2900/11742 (2.1 it/s)
[Epoch 4/10] step 2950/11742 (2.1 it/s)
[Epoch 4/10] step 3000/11742 (2.1 it/s)
[Epoch 4/10] step 3050/11742 (2.1 it/s)
[Epoch 4/10] step 3100/11742 (2.1 it/s)
[Epoch 4/10] step 3150/11742 (2.1 it/s)
[Epoch 4/10] step 3200/11742 (2.1 it/s)
[Epoch 4/10] step 3250/11742 (2.1 it/s)
[Epoch 4/10] step 3300/11742 (2.1 it/s)
[Epoch 4/10] step 3350/11742 (2.1 it/s)
[Epoch 4/10] step 3400/11742 (2.1 it/s)
[Epoch 4/10] step 3450/11742 (2.1 it/s)
[Epoch 4/10] step 3500/11742 (2.1 it/s)
[Epoch 4/10] step 3550/11742 (2.1 it/s)
[Epoch 4/10] step 3600/11742 (2.1 it/s)
[Epoch 4/10] step 3650/11742 (2.1 it/s)
[Epoch 4/10] step 3700/11742 (2.1 it/s)
[Epoch 4/10] step 3750/11742 (2.1 it/s)
[Epoch 4/10] step 3800/11742 (2.1 it/s)
[Epoch 4/10] step 3850/11742 (2.1 it/s)
[Epoch 4/10] step 3900/11742 (2.1 it/s)
[Epoch 4/10] step 3950/11742 (2.1 it/s)
[Epoch 4/10] step 4000/11742 (2.1 it/s)
[Epoch 4/10] step 4050/11742 (2.1 it/s)
[Epoch 4/10] step 4100/11742 (2.1 it/s)
[Epoch 4/10] step 4150/11742 (2.1 it/s)
[Epoch 4/10] step 4200/11742 (2.1 it/s)
[Epoch 4/10] step 4250/11742 (2.1 it/s)
[Epoch 4/10] step 4300/11742 (2.1 it/s)
[Epoch 4/10] step 4350/11742 (2.1 it/s)
[Epoch 4/10] step 4400/11742 (2.1 it/s)
[Epoch 4/10] step 4450/11742 (2.1 it/s)
[Epoch 4/10] step 4500/11742 (2.1 it/s)
[Epoch 4/10] step 4550/11742 (2.1 it/s)
[Epoch 4/10] step 4600/11742 (2.1 it/s)
[Epoch 4/10] step 4650/11742 (2.1 it/s)
[Epoch 4/10] step 4700/11742 (2.1 it/s)
[Epoch 4/10] step 4750/11742 (2.1 it/s)
[Epoch 4/10] step 4800/11742 (2.1 it/s)
[Epoch 4/10] step 4850/11742 (2.1 it/s)
[Epoch 4/10] step 4900/11742 (2.1 it/s)
[Epoch 4/10] step 4950/11742 (2.1 it/s)
[Epoch 4/10] step 5000/11742 (2.1 it/s)
[Epoch 4/10] step 5050/11742 (2.1 it/s)
[Epoch 4/10] step 5100/11742 (2.1 it/s)
[Epoch 4/10] step 5150/11742 (2.1 it/s)
[Epoch 4/10] step 5200/11742 (2.1 it/s)
[Epoch 4/10] step 5250/11742 (2.1 it/s)
[Epoch 4/10] step 5300/11742 (2.1 it/s)
[Epoch 4/10] step 5350/11742 (2.1 it/s)
[Epoch 4/10] step 5400/11742 (2.1 it/s)
[Epoch 4/10] step 5450/11742 (2.1 it/s)
[Epoch 4/10] step 5500/11742 (2.1 it/s)
[Epoch 4/10] step 5550/11742 (2.1 it/s)
[Epoch 4/10] step 5600/11742 (2.1 it/s)
[Epoch 4/10] step 5650/11742 (2.1 it/s)
[Epoch 4/10] step 5700/11742 (2.1 it/s)
[Epoch 4/10] step 5750/11742 (2.1 it/s)
[Epoch 4/10] step 5800/11742 (2.1 it/s)
[Epoch 4/10] step 5850/11742 (2.1 it/s)
[Epoch 4/10] step 5900/11742 (2.1 it/s)
[Epoch 4/10] step 5950/11742 (2.1 it/s)
[Epoch 4/10] step 6000/11742 (2.1 it/s)
[Epoch 4/10] step 6050/11742 (2.1 it/s)
[Epoch 4/10] step 6100/11742 (2.1 it/s)
[Epoch 4/10] step 6150/11742 (2.1 it/s)
[Epoch 4/10] step 6200/11742 (2.1 it/s)
[Epoch 4/10] step 6250/11742 (2.1 it/s)
[Epoch 4/10] step 6300/11742 (2.1 it/s)
[Epoch 4/10] step 6350/11742 (2.1 it/s)
[Epoch 4/10] step 6400/11742 (2.1 it/s)
[Epoch 4/10] step 6450/11742 (2.1 it/s)
[Epoch 4/10] step 6500/11742 (2.1 it/s)
[Epoch 4/10] step 6550/11742 (2.1 it/s)
[Epoch 4/10] step 6600/11742 (2.1 it/s)
[Epoch 4/10] step 6650/11742 (2.1 it/s)
[Epoch 4/10] step 6700/11742 (2.1 it/s)
[Epoch 4/10] step 6750/11742 (2.1 it/s)
[Epoch 4/10] step 6800/11742 (2.1 it/s)
[Epoch 4/10] step 6850/11742 (2.1 it/s)
[Epoch 4/10] step 6900/11742 (2.1 it/s)
[Epoch 4/10] step 6950/11742 (2.1 it/s)
[Epoch 4/10] step 7000/11742 (2.1 it/s)
[Epoch 4/10] step 7050/11742 (2.1 it/s)
[Epoch 4/10] step 7100/11742 (2.1 it/s)
[Epoch 4/10] step 7150/11742 (2.1 it/s)
[Epoch 4/10] step 7200/11742 (2.1 it/s)
[Epoch 4/10] step 7250/11742 (2.1 it/s)
[Epoch 4/10] step 7300/11742 (2.1 it/s)
[Epoch 4/10] step 7350/11742 (2.1 it/s)
[Epoch 4/10] step 7400/11742 (2.1 it/s)
[Epoch 4/10] step 7450/11742 (2.1 it/s)
[Epoch 4/10] step 7500/11742 (2.1 it/s)
[Epoch 4/10] step 7550/11742 (2.1 it/s)
[Epoch 4/10] step 7600/11742 (2.1 it/s)
[Epoch 4/10] step 7650/11742 (2.1 it/s)
[Epoch 4/10] step 7700/11742 (2.1 it/s)
[Epoch 4/10] step 7750/11742 (2.1 it/s)
[Epoch 4/10] step 7800/11742 (2.1 it/s)
[Epoch 4/10] step 7850/11742 (2.1 it/s)
[Epoch 4/10] step 7900/11742 (2.1 it/s)
[Epoch 4/10] step 7950/11742 (2.1 it/s)
[Epoch 4/10] step 8000/11742 (2.1 it/s)
[Epoch 4/10] step 8050/11742 (2.1 it/s)
[Epoch 4/10] step 8100/11742 (2.1 it/s)
[Epoch 4/10] step 8150/11742 (2.1 it/s)
[Epoch 4/10] step 8200/11742 (2.1 it/s)
[Epoch 4/10] step 8250/11742 (2.1 it/s)
[Epoch 4/10] step 8300/11742 (2.1 it/s)
[Epoch 4/10] step 8350/11742 (2.1 it/s)
[Epoch 4/10] step 8400/11742 (2.1 it/s)
[Epoch 4/10] step 8450/11742 (2.1 it/s)
[Epoch 4/10] step 8500/11742 (2.1 it/s)
[Epoch 4/10] step 8550/11742 (2.1 it/s)
[Epoch 4/10] step 8600/11742 (2.1 it/s)
[Epoch 4/10] step 8650/11742 (2.1 it/s)
[Epoch 4/10] step 8700/11742 (2.1 it/s)
[Epoch 4/10] step 8750/11742 (2.1 it/s)
[Epoch 4/10] step 8800/11742 (2.1 it/s)
[Epoch 4/10] step 8850/11742 (2.1 it/s)
[Epoch 4/10] step 8900/11742 (2.1 it/s)
[Epoch 4/10] step 8950/11742 (2.1 it/s)
[Epoch 4/10] step 9000/11742 (2.1 it/s)
[Epoch 4/10] step 9050/11742 (2.1 it/s)
[Epoch 4/10] step 9100/11742 (2.1 it/s)
[Epoch 4/10] step 9150/11742 (2.1 it/s)
[Epoch 4/10] step 9200/11742 (2.1 it/s)
[Epoch 4/10] step 9250/11742 (2.1 it/s)
[Epoch 4/10] step 9300/11742 (2.1 it/s)
[Epoch 4/10] step 9350/11742 (2.1 it/s)
[Epoch 4/10] step 9400/11742 (2.1 it/s)
[Epoch 4/10] step 9450/11742 (2.1 it/s)
[Epoch 4/10] step 9500/11742 (2.1 it/s)
[Epoch 4/10] step 9550/11742 (2.1 it/s)
[Epoch 4/10] step 9600/11742 (2.1 it/s)
[Epoch 4/10] step 9650/11742 (2.1 it/s)
[Epoch 4/10] step 9700/11742 (2.1 it/s)
[Epoch 4/10] step 9750/11742 (2.1 it/s)
[Epoch 4/10] step 9800/11742 (2.1 it/s)
[Epoch 4/10] step 9850/11742 (2.1 it/s)
[Epoch 4/10] step 9900/11742 (2.1 it/s)
[Epoch 4/10] step 9950/11742 (2.1 it/s)
[Epoch 4/10] step 10000/11742 (2.1 it/s)
[Epoch 4/10] step 10050/11742 (2.1 it/s)
[Epoch 4/10] step 10100/11742 (2.1 it/s)
[Epoch 4/10] step 10150/11742 (2.1 it/s)
[Epoch 4/10] step 10200/11742 (2.1 it/s)
[Epoch 4/10] step 10250/11742 (2.1 it/s)
[Epoch 4/10] step 10300/11742 (2.1 it/s)
[Epoch 4/10] step 10350/11742 (2.1 it/s)
[Epoch 4/10] step 10400/11742 (2.1 it/s)
[Epoch 4/10] step 10450/11742 (2.1 it/s)
[Epoch 4/10] step 10500/11742 (2.1 it/s)
[Epoch 4/10] step 10550/11742 (2.1 it/s)
[Epoch 4/10] step 10600/11742 (2.1 it/s)
[Epoch 4/10] step 10650/11742 (2.1 it/s)
[Epoch 4/10] step 10700/11742 (2.1 it/s)
[Epoch 4/10] step 10750/11742 (2.1 it/s)
[Epoch 4/10] step 10800/11742 (2.1 it/s)
[Epoch 4/10] step 10850/11742 (2.1 it/s)
[Epoch 4/10] step 10900/11742 (2.1 it/s)
[Epoch 4/10] step 10950/11742 (2.1 it/s)
[Epoch 4/10] step 11000/11742 (2.1 it/s)
[Epoch 4/10] step 11050/11742 (2.1 it/s)
[Epoch 4/10] step 11100/11742 (2.1 it/s)
[Epoch 4/10] step 11150/11742 (2.1 it/s)
[Epoch 4/10] step 11200/11742 (2.1 it/s)
[Epoch 4/10] step 11250/11742 (2.1 it/s)
[Epoch 4/10] step 11300/11742 (2.1 it/s)
[Epoch 4/10] step 11350/11742 (2.1 it/s)
[Epoch 4/10] step 11400/11742 (2.1 it/s)
[Epoch 4/10] step 11450/11742 (2.1 it/s)
[Epoch 4/10] step 11500/11742 (2.1 it/s)
[Epoch 4/10] step 11550/11742 (2.1 it/s)
[Epoch 4/10] step 11600/11742 (2.1 it/s)
[Epoch 4/10] step 11650/11742 (2.1 it/s)
[Epoch 4/10] step 11700/11742 (2.1 it/s)
02:58:00 | INFO  | trainer_inf~| \n+-----------------------------+------------------------+
|            Metric           |         Value          |
+-----------------------------+------------------------+
|        [0;34;40mfit/cons_loss[0m        |  [0;32;40m0.025918204337358475[0m  |
|         [0;34;40mfit/kl_loss[0m         |   [0;32;40m5.731597900390625[0m    |
|           [0;34;40mfit/loss[0m          |   [0;32;40m0.6955856680870056[0m   |
|        [0;34;40mfit/pred1_loss[0m       |  [0;32;40m0.03148014470934868[0m   |
|       [0;34;40mfit/sigreg1_loss[0m      |       [0;32;40m1.0390625[0m        |
|        [0;34;40mfit/skill_loss[0m       |   [0;32;40m0.4871213436126709[0m   |
|           [0;34;40mfit/w_kl[0m          |  [0;32;40m0.009999999776482582[0m  |
|     [0;34;40mhardware/cpu_percent[0m    |   [0;32;40m34.099998474121094[0m   |
|   [0;34;40mhardware/disk_read_mb_s[0m   |   [0;32;40m100.13543701171875[0m   |
|   [0;34;40mhardware/disk_write_mb_s[0m  |  [0;32;40m0.01952437311410904[0m   |
|    [0;34;40mhardware/net_recv_mb_s[0m   |          [0;32;40m0.0[0m           |
|    [0;34;40mhardware/net_sent_mb_s[0m   |          [0;32;40m0.0[0m           |
|     [0;34;40mhardware/ram_used_gb[0m    |   [0;32;40m52.685752868652344[0m   |
|    [0;34;40mhardware/ram_used_pct[0m    |          [0;32;40m44.0[0m          |
|     [0;34;40mhparams/lr_model_opt[0m    | [0;32;40m0.00015237947809509933[0m |
|      [0;34;40mvalidate/cons_loss[0m     |  [0;32;40m0.02213272638618946[0m   |
|   [0;34;40mvalidate/cons_loss_epoch[0m  |  [0;32;40m0.02213272638618946[0m   |
|       [0;34;40mvalidate/kl_loss[0m      |   [0;32;40m5.8687849044799805[0m   |
|    [0;34;40mvalidate/kl_loss_epoch[0m   |   [0;32;40m5.8687849044799805[0m   |
|        [0;34;40mvalidate/loss[0m        |   [0;32;40m0.7340425848960876[0m   |
|     [0;34;40mvalidate/loss_epoch[0m     |   [0;32;40m0.7340425848960876[0m   |
|     [0;34;40mvalidate/pred1_loss[0m     |  [0;32;40m0.02121734991669655[0m   |
|  [0;34;40mvalidate/pred1_loss_epoch[0m  |  [0;32;40m0.02121734991669655[0m   |
|    [0;34;40mvalidate/sigreg1_loss[0m    |   [0;32;40m1.3807547092437744[0m   |
| [0;34;40mvalidate/sigreg1_loss_epoch[0m |   [0;32;40m1.3807547092437744[0m   |
|     [0;34;40mvalidate/skill_loss[0m     |   [0;32;40m0.5077487826347351[0m   |
|  [0;34;40mvalidate/skill_loss_epoch[0m  |   [0;32;40m0.5077487826347351[0m   |
|        [0;34;40mvalidate/w_kl[0m        |  [0;32;40m0.010000155307352543[0m  |
|     [0;34;40mvalidate/w_kl_epoch[0m     |  [0;32;40m0.010000155307352543[0m  |
+-----------------------------+------------------------+
02:58:00 | INFO  | utils.py    | 📦📦📦 Model saved to /home/mattin/.stable_worldmodel/checkpoints/lehwm/weights_epoch_5.pt 📦📦📦
[Epoch 4/10] done in 6288.1s
02:58:00 | INFO  | checkpoint_~|   Checking for non PyTorch modules to save
02:58:00 | INFO  | atomic_chec~| [atomic_save] → /home/mattin/.cache/stable-pretraining/runs/20260928/181015/359e86ba207f/checkpoints/epoch=4-step=58710.ckpt
02:58:00 | INFO  | atomic_chec~| [atomic_save] ✓ epoch=4-step=58710.ckpt saved (138.5 MiB, serialise=0.12s write=0.16s rename=0.0ms)
02:58:00 | INFO  | checkpoint_~|   Checking for non PyTorch modules to save
02:58:00 | INFO  | atomic_chec~| [atomic_save] → /home/mattin/.cache/stable-pretraining/runs/20260928/181015/359e86ba207f/checkpoints/last.ckpt
02:58:01 | INFO  | atomic_chec~| [atomic_save] ✓ last.ckpt saved (138.5 MiB, serialise=0.12s write=0.30s rename=0.1ms)
[Epoch 5/10] step 50/11742 (1.9 it/s)
[Epoch 5/10] step 100/11742 (2.0 it/s)
[Epoch 5/10] step 150/11742 (2.0 it/s)
[Epoch 5/10] step 200/11742 (2.0 it/s)
[Epoch 5/10] step 250/11742 (2.0 it/s)
[Epoch 5/10] step 300/11742 (2.0 it/s)
[Epoch 5/10] step 350/11742 (2.0 it/s)
[Epoch 5/10] step 400/11742 (2.1 it/s)
[Epoch 5/10] step 450/11742 (2.1 it/s)
[Epoch 5/10] step 500/11742 (2.1 it/s)
[Epoch 5/10] step 550/11742 (2.1 it/s)
[Epoch 5/10] step 600/11742 (2.1 it/s)
[Epoch 5/10] step 650/11742 (2.1 it/s)
[Epoch 5/10] step 700/11742 (2.1 it/s)
[Epoch 5/10] step 750/11742 (2.1 it/s)
[Epoch 5/10] step 800/11742 (2.1 it/s)
[Epoch 5/10] step 850/11742 (2.1 it/s)
[Epoch 5/10] step 900/11742 (2.1 it/s)
[Epoch 5/10] step 950/11742 (2.1 it/s)
[Epoch 5/10] step 1000/11742 (2.1 it/s)
[Epoch 5/10] step 1050/11742 (2.1 it/s)
[Epoch 5/10] step 1100/11742 (2.1 it/s)
[Epoch 5/10] step 1150/11742 (2.1 it/s)
[Epoch 5/10] step 1200/11742 (2.1 it/s)
[Epoch 5/10] step 1250/11742 (2.1 it/s)
[Epoch 5/10] step 1300/11742 (2.1 it/s)
[Epoch 5/10] step 1350/11742 (2.1 it/s)
[Epoch 5/10] step 1400/11742 (2.1 it/s)
[Epoch 5/10] step 1450/11742 (2.1 it/s)
[Epoch 5/10] step 1500/11742 (2.1 it/s)
[Epoch 5/10] step 1550/11742 (2.1 it/s)
[Epoch 5/10] step 1600/11742 (2.1 it/s)
[Epoch 5/10] step 1650/11742 (2.1 it/s)
[Epoch 5/10] step 1700/11742 (2.1 it/s)
[Epoch 5/10] step 1750/11742 (2.1 it/s)
[Epoch 5/10] step 1800/11742 (2.1 it/s)
[Epoch 5/10] step 1850/11742 (2.1 it/s)
[Epoch 5/10] step 1900/11742 (2.1 it/s)
[Epoch 5/10] step 1950/11742 (2.1 it/s)
[Epoch 5/10] step 2000/11742 (2.1 it/s)
[Epoch 5/10] step 2050/11742 (2.1 it/s)
[Epoch 5/10] step 2100/11742 (2.1 it/s)
[Epoch 5/10] step 2150/11742 (2.1 it/s)
[Epoch 5/10] step 2200/11742 (2.1 it/s)
[Epoch 5/10] step 2250/11742 (2.1 it/s)
[Epoch 5/10] step 2300/11742 (2.1 it/s)
[Epoch 5/10] step 2350/11742 (2.1 it/s)
[Epoch 5/10] step 2400/11742 (2.1 it/s)
[Epoch 5/10] step 2450/11742 (2.1 it/s)
[Epoch 5/10] step 2500/11742 (2.1 it/s)
[Epoch 5/10] step 2550/11742 (2.1 it/s)
[Epoch 5/10] step 2600/11742 (2.1 it/s)
[Epoch 5/10] step 2650/11742 (2.1 it/s)
[Epoch 5/10] step 2700/11742 (2.1 it/s)
[Epoch 5/10] step 2750/11742 (2.1 it/s)
[Epoch 5/10] step 2800/11742 (2.1 it/s)
[Epoch 5/10] step 2850/11742 (2.1 it/s)
[Epoch 5/10] step 2900/11742 (2.1 it/s)
[Epoch 5/10] step 2950/11742 (2.1 it/s)
[Epoch 5/10] step 3000/11742 (2.1 it/s)
[Epoch 5/10] step 3050/11742 (2.1 it/s)
[Epoch 5/10] step 3100/11742 (2.1 it/s)
[Epoch 5/10] step 3150/11742 (2.1 it/s)
[Epoch 5/10] step 3200/11742 (2.1 it/s)
[Epoch 5/10] step 3250/11742 (2.1 it/s)
[Epoch 5/10] step 3300/11742 (2.1 it/s)
[Epoch 5/10] step 3350/11742 (2.1 it/s)
[Epoch 5/10] step 3400/11742 (2.1 it/s)
[Epoch 5/10] step 3450/11742 (2.1 it/s)
[Epoch 5/10] step 3500/11742 (2.1 it/s)
[Epoch 5/10] step 3550/11742 (2.1 it/s)
[Epoch 5/10] step 3600/11742 (2.1 it/s)
[Epoch 5/10] step 3650/11742 (2.1 it/s)
[Epoch 5/10] step 3700/11742 (2.1 it/s)
[Epoch 5/10] step 3750/11742 (2.1 it/s)
[Epoch 5/10] step 3800/11742 (2.1 it/s)
[Epoch 5/10] step 3850/11742 (2.1 it/s)
[Epoch 5/10] step 3900/11742 (2.1 it/s)
[Epoch 5/10] step 3950/11742 (2.1 it/s)
[Epoch 5/10] step 4000/11742 (2.1 it/s)
[Epoch 5/10] step 4050/11742 (2.1 it/s)
[Epoch 5/10] step 4100/11742 (2.1 it/s)
[Epoch 5/10] step 4150/11742 (2.1 it/s)
[Epoch 5/10] step 4200/11742 (2.1 it/s)
[Epoch 5/10] step 4250/11742 (2.1 it/s)
[Epoch 5/10] step 4300/11742 (2.1 it/s)
[Epoch 5/10] step 4350/11742 (2.1 it/s)
[Epoch 5/10] step 4400/11742 (2.1 it/s)
[Epoch 5/10] step 4450/11742 (2.1 it/s)
[Epoch 5/10] step 4500/11742 (2.1 it/s)
[Epoch 5/10] step 4550/11742 (2.1 it/s)
[Epoch 5/10] step 4600/11742 (2.1 it/s)
[Epoch 5/10] step 4650/11742 (2.1 it/s)
[Epoch 5/10] step 4700/11742 (2.1 it/s)
[Epoch 5/10] step 4750/11742 (2.1 it/s)
[Epoch 5/10] step 4800/11742 (2.1 it/s)
[Epoch 5/10] step 4850/11742 (2.1 it/s)
[Epoch 5/10] step 4900/11742 (2.1 it/s)
[Epoch 5/10] step 4950/11742 (2.1 it/s)
[Epoch 5/10] step 5000/11742 (2.1 it/s)
[Epoch 5/10] step 5050/11742 (2.1 it/s)
[Epoch 5/10] step 5100/11742 (2.1 it/s)
[Epoch 5/10] step 5150/11742 (2.1 it/s)
[Epoch 5/10] step 5200/11742 (2.1 it/s)
[Epoch 5/10] step 5250/11742 (2.1 it/s)
[Epoch 5/10] step 5300/11742 (2.1 it/s)
[Epoch 5/10] step 5350/11742 (2.1 it/s)
[Epoch 5/10] step 5400/11742 (2.1 it/s)
[Epoch 5/10] step 5450/11742 (2.1 it/s)
[Epoch 5/10] step 5500/11742 (2.1 it/s)
[Epoch 5/10] step 5550/11742 (2.1 it/s)
[Epoch 5/10] step 5600/11742 (2.1 it/s)
[Epoch 5/10] step 5650/11742 (2.1 it/s)
[Epoch 5/10] step 5700/11742 (2.1 it/s)
[Epoch 5/10] step 5750/11742 (2.1 it/s)
[Epoch 5/10] step 5800/11742 (2.1 it/s)
[Epoch 5/10] step 5850/11742 (2.1 it/s)
[Epoch 5/10] step 5900/11742 (2.1 it/s)
[Epoch 5/10] step 5950/11742 (2.1 it/s)
[Epoch 5/10] step 6000/11742 (2.1 it/s)
[Epoch 5/10] step 6050/11742 (2.1 it/s)
[Epoch 5/10] step 6100/11742 (2.1 it/s)
[Epoch 5/10] step 6150/11742 (2.1 it/s)
[Epoch 5/10] step 6200/11742 (2.1 it/s)
[Epoch 5/10] step 6250/11742 (2.1 it/s)
[Epoch 5/10] step 6300/11742 (2.1 it/s)
[Epoch 5/10] step 6350/11742 (2.1 it/s)
[Epoch 5/10] step 6400/11742 (2.1 it/s)
[Epoch 5/10] step 6450/11742 (2.1 it/s)
[Epoch 5/10] step 6500/11742 (2.1 it/s)
[Epoch 5/10] step 6550/11742 (2.1 it/s)
[Epoch 5/10] step 6600/11742 (2.1 it/s)
[Epoch 5/10] step 6650/11742 (2.1 it/s)
[Epoch 5/10] step 6700/11742 (2.1 it/s)
[Epoch 5/10] step 6750/11742 (2.1 it/s)
[Epoch 5/10] step 6800/11742 (2.1 it/s)
[Epoch 5/10] step 6850/11742 (2.1 it/s)
[Epoch 5/10] step 6900/11742 (2.1 it/s)
[Epoch 5/10] step 6950/11742 (2.1 it/s)
[Epoch 5/10] step 7000/11742 (2.1 it/s)
[Epoch 5/10] step 7050/11742 (2.1 it/s)
[Epoch 5/10] step 7100/11742 (2.1 it/s)
[Epoch 5/10] step 7150/11742 (2.1 it/s)
[Epoch 5/10] step 7200/11742 (2.1 it/s)
[Epoch 5/10] step 7250/11742 (2.1 it/s)
[Epoch 5/10] step 7300/11742 (2.1 it/s)
[Epoch 5/10] step 7350/11742 (2.1 it/s)
[Epoch 5/10] step 7400/11742 (2.1 it/s)
[Epoch 5/10] step 7450/11742 (2.1 it/s)
[Epoch 5/10] step 7500/11742 (2.1 it/s)
[Epoch 5/10] step 7550/11742 (2.1 it/s)
[Epoch 5/10] step 7600/11742 (2.1 it/s)
[Epoch 5/10] step 7650/11742 (2.1 it/s)
[Epoch 5/10] step 7700/11742 (2.1 it/s)
[Epoch 5/10] step 7750/11742 (2.1 it/s)
[Epoch 5/10] step 7800/11742 (2.1 it/s)
[Epoch 5/10] step 7850/11742 (2.1 it/s)
[Epoch 5/10] step 7900/11742 (2.1 it/s)
[Epoch 5/10] step 7950/11742 (2.1 it/s)
[Epoch 5/10] step 8000/11742 (2.1 it/s)
[Epoch 5/10] step 8050/11742 (2.1 it/s)
[Epoch 5/10] step 8100/11742 (2.1 it/s)
[Epoch 5/10] step 8150/11742 (2.1 it/s)
[Epoch 5/10] step 8200/11742 (2.1 it/s)
[Epoch 5/10] step 8250/11742 (2.1 it/s)
[Epoch 5/10] step 8300/11742 (2.1 it/s)
[Epoch 5/10] step 8350/11742 (2.1 it/s)
[Epoch 5/10] step 8400/11742 (2.1 it/s)
[Epoch 5/10] step 8450/11742 (2.1 it/s)
[Epoch 5/10] step 8500/11742 (2.1 it/s)
[Epoch 5/10] step 8550/11742 (2.1 it/s)
[Epoch 5/10] step 8600/11742 (2.1 it/s)
[Epoch 5/10] step 8650/11742 (2.1 it/s)
[Epoch 5/10] step 8700/11742 (2.1 it/s)
[Epoch 5/10] step 8750/11742 (2.1 it/s)
[Epoch 5/10] step 8800/11742 (2.1 it/s)
[Epoch 5/10] step 8850/11742 (2.1 it/s)
[Epoch 5/10] step 8900/11742 (2.1 it/s)
[Epoch 5/10] step 8950/11742 (2.1 it/s)
[Epoch 5/10] step 9000/11742 (2.1 it/s)
[Epoch 5/10] step 9050/11742 (2.1 it/s)
[Epoch 5/10] step 9100/11742 (2.1 it/s)
[Epoch 5/10] step 9150/11742 (2.1 it/s)
[Epoch 5/10] step 9200/11742 (2.1 it/s)
[Epoch 5/10] step 9250/11742 (2.1 it/s)
[Epoch 5/10] step 9300/11742 (2.1 it/s)
[Epoch 5/10] step 9350/11742 (2.1 it/s)
[Epoch 5/10] step 9400/11742 (2.1 it/s)
[Epoch 5/10] step 9450/11742 (2.1 it/s)
[Epoch 5/10] step 9500/11742 (2.1 it/s)
[Epoch 5/10] step 9550/11742 (2.1 it/s)
[Epoch 5/10] step 9600/11742 (2.1 it/s)
[Epoch 5/10] step 9650/11742 (2.1 it/s)
[Epoch 5/10] step 9700/11742 (2.1 it/s)
[Epoch 5/10] step 9750/11742 (2.1 it/s)
[Epoch 5/10] step 9800/11742 (2.1 it/s)
[Epoch 5/10] step 9850/11742 (2.1 it/s)
[Epoch 5/10] step 9900/11742 (2.1 it/s)
[Epoch 5/10] step 9950/11742 (2.1 it/s)
[Epoch 5/10] step 10000/11742 (2.1 it/s)
[Epoch 5/10] step 10050/11742 (2.1 it/s)
[Epoch 5/10] step 10100/11742 (2.1 it/s)
[Epoch 5/10] step 10150/11742 (2.1 it/s)
[Epoch 5/10] step 10200/11742 (2.1 it/s)
[Epoch 5/10] step 10250/11742 (2.1 it/s)
[Epoch 5/10] step 10300/11742 (2.1 it/s)
[Epoch 5/10] step 10350/11742 (2.1 it/s)
[Epoch 5/10] step 10400/11742 (2.1 it/s)
[Epoch 5/10] step 10450/11742 (2.1 it/s)
[Epoch 5/10] step 10500/11742 (2.1 it/s)
[Epoch 5/10] step 10550/11742 (2.1 it/s)
[Epoch 5/10] step 10600/11742 (2.1 it/s)
[Epoch 5/10] step 10650/11742 (2.1 it/s)
[Epoch 5/10] step 10700/11742 (2.1 it/s)
[Epoch 5/10] step 10750/11742 (2.1 it/s)
[Epoch 5/10] step 10800/11742 (2.1 it/s)
[Epoch 5/10] step 10850/11742 (2.1 it/s)
[Epoch 5/10] step 10900/11742 (2.1 it/s)
[Epoch 5/10] step 10950/11742 (2.1 it/s)
[Epoch 5/10] step 11000/11742 (2.1 it/s)
[Epoch 5/10] step 11050/11742 (2.1 it/s)
[Epoch 5/10] step 11100/11742 (2.1 it/s)
[Epoch 5/10] step 11150/11742 (2.1 it/s)
[Epoch 5/10] step 11200/11742 (2.1 it/s)
[Epoch 5/10] step 11250/11742 (2.1 it/s)
[Epoch 5/10] step 11300/11742 (2.1 it/s)
[Epoch 5/10] step 11350/11742 (2.1 it/s)
[Epoch 5/10] step 11400/11742 (2.1 it/s)
[Epoch 5/10] step 11450/11742 (2.1 it/s)
[Epoch 5/10] step 11500/11742 (2.1 it/s)
[Epoch 5/10] step 11550/11742 (2.1 it/s)
[Epoch 5/10] step 11600/11742 (2.1 it/s)
[Epoch 5/10] step 11650/11742 (2.1 it/s)
[Epoch 5/10] step 11700/11742 (2.1 it/s)
04:42:47 | INFO  | trainer_inf~| \n+-----------------------------+------------------------+
|            Metric           |         Value          |
+-----------------------------+------------------------+
|        [0;34;40mfit/cons_loss[0m        |  [0;32;40m0.025092443451285362[0m  |
|         [0;34;40mfit/kl_loss[0m         |   [0;32;40m5.3824543952941895[0m   |
|           [0;34;40mfit/loss[0m          |   [0;32;40m0.7875752449035645[0m   |
|        [0;34;40mfit/pred1_loss[0m       |   [0;32;40m0.0299398060888052[0m   |
|       [0;34;40mfit/sigreg1_loss[0m      |          [0;32;40m1.0[0m           |
|        [0;34;40mfit/skill_loss[0m       |   [0;32;40m0.5888746976852417[0m   |
|           [0;34;40mfit/w_kl[0m          |  [0;32;40m0.009999999776482582[0m  |
|     [0;34;40mhardware/cpu_percent[0m    |   [0;32;40m36.599998474121094[0m   |
|   [0;34;40mhardware/disk_read_mb_s[0m   |   [0;32;40m154.8718719482422[0m    |
|   [0;34;40mhardware/disk_write_mb_s[0m  |          [0;32;40m0.0[0m           |
|    [0;34;40mhardware/net_recv_mb_s[0m   |          [0;32;40m0.0[0m           |
|    [0;34;40mhardware/net_sent_mb_s[0m   |          [0;32;40m0.0[0m           |
|     [0;34;40mhardware/ram_used_gb[0m    |   [0;32;40m56.231597900390625[0m   |
|    [0;34;40mhardware/ram_used_pct[0m    |          [0;32;40m47.0[0m          |
|     [0;34;40mhparams/lr_model_opt[0m    | [0;32;40m0.00010546162957325578[0m |
|      [0;34;40mvalidate/cons_loss[0m     |  [0;32;40m0.021011637523770332[0m  |
|   [0;34;40mvalidate/cons_loss_epoch[0m  |  [0;32;40m0.021011637523770332[0m  |
|       [0;34;40mvalidate/kl_loss[0m      |   [0;32;40m5.823215961456299[0m    |
|    [0;34;40mvalidate/kl_loss_epoch[0m   |   [0;32;40m5.823215961456299[0m    |
|        [0;34;40mvalidate/loss[0m        |   [0;32;40m0.7270395159721375[0m   |
|     [0;34;40mvalidate/loss_epoch[0m     |   [0;32;40m0.7270395159721375[0m   |
|     [0;34;40mvalidate/pred1_loss[0m     |  [0;32;40m0.02008565329015255[0m   |
|  [0;34;40mvalidate/pred1_loss_epoch[0m  |  [0;32;40m0.02008565329015255[0m   |
|    [0;34;40mvalidate/sigreg1_loss[0m    |   [0;32;40m1.3726454973220825[0m   |
| [0;34;40mvalidate/sigreg1_loss_epoch[0m |   [0;32;40m1.3726454973220825[0m   |
|     [0;34;40mvalidate/skill_loss[0m     |   [0;32;40m0.5041852593421936[0m   |
|  [0;34;40mvalidate/skill_loss_epoch[0m  |   [0;32;40m0.5041852593421936[0m   |
|        [0;34;40mvalidate/w_kl[0m        |  [0;32;40m0.010000155307352543[0m  |
|     [0;34;40mvalidate/w_kl_epoch[0m     |  [0;32;40m0.010000155307352543[0m  |
+-----------------------------+------------------------+
04:42:47 | INFO  | utils.py    | 📦📦📦 Model saved to /home/mattin/.stable_worldmodel/checkpoints/lehwm/weights_epoch_6.pt 📦📦📦
[Epoch 5/10] done in 6286.4s
04:42:47 | INFO  | checkpoint_~|   Checking for non PyTorch modules to save
04:42:47 | INFO  | atomic_chec~| [atomic_save] → /home/mattin/.cache/stable-pretraining/runs/20260928/181015/359e86ba207f/checkpoints/epoch=5-step=70452.ckpt
04:42:48 | INFO  | atomic_chec~| [atomic_save] ✓ epoch=5-step=70452.ckpt saved (138.5 MiB, serialise=0.11s write=0.30s rename=0.0ms)
04:42:48 | INFO  | checkpoint_~|   Checking for non PyTorch modules to save
04:42:48 | INFO  | atomic_chec~| [atomic_save] → /home/mattin/.cache/stable-pretraining/runs/20260928/181015/359e86ba207f/checkpoints/last.ckpt
04:42:49 | INFO  | atomic_chec~| [atomic_save] ✓ last.ckpt saved (138.5 MiB, serialise=0.11s write=0.65s rename=0.1ms)
[Epoch 6/10] step 50/11742 (2.0 it/s)
[Epoch 6/10] step 100/11742 (2.0 it/s)
[Epoch 6/10] step 150/11742 (2.0 it/s)
[Epoch 6/10] step 200/11742 (2.0 it/s)
[Epoch 6/10] step 250/11742 (2.0 it/s)
[Epoch 6/10] step 300/11742 (2.0 it/s)
[Epoch 6/10] step 350/11742 (2.0 it/s)
[Epoch 6/10] step 400/11742 (2.0 it/s)
[Epoch 6/10] step 450/11742 (2.0 it/s)
[Epoch 6/10] step 500/11742 (2.0 it/s)
[Epoch 6/10] step 550/11742 (2.0 it/s)
[Epoch 6/10] step 600/11742 (2.0 it/s)
[Epoch 6/10] step 650/11742 (2.0 it/s)
[Epoch 6/10] step 700/11742 (2.0 it/s)
[Epoch 6/10] step 750/11742 (2.0 it/s)
[Epoch 6/10] step 800/11742 (2.0 it/s)
[Epoch 6/10] step 850/11742 (2.0 it/s)
[Epoch 6/10] step 900/11742 (2.1 it/s)
[Epoch 6/10] step 950/11742 (2.1 it/s)
[Epoch 6/10] step 1000/11742 (2.1 it/s)
[Epoch 6/10] step 1050/11742 (2.1 it/s)
[Epoch 6/10] step 1100/11742 (2.1 it/s)
[Epoch 6/10] step 1150/11742 (2.1 it/s)
[Epoch 6/10] step 1200/11742 (2.1 it/s)
[Epoch 6/10] step 1250/11742 (2.1 it/s)
[Epoch 6/10] step 1300/11742 (2.1 it/s)
[Epoch 6/10] step 1350/11742 (2.1 it/s)
[Epoch 6/10] step 1400/11742 (2.1 it/s)
[Epoch 6/10] step 1450/11742 (2.1 it/s)
[Epoch 6/10] step 1500/11742 (2.1 it/s)
[Epoch 6/10] step 1550/11742 (2.1 it/s)
[Epoch 6/10] step 1600/11742 (2.1 it/s)
[Epoch 6/10] step 1650/11742 (2.1 it/s)
[Epoch 6/10] step 1700/11742 (2.1 it/s)
[Epoch 6/10] step 1750/11742 (2.1 it/s)
[Epoch 6/10] step 1800/11742 (2.1 it/s)
[Epoch 6/10] step 1850/11742 (2.1 it/s)
[Epoch 6/10] step 1900/11742 (2.1 it/s)
[Epoch 6/10] step 1950/11742 (2.1 it/s)
[Epoch 6/10] step 2000/11742 (2.1 it/s)
[Epoch 6/10] step 2050/11742 (2.1 it/s)
[Epoch 6/10] step 2100/11742 (2.1 it/s)
[Epoch 6/10] step 2150/11742 (2.1 it/s)
[Epoch 6/10] step 2200/11742 (2.1 it/s)
[Epoch 6/10] step 2250/11742 (2.1 it/s)
[Epoch 6/10] step 2300/11742 (2.1 it/s)
[Epoch 6/10] step 2350/11742 (2.1 it/s)
[Epoch 6/10] step 2400/11742 (2.1 it/s)
[Epoch 6/10] step 2450/11742 (2.1 it/s)
[Epoch 6/10] step 2500/11742 (2.1 it/s)
[Epoch 6/10] step 2550/11742 (2.1 it/s)
[Epoch 6/10] step 2600/11742 (2.1 it/s)
[Epoch 6/10] step 2650/11742 (2.1 it/s)
[Epoch 6/10] step 2700/11742 (2.1 it/s)
[Epoch 6/10] step 2750/11742 (2.1 it/s)
[Epoch 6/10] step 2800/11742 (2.1 it/s)
[Epoch 6/10] step 2850/11742 (2.1 it/s)
[Epoch 6/10] step 2900/11742 (2.1 it/s)
[Epoch 6/10] step 2950/11742 (2.1 it/s)
[Epoch 6/10] step 3000/11742 (2.1 it/s)
[Epoch 6/10] step 3050/11742 (2.1 it/s)
[Epoch 6/10] step 3100/11742 (2.1 it/s)
[Epoch 6/10] step 3150/11742 (2.1 it/s)
[Epoch 6/10] step 3200/11742 (2.1 it/s)
[Epoch 6/10] step 3250/11742 (2.1 it/s)
[Epoch 6/10] step 3300/11742 (2.1 it/s)
[Epoch 6/10] step 3350/11742 (2.1 it/s)
[Epoch 6/10] step 3400/11742 (2.1 it/s)
[Epoch 6/10] step 3450/11742 (2.1 it/s)
[Epoch 6/10] step 3500/11742 (2.1 it/s)
[Epoch 6/10] step 3550/11742 (2.1 it/s)
[Epoch 6/10] step 3600/11742 (2.1 it/s)
[Epoch 6/10] step 3650/11742 (2.1 it/s)
[Epoch 6/10] step 3700/11742 (2.1 it/s)
[Epoch 6/10] step 3750/11742 (2.1 it/s)
[Epoch 6/10] step 3800/11742 (2.1 it/s)
[Epoch 6/10] step 3850/11742 (2.1 it/s)
[Epoch 6/10] step 3900/11742 (2.1 it/s)
[Epoch 6/10] step 3950/11742 (2.1 it/s)
[Epoch 6/10] step 4000/11742 (2.1 it/s)
[Epoch 6/10] step 4050/11742 (2.1 it/s)
[Epoch 6/10] step 4100/11742 (2.1 it/s)
[Epoch 6/10] step 4150/11742 (2.1 it/s)
[Epoch 6/10] step 4200/11742 (2.1 it/s)
[Epoch 6/10] step 4250/11742 (2.1 it/s)
[Epoch 6/10] step 4300/11742 (2.1 it/s)
[Epoch 6/10] step 4350/11742 (2.1 it/s)
[Epoch 6/10] step 4400/11742 (2.1 it/s)
[Epoch 6/10] step 4450/11742 (2.1 it/s)
[Epoch 6/10] step 4500/11742 (2.1 it/s)
[Epoch 6/10] step 4550/11742 (2.1 it/s)
[Epoch 6/10] step 4600/11742 (2.1 it/s)
[Epoch 6/10] step 4650/11742 (2.1 it/s)
[Epoch 6/10] step 4700/11742 (2.1 it/s)
[Epoch 6/10] step 4750/11742 (2.1 it/s)
[Epoch 6/10] step 4800/11742 (2.1 it/s)
[Epoch 6/10] step 4850/11742 (2.1 it/s)
[Epoch 6/10] step 4900/11742 (2.1 it/s)
[Epoch 6/10] step 4950/11742 (2.1 it/s)
[Epoch 6/10] step 5000/11742 (2.1 it/s)
[Epoch 6/10] step 5050/11742 (2.1 it/s)
[Epoch 6/10] step 5100/11742 (2.1 it/s)
[Epoch 6/10] step 5150/11742 (2.1 it/s)
[Epoch 6/10] step 5200/11742 (2.1 it/s)
[Epoch 6/10] step 5250/11742 (2.1 it/s)
[Epoch 6/10] step 5300/11742 (2.1 it/s)
[Epoch 6/10] step 5350/11742 (2.1 it/s)
[Epoch 6/10] step 5400/11742 (2.1 it/s)
[Epoch 6/10] step 5450/11742 (2.1 it/s)
[Epoch 6/10] step 5500/11742 (2.1 it/s)
[Epoch 6/10] step 5550/11742 (2.1 it/s)
[Epoch 6/10] step 5600/11742 (2.1 it/s)
[Epoch 6/10] step 5650/11742 (2.1 it/s)
[Epoch 6/10] step 5700/11742 (2.1 it/s)
[Epoch 6/10] step 5750/11742 (2.1 it/s)
[Epoch 6/10] step 5800/11742 (2.1 it/s)
[Epoch 6/10] step 5850/11742 (2.1 it/s)
[Epoch 6/10] step 5900/11742 (2.1 it/s)
[Epoch 6/10] step 5950/11742 (2.1 it/s)
[Epoch 6/10] step 6000/11742 (2.1 it/s)
[Epoch 6/10] step 6050/11742 (2.1 it/s)
[Epoch 6/10] step 6100/11742 (2.1 it/s)
[Epoch 6/10] step 6150/11742 (2.1 it/s)
[Epoch 6/10] step 6200/11742 (2.1 it/s)
[Epoch 6/10] step 6250/11742 (2.1 it/s)
[Epoch 6/10] step 6300/11742 (2.1 it/s)
[Epoch 6/10] step 6350/11742 (2.1 it/s)
[Epoch 6/10] step 6400/11742 (2.1 it/s)
[Epoch 6/10] step 6450/11742 (2.1 it/s)
[Epoch 6/10] step 6500/11742 (2.1 it/s)
[Epoch 6/10] step 6550/11742 (2.1 it/s)
[Epoch 6/10] step 6600/11742 (2.1 it/s)
[Epoch 6/10] step 6650/11742 (2.1 it/s)
[Epoch 6/10] step 6700/11742 (2.1 it/s)
[Epoch 6/10] step 6750/11742 (2.1 it/s)
[Epoch 6/10] step 6800/11742 (2.1 it/s)
[Epoch 6/10] step 6850/11742 (2.1 it/s)
[Epoch 6/10] step 6900/11742 (2.1 it/s)
[Epoch 6/10] step 6950/11742 (2.1 it/s)
[Epoch 6/10] step 7000/11742 (2.1 it/s)
[Epoch 6/10] step 7050/11742 (2.1 it/s)
[Epoch 6/10] step 7100/11742 (2.1 it/s)
[Epoch 6/10] step 7150/11742 (2.1 it/s)
[Epoch 6/10] step 7200/11742 (2.1 it/s)
[Epoch 6/10] step 7250/11742 (2.1 it/s)
[Epoch 6/10] step 7300/11742 (2.1 it/s)
[Epoch 6/10] step 7350/11742 (2.1 it/s)
[Epoch 6/10] step 7400/11742 (2.1 it/s)
[Epoch 6/10] step 7450/11742 (2.1 it/s)
[Epoch 6/10] step 7500/11742 (2.1 it/s)
[Epoch 6/10] step 7550/11742 (2.1 it/s)
[Epoch 6/10] step 7600/11742 (2.1 it/s)
[Epoch 6/10] step 7650/11742 (2.1 it/s)
[Epoch 6/10] step 7700/11742 (2.1 it/s)
[Epoch 6/10] step 7750/11742 (2.1 it/s)
[Epoch 6/10] step 7800/11742 (2.1 it/s)
[Epoch 6/10] step 7850/11742 (2.1 it/s)
[Epoch 6/10] step 7900/11742 (2.1 it/s)
[Epoch 6/10] step 7950/11742 (2.1 it/s)
[Epoch 6/10] step 8000/11742 (2.1 it/s)
[Epoch 6/10] step 8050/11742 (2.1 it/s)
[Epoch 6/10] step 8100/11742 (2.1 it/s)
[Epoch 6/10] step 8150/11742 (2.1 it/s)
[Epoch 6/10] step 8200/11742 (2.1 it/s)
[Epoch 6/10] step 8250/11742 (2.1 it/s)
[Epoch 6/10] step 8300/11742 (2.1 it/s)
[Epoch 6/10] step 8350/11742 (2.1 it/s)
[Epoch 6/10] step 8400/11742 (2.1 it/s)
[Epoch 6/10] step 8450/11742 (2.1 it/s)
[Epoch 6/10] step 8500/11742 (2.1 it/s)
[Epoch 6/10] step 8550/11742 (2.1 it/s)
[Epoch 6/10] step 8600/11742 (2.1 it/s)
[Epoch 6/10] step 8650/11742 (2.1 it/s)
[Epoch 6/10] step 8700/11742 (2.1 it/s)
[Epoch 6/10] step 8750/11742 (2.1 it/s)
[Epoch 6/10] step 8800/11742 (2.1 it/s)
[Epoch 6/10] step 8850/11742 (2.1 it/s)
[Epoch 6/10] step 8900/11742 (2.1 it/s)
[Epoch 6/10] step 8950/11742 (2.1 it/s)
[Epoch 6/10] step 9000/11742 (2.1 it/s)
[Epoch 6/10] step 9050/11742 (2.1 it/s)
[Epoch 6/10] step 9100/11742 (2.1 it/s)
[Epoch 6/10] step 9150/11742 (2.1 it/s)
[Epoch 6/10] step 9200/11742 (2.1 it/s)
[Epoch 6/10] step 9250/11742 (2.1 it/s)
[Epoch 6/10] step 9300/11742 (2.1 it/s)
[Epoch 6/10] step 9350/11742 (2.1 it/s)
[Epoch 6/10] step 9400/11742 (2.1 it/s)
[Epoch 6/10] step 9450/11742 (2.1 it/s)
[Epoch 6/10] step 9500/11742 (2.1 it/s)
[Epoch 6/10] step 9550/11742 (2.1 it/s)
[Epoch 6/10] step 9600/11742 (2.1 it/s)
[Epoch 6/10] step 9650/11742 (2.1 it/s)
[Epoch 6/10] step 9700/11742 (2.1 it/s)
[Epoch 6/10] step 9750/11742 (2.1 it/s)
[Epoch 6/10] step 9800/11742 (2.1 it/s)
[Epoch 6/10] step 9850/11742 (2.1 it/s)
[Epoch 6/10] step 9900/11742 (2.1 it/s)
[Epoch 6/10] step 9950/11742 (2.1 it/s)
[Epoch 6/10] step 10000/11742 (2.1 it/s)
[Epoch 6/10] step 10050/11742 (2.1 it/s)
[Epoch 6/10] step 10100/11742 (2.1 it/s)
[Epoch 6/10] step 10150/11742 (2.1 it/s)
[Epoch 6/10] step 10200/11742 (2.1 it/s)
[Epoch 6/10] step 10250/11742 (2.1 it/s)
[Epoch 6/10] step 10300/11742 (2.1 it/s)
[Epoch 6/10] step 10350/11742 (2.1 it/s)
[Epoch 6/10] step 10400/11742 (2.1 it/s)
[Epoch 6/10] step 10450/11742 (2.1 it/s)
[Epoch 6/10] step 10500/11742 (2.1 it/s)
[Epoch 6/10] step 10550/11742 (2.1 it/s)
[Epoch 6/10] step 10600/11742 (2.1 it/s)
[Epoch 6/10] step 10650/11742 (2.1 it/s)
[Epoch 6/10] step 10700/11742 (2.1 it/s)
[Epoch 6/10] step 10750/11742 (2.1 it/s)
[Epoch 6/10] step 10800/11742 (2.1 it/s)
[Epoch 6/10] step 10850/11742 (2.1 it/s)
[Epoch 6/10] step 10900/11742 (2.1 it/s)
[Epoch 6/10] step 10950/11742 (2.1 it/s)
[Epoch 6/10] step 11000/11742 (2.1 it/s)
[Epoch 6/10] step 11050/11742 (2.1 it/s)
[Epoch 6/10] step 11100/11742 (2.1 it/s)
[Epoch 6/10] step 11150/11742 (2.1 it/s)
[Epoch 6/10] step 11200/11742 (2.1 it/s)
[Epoch 6/10] step 11250/11742 (2.1 it/s)
[Epoch 6/10] step 11300/11742 (2.1 it/s)
[Epoch 6/10] step 11350/11742 (2.1 it/s)
[Epoch 6/10] step 11400/11742 (2.1 it/s)
[Epoch 6/10] step 11450/11742 (2.1 it/s)
[Epoch 6/10] step 11500/11742 (2.1 it/s)
[Epoch 6/10] step 11550/11742 (2.1 it/s)
[Epoch 6/10] step 11600/11742 (2.1 it/s)
[Epoch 6/10] step 11650/11742 (2.1 it/s)
[Epoch 6/10] step 11700/11742 (2.1 it/s)
06:28:01 | INFO  | trainer_inf~| \n+-----------------------------+------------------------+
|            Metric           |         Value          |
+-----------------------------+------------------------+
|        [0;34;40mfit/cons_loss[0m        |  [0;32;40m0.025453981012105942[0m  |
|         [0;34;40mfit/kl_loss[0m         |   [0;32;40m5.863609313964844[0m    |
|           [0;34;40mfit/loss[0m          |   [0;32;40m0.7490490674972534[0m   |
|        [0;34;40mfit/pred1_loss[0m       |  [0;32;40m0.026679305359721184[0m  |
|       [0;34;40mfit/sigreg1_loss[0m      |       [0;32;40m0.9765625[0m        |
|        [0;34;40mfit/skill_loss[0m       |   [0;32;40m0.5503890514373779[0m   |
|           [0;34;40mfit/w_kl[0m          |  [0;32;40m0.009999999776482582[0m  |
|     [0;34;40mhardware/cpu_percent[0m    |   [0;32;40m24.100000381469727[0m   |
|   [0;34;40mhardware/disk_read_mb_s[0m   |   [0;32;40m64.13542175292969[0m    |
|   [0;34;40mhardware/disk_write_mb_s[0m  |   [0;32;40m0.2679160237312317[0m   |
|    [0;34;40mhardware/net_recv_mb_s[0m   | [0;32;40m0.00029176691896282136[0m |
|    [0;34;40mhardware/net_sent_mb_s[0m   | [0;32;40m0.00012099745799787343[0m |
|     [0;34;40mhardware/ram_used_gb[0m    |   [0;32;40m55.73995590209961[0m    |
|    [0;34;40mhardware/ram_used_pct[0m    |   [0;32;40m46.599998474121094[0m   |
|     [0;34;40mhparams/lr_model_opt[0m    | [0;32;40m6.299126107478514e-05[0m  |
|      [0;34;40mvalidate/cons_loss[0m     |  [0;32;40m0.019977593794465065[0m  |
|   [0;34;40mvalidate/cons_loss_epoch[0m  |  [0;32;40m0.019977593794465065[0m  |
|       [0;34;40mvalidate/kl_loss[0m      |   [0;32;40m5.777827262878418[0m    |
|    [0;34;40mvalidate/kl_loss_epoch[0m   |   [0;32;40m5.777827262878418[0m    |
|        [0;34;40mvalidate/loss[0m        |   [0;32;40m0.7177543640136719[0m   |
|     [0;34;40mvalidate/loss_epoch[0m     |   [0;32;40m0.7177543640136719[0m   |
|     [0;34;40mvalidate/pred1_loss[0m     |  [0;32;40m0.01869145967066288[0m   |
|  [0;34;40mvalidate/pred1_loss_epoch[0m  |  [0;32;40m0.01869145967066288[0m   |
|    [0;34;40mvalidate/sigreg1_loss[0m    |   [0;32;40m1.3559577465057373[0m   |
| [0;34;40mvalidate/sigreg1_loss_epoch[0m |   [0;32;40m1.3559577465057373[0m   |
|     [0;34;40mvalidate/skill_loss[0m     |   [0;32;40m0.4992736279964447[0m   |
|  [0;34;40mvalidate/skill_loss_epoch[0m  |   [0;32;40m0.4992736279964447[0m   |
|        [0;34;40mvalidate/w_kl[0m        |  [0;32;40m0.010000155307352543[0m  |
|     [0;34;40mvalidate/w_kl_epoch[0m     |  [0;32;40m0.010000155307352543[0m  |
+-----------------------------+------------------------+
06:28:01 | INFO  | utils.py    | 📦📦📦 Model saved to /home/mattin/.stable_worldmodel/checkpoints/lehwm/weights_epoch_7.pt 📦📦📦
[Epoch 6/10] done in 6312.1s
06:28:01 | INFO  | checkpoint_~|   Checking for non PyTorch modules to save
06:28:01 | INFO  | atomic_chec~| [atomic_save] → /home/mattin/.cache/stable-pretraining/runs/20260928/181015/359e86ba207f/checkpoints/epoch=6-step=82194.ckpt
06:28:01 | INFO  | atomic_chec~| [atomic_save] ✓ epoch=6-step=82194.ckpt saved (138.5 MiB, serialise=0.10s write=0.39s rename=0.0ms)
06:28:01 | INFO  | checkpoint_~|   Checking for non PyTorch modules to save
06:28:01 | INFO  | atomic_chec~| [atomic_save] → /home/mattin/.cache/stable-pretraining/runs/20260928/181015/359e86ba207f/checkpoints/last.ckpt
06:28:02 | INFO  | atomic_chec~| [atomic_save] ✓ last.ckpt saved (138.5 MiB, serialise=0.11s write=0.50s rename=0.1ms)
[Epoch 7/10] step 50/11742 (1.9 it/s)
[Epoch 7/10] step 100/11742 (2.0 it/s)
[Epoch 7/10] step 150/11742 (2.0 it/s)
[Epoch 7/10] step 200/11742 (2.0 it/s)
[Epoch 7/10] step 250/11742 (2.0 it/s)
[Epoch 7/10] step 300/11742 (2.0 it/s)
[Epoch 7/10] step 350/11742 (2.1 it/s)
[Epoch 7/10] step 400/11742 (2.0 it/s)
[Epoch 7/10] step 450/11742 (2.1 it/s)
[Epoch 7/10] step 500/11742 (2.1 it/s)
[Epoch 7/10] step 550/11742 (2.0 it/s)
[Epoch 7/10] step 600/11742 (2.0 it/s)
[Epoch 7/10] step 650/11742 (2.1 it/s)
[Epoch 7/10] step 700/11742 (2.0 it/s)
[Epoch 7/10] step 750/11742 (2.1 it/s)
[Epoch 7/10] step 800/11742 (2.1 it/s)
[Epoch 7/10] step 850/11742 (2.1 it/s)
[Epoch 7/10] step 900/11742 (2.1 it/s)
[Epoch 7/10] step 950/11742 (2.1 it/s)
[Epoch 7/10] step 1000/11742 (2.1 it/s)
[Epoch 7/10] step 1050/11742 (2.1 it/s)
[Epoch 7/10] step 1100/11742 (2.1 it/s)
[Epoch 7/10] step 1150/11742 (2.1 it/s)
[Epoch 7/10] step 1200/11742 (2.1 it/s)
[Epoch 7/10] step 1250/11742 (2.1 it/s)
[Epoch 7/10] step 1300/11742 (2.1 it/s)
[Epoch 7/10] step 1350/11742 (2.1 it/s)
[Epoch 7/10] step 1400/11742 (2.1 it/s)
[Epoch 7/10] step 1450/11742 (2.1 it/s)
[Epoch 7/10] step 1500/11742 (2.1 it/s)
[Epoch 7/10] step 1550/11742 (2.1 it/s)
[Epoch 7/10] step 1600/11742 (2.1 it/s)
[Epoch 7/10] step 1650/11742 (2.1 it/s)
[Epoch 7/10] step 1700/11742 (2.1 it/s)
[Epoch 7/10] step 1750/11742 (2.1 it/s)
[Epoch 7/10] step 1800/11742 (2.1 it/s)
[Epoch 7/10] step 1850/11742 (2.1 it/s)
[Epoch 7/10] step 1900/11742 (2.1 it/s)
[Epoch 7/10] step 1950/11742 (2.1 it/s)
[Epoch 7/10] step 2000/11742 (2.1 it/s)
[Epoch 7/10] step 2050/11742 (2.1 it/s)
[Epoch 7/10] step 2100/11742 (2.1 it/s)
[Epoch 7/10] step 2150/11742 (2.1 it/s)
[Epoch 7/10] step 2200/11742 (2.1 it/s)
[Epoch 7/10] step 2250/11742 (2.1 it/s)
[Epoch 7/10] step 2300/11742 (2.1 it/s)
[Epoch 7/10] step 2350/11742 (2.1 it/s)
[Epoch 7/10] step 2400/11742 (2.1 it/s)
[Epoch 7/10] step 2450/11742 (2.1 it/s)
[Epoch 7/10] step 2500/11742 (2.1 it/s)
[Epoch 7/10] step 2550/11742 (2.1 it/s)
[Epoch 7/10] step 2600/11742 (2.1 it/s)
[Epoch 7/10] step 2650/11742 (2.1 it/s)
[Epoch 7/10] step 2700/11742 (2.1 it/s)
[Epoch 7/10] step 2750/11742 (2.1 it/s)
[Epoch 7/10] step 2800/11742 (2.1 it/s)
[Epoch 7/10] step 2850/11742 (2.1 it/s)
[Epoch 7/10] step 2900/11742 (2.1 it/s)
[Epoch 7/10] step 2950/11742 (2.1 it/s)
[Epoch 7/10] step 3000/11742 (2.1 it/s)
[Epoch 7/10] step 3050/11742 (2.1 it/s)
[Epoch 7/10] step 3100/11742 (2.1 it/s)
[Epoch 7/10] step 3150/11742 (2.1 it/s)
[Epoch 7/10] step 3200/11742 (2.1 it/s)
[Epoch 7/10] step 3250/11742 (2.1 it/s)
[Epoch 7/10] step 3300/11742 (2.1 it/s)
[Epoch 7/10] step 3350/11742 (2.1 it/s)
[Epoch 7/10] step 3400/11742 (2.1 it/s)
[Epoch 7/10] step 3450/11742 (2.1 it/s)
[Epoch 7/10] step 3500/11742 (2.1 it/s)
[Epoch 7/10] step 3550/11742 (2.1 it/s)
[Epoch 7/10] step 3600/11742 (2.1 it/s)
[Epoch 7/10] step 3650/11742 (2.1 it/s)
[Epoch 7/10] step 3700/11742 (2.1 it/s)
[Epoch 7/10] step 3750/11742 (2.1 it/s)
[Epoch 7/10] step 3800/11742 (2.1 it/s)
[Epoch 7/10] step 3850/11742 (2.1 it/s)
[Epoch 7/10] step 3900/11742 (2.1 it/s)
[Epoch 7/10] step 3950/11742 (2.1 it/s)
[Epoch 7/10] step 4000/11742 (2.1 it/s)
[Epoch 7/10] step 4050/11742 (2.1 it/s)
[Epoch 7/10] step 4100/11742 (2.1 it/s)
[Epoch 7/10] step 4150/11742 (2.1 it/s)
[Epoch 7/10] step 4200/11742 (2.1 it/s)
[Epoch 7/10] step 4250/11742 (2.1 it/s)
[Epoch 7/10] step 4300/11742 (2.1 it/s)
[Epoch 7/10] step 4350/11742 (2.1 it/s)
[Epoch 7/10] step 4400/11742 (2.1 it/s)
[Epoch 7/10] step 4450/11742 (2.1 it/s)
[Epoch 7/10] step 4500/11742 (2.1 it/s)
[Epoch 7/10] step 4550/11742 (2.1 it/s)
[Epoch 7/10] step 4600/11742 (2.1 it/s)
[Epoch 7/10] step 4650/11742 (2.1 it/s)
[Epoch 7/10] step 4700/11742 (2.1 it/s)
[Epoch 7/10] step 4750/11742 (2.1 it/s)
[Epoch 7/10] step 4800/11742 (2.1 it/s)
[Epoch 7/10] step 4850/11742 (2.1 it/s)
[Epoch 7/10] step 4900/11742 (2.1 it/s)
[Epoch 7/10] step 4950/11742 (2.1 it/s)
[Epoch 7/10] step 5000/11742 (2.1 it/s)
[Epoch 7/10] step 5050/11742 (2.1 it/s)
[Epoch 7/10] step 5100/11742 (2.1 it/s)
[Epoch 7/10] step 5150/11742 (2.1 it/s)
[Epoch 7/10] step 5200/11742 (2.1 it/s)
[Epoch 7/10] step 5250/11742 (2.1 it/s)
[Epoch 7/10] step 5300/11742 (2.1 it/s)
[Epoch 7/10] step 5350/11742 (2.1 it/s)
[Epoch 7/10] step 5400/11742 (2.1 it/s)
[Epoch 7/10] step 5450/11742 (2.1 it/s)
[Epoch 7/10] step 5500/11742 (2.1 it/s)
[Epoch 7/10] step 5550/11742 (2.1 it/s)
[Epoch 7/10] step 5600/11742 (2.1 it/s)
[Epoch 7/10] step 5650/11742 (2.1 it/s)
[Epoch 7/10] step 5700/11742 (2.1 it/s)
[Epoch 7/10] step 5750/11742 (2.1 it/s)
[Epoch 7/10] step 5800/11742 (2.1 it/s)
[Epoch 7/10] step 5850/11742 (2.1 it/s)
[Epoch 7/10] step 5900/11742 (2.1 it/s)
[Epoch 7/10] step 5950/11742 (2.1 it/s)
[Epoch 7/10] step 6000/11742 (2.1 it/s)
[Epoch 7/10] step 6050/11742 (2.1 it/s)
[Epoch 7/10] step 6100/11742 (2.1 it/s)
[Epoch 7/10] step 6150/11742 (2.1 it/s)
[Epoch 7/10] step 6200/11742 (2.1 it/s)
[Epoch 7/10] step 6250/11742 (2.1 it/s)
[Epoch 7/10] step 6300/11742 (2.1 it/s)
[Epoch 7/10] step 6350/11742 (2.1 it/s)
[Epoch 7/10] step 6400/11742 (2.1 it/s)
[Epoch 7/10] step 6450/11742 (2.1 it/s)
[Epoch 7/10] step 6500/11742 (2.1 it/s)
[Epoch 7/10] step 6550/11742 (2.1 it/s)
[Epoch 7/10] step 6600/11742 (2.1 it/s)
[Epoch 7/10] step 6650/11742 (2.1 it/s)
[Epoch 7/10] step 6700/11742 (2.1 it/s)
[Epoch 7/10] step 6750/11742 (2.1 it/s)
[Epoch 7/10] step 6800/11742 (2.1 it/s)
[Epoch 7/10] step 6850/11742 (2.1 it/s)
[Epoch 7/10] step 6900/11742 (2.1 it/s)
[Epoch 7/10] step 6950/11742 (2.1 it/s)
[Epoch 7/10] step 7000/11742 (2.1 it/s)
[Epoch 7/10] step 7050/11742 (2.1 it/s)
[Epoch 7/10] step 7100/11742 (2.1 it/s)
[Epoch 7/10] step 7150/11742 (2.1 it/s)
[Epoch 7/10] step 7200/11742 (2.1 it/s)
[Epoch 7/10] step 7250/11742 (2.1 it/s)
[Epoch 7/10] step 7300/11742 (2.1 it/s)
[Epoch 7/10] step 7350/11742 (2.1 it/s)
[Epoch 7/10] step 7400/11742 (2.1 it/s)
[Epoch 7/10] step 7450/11742 (2.1 it/s)
[Epoch 7/10] step 7500/11742 (2.1 it/s)
[Epoch 7/10] step 7550/11742 (2.1 it/s)
[Epoch 7/10] step 7600/11742 (2.1 it/s)
[Epoch 7/10] step 7650/11742 (2.1 it/s)
[Epoch 7/10] step 7700/11742 (2.1 it/s)
[Epoch 7/10] step 7750/11742 (2.1 it/s)
[Epoch 7/10] step 7800/11742 (2.1 it/s)
[Epoch 7/10] step 7850/11742 (2.1 it/s)
[Epoch 7/10] step 7900/11742 (2.1 it/s)
[Epoch 7/10] step 7950/11742 (2.1 it/s)
[Epoch 7/10] step 8000/11742 (2.1 it/s)
[Epoch 7/10] step 8050/11742 (2.1 it/s)
[Epoch 7/10] step 8100/11742 (2.1 it/s)
[Epoch 7/10] step 8150/11742 (2.1 it/s)
[Epoch 7/10] step 8200/11742 (2.1 it/s)
[Epoch 7/10] step 8250/11742 (2.1 it/s)
[Epoch 7/10] step 8300/11742 (2.1 it/s)
[Epoch 7/10] step 8350/11742 (2.1 it/s)
[Epoch 7/10] step 8400/11742 (2.1 it/s)
[Epoch 7/10] step 8450/11742 (2.1 it/s)
[Epoch 7/10] step 8500/11742 (2.1 it/s)
[Epoch 7/10] step 8550/11742 (2.1 it/s)
[Epoch 7/10] step 8600/11742 (2.1 it/s)
[Epoch 7/10] step 8650/11742 (2.1 it/s)
[Epoch 7/10] step 8700/11742 (2.1 it/s)
[Epoch 7/10] step 8750/11742 (2.1 it/s)
[Epoch 7/10] step 8800/11742 (2.1 it/s)
[Epoch 7/10] step 8850/11742 (2.1 it/s)
[Epoch 7/10] step 8900/11742 (2.1 it/s)
[Epoch 7/10] step 8950/11742 (2.1 it/s)
[Epoch 7/10] step 9000/11742 (2.1 it/s)
[Epoch 7/10] step 9050/11742 (2.1 it/s)
[Epoch 7/10] step 9100/11742 (2.1 it/s)
[Epoch 7/10] step 9150/11742 (2.1 it/s)
[Epoch 7/10] step 9200/11742 (2.1 it/s)
[Epoch 7/10] step 9250/11742 (2.1 it/s)
[Epoch 7/10] step 9300/11742 (2.1 it/s)
[Epoch 7/10] step 9350/11742 (2.1 it/s)
[Epoch 7/10] step 9400/11742 (2.1 it/s)
[Epoch 7/10] step 9450/11742 (2.1 it/s)
[Epoch 7/10] step 9500/11742 (2.1 it/s)
[Epoch 7/10] step 9550/11742 (2.1 it/s)
[Epoch 7/10] step 9600/11742 (2.1 it/s)
[Epoch 7/10] step 9650/11742 (2.1 it/s)
[Epoch 7/10] step 9700/11742 (2.1 it/s)
[Epoch 7/10] step 9750/11742 (2.1 it/s)
[Epoch 7/10] step 9800/11742 (2.1 it/s)
[Epoch 7/10] step 9850/11742 (2.1 it/s)
[Epoch 7/10] step 9900/11742 (2.1 it/s)
[Epoch 7/10] step 9950/11742 (2.1 it/s)
[Epoch 7/10] step 10000/11742 (2.1 it/s)
[Epoch 7/10] step 10050/11742 (2.1 it/s)
[Epoch 7/10] step 10100/11742 (2.1 it/s)
[Epoch 7/10] step 10150/11742 (2.1 it/s)
[Epoch 7/10] step 10200/11742 (2.1 it/s)
[Epoch 7/10] step 10250/11742 (2.1 it/s)
[Epoch 7/10] step 10300/11742 (2.1 it/s)
[Epoch 7/10] step 10350/11742 (2.1 it/s)
[Epoch 7/10] step 10400/11742 (2.1 it/s)
[Epoch 7/10] step 10450/11742 (2.1 it/s)
[Epoch 7/10] step 10500/11742 (2.1 it/s)
[Epoch 7/10] step 10550/11742 (2.1 it/s)
[Epoch 7/10] step 10600/11742 (2.1 it/s)
[Epoch 7/10] step 10650/11742 (2.1 it/s)
[Epoch 7/10] step 10700/11742 (2.1 it/s)
[Epoch 7/10] step 10750/11742 (2.1 it/s)
[Epoch 7/10] step 10800/11742 (2.1 it/s)
[Epoch 7/10] step 10850/11742 (2.1 it/s)
[Epoch 7/10] step 10900/11742 (2.1 it/s)
[Epoch 7/10] step 10950/11742 (2.1 it/s)
[Epoch 7/10] step 11000/11742 (2.1 it/s)
[Epoch 7/10] step 11050/11742 (2.1 it/s)
[Epoch 7/10] step 11100/11742 (2.1 it/s)
[Epoch 7/10] step 11150/11742 (2.1 it/s)
[Epoch 7/10] step 11200/11742 (2.1 it/s)
[Epoch 7/10] step 11250/11742 (2.1 it/s)
[Epoch 7/10] step 11300/11742 (2.1 it/s)
[Epoch 7/10] step 11350/11742 (2.1 it/s)
[Epoch 7/10] step 11400/11742 (2.1 it/s)
[Epoch 7/10] step 11450/11742 (2.1 it/s)
[Epoch 7/10] step 11500/11742 (2.1 it/s)
[Epoch 7/10] step 11550/11742 (2.1 it/s)
[Epoch 7/10] step 11600/11742 (2.1 it/s)
[Epoch 7/10] step 11650/11742 (2.1 it/s)
[Epoch 7/10] step 11700/11742 (2.1 it/s)
08:13:05 | INFO  | trainer_inf~| \n+-----------------------------+------------------------+
|            Metric           |         Value          |
+-----------------------------+------------------------+
|        [0;34;40mfit/cons_loss[0m        |  [0;32;40m0.022592395544052124[0m  |
|         [0;34;40mfit/kl_loss[0m         |   [0;32;40m6.119953155517578[0m    |
|           [0;34;40mfit/loss[0m          |   [0;32;40m0.6569401025772095[0m   |
|        [0;34;40mfit/pred1_loss[0m       |  [0;32;40m0.02493281662464142[0m   |
|       [0;34;40mfit/sigreg1_loss[0m      |       [0;32;40m0.92578125[0m       |
|        [0;34;40mfit/skill_loss[0m       |   [0;32;40m0.464719295501709[0m    |
|           [0;34;40mfit/w_kl[0m          |  [0;32;40m0.009999999776482582[0m  |
|     [0;34;40mhardware/cpu_percent[0m    |          [0;32;40m39.0[0m          |
|   [0;34;40mhardware/disk_read_mb_s[0m   |   [0;32;40m122.40461730957031[0m   |
|   [0;34;40mhardware/disk_write_mb_s[0m  |  [0;32;40m0.027588024735450745[0m  |
|    [0;34;40mhardware/net_recv_mb_s[0m   |          [0;32;40m0.0[0m           |
|    [0;34;40mhardware/net_sent_mb_s[0m   |          [0;32;40m0.0[0m           |
|     [0;34;40mhardware/ram_used_gb[0m    |   [0;32;40m57.77629089355469[0m    |
|    [0;34;40mhardware/ram_used_pct[0m    |   [0;32;40m48.29999923706055[0m    |
|     [0;34;40mhparams/lr_model_opt[0m    | [0;32;40m2.9209364583948627e-05[0m |
|      [0;34;40mvalidate/cons_loss[0m     |  [0;32;40m0.019050918519496918[0m  |
|   [0;34;40mvalidate/cons_loss_epoch[0m  |  [0;32;40m0.019050918519496918[0m  |
|       [0;34;40mvalidate/kl_loss[0m      |   [0;32;40m5.682941436767578[0m    |
|    [0;34;40mvalidate/kl_loss_epoch[0m   |   [0;32;40m5.682941436767578[0m    |
|        [0;34;40mvalidate/loss[0m        |   [0;32;40m0.7136741280555725[0m   |
|     [0;34;40mvalidate/loss_epoch[0m     |   [0;32;40m0.7136741280555725[0m   |
|     [0;34;40mvalidate/pred1_loss[0m     |  [0;32;40m0.017958978191018105[0m  |
|  [0;34;40mvalidate/pred1_loss_epoch[0m  |  [0;32;40m0.017958978191018105[0m  |
|    [0;34;40mvalidate/sigreg1_loss[0m    |   [0;32;40m1.3626025915145874[0m   |
| [0;34;40mvalidate/sigreg1_loss_epoch[0m |   [0;32;40m1.3626025915145874[0m   |
|     [0;34;40mvalidate/skill_loss[0m     |  [0;32;40m0.49719977378845215[0m   |
|  [0;34;40mvalidate/skill_loss_epoch[0m  |  [0;32;40m0.49719977378845215[0m   |
|        [0;34;40mvalidate/w_kl[0m        |  [0;32;40m0.010000155307352543[0m  |
|     [0;34;40mvalidate/w_kl_epoch[0m     |  [0;32;40m0.010000155307352543[0m  |
+-----------------------------+------------------------+
08:13:05 | INFO  | utils.py    | 📦📦📦 Model saved to /home/mattin/.stable_worldmodel/checkpoints/lehwm/weights_epoch_8.pt 📦📦📦
[Epoch 7/10] done in 6303.2s
08:13:05 | INFO  | checkpoint_~|   Checking for non PyTorch modules to save
08:13:05 | INFO  | atomic_chec~| [atomic_save] → /home/mattin/.cache/stable-pretraining/runs/20260928/181015/359e86ba207f/checkpoints/epoch=7-step=93936.ckpt
08:13:06 | INFO  | atomic_chec~| [atomic_save] ✓ epoch=7-step=93936.ckpt saved (138.5 MiB, serialise=0.11s write=0.41s rename=0.0ms)
08:13:06 | INFO  | checkpoint_~|   Checking for non PyTorch modules to save
08:13:06 | INFO  | atomic_chec~| [atomic_save] → /home/mattin/.cache/stable-pretraining/runs/20260928/181015/359e86ba207f/checkpoints/last.ckpt
08:13:07 | INFO  | atomic_chec~| [atomic_save] ✓ last.ckpt saved (138.5 MiB, serialise=0.12s write=1.07s rename=5.3ms)
[Epoch 8/10] step 50/11742 (1.9 it/s)
[Epoch 8/10] step 100/11742 (2.0 it/s)
[Epoch 8/10] step 150/11742 (2.0 it/s)
[Epoch 8/10] step 200/11742 (2.0 it/s)
[Epoch 8/10] step 250/11742 (2.0 it/s)
[Epoch 8/10] step 300/11742 (2.0 it/s)
[Epoch 8/10] step 350/11742 (2.1 it/s)
[Epoch 8/10] step 400/11742 (2.1 it/s)
[Epoch 8/10] step 450/11742 (2.1 it/s)
[Epoch 8/10] step 500/11742 (2.1 it/s)
[Epoch 8/10] step 550/11742 (2.1 it/s)
[Epoch 8/10] step 600/11742 (2.1 it/s)
[Epoch 8/10] step 650/11742 (2.1 it/s)
[Epoch 8/10] step 700/11742 (2.1 it/s)
[Epoch 8/10] step 750/11742 (2.1 it/s)
[Epoch 8/10] step 800/11742 (2.1 it/s)
[Epoch 8/10] step 850/11742 (2.1 it/s)
[Epoch 8/10] step 900/11742 (2.1 it/s)
[Epoch 8/10] step 950/11742 (2.1 it/s)
[Epoch 8/10] step 1000/11742 (2.1 it/s)
[Epoch 8/10] step 1050/11742 (2.1 it/s)
[Epoch 8/10] step 1100/11742 (2.1 it/s)
[Epoch 8/10] step 1150/11742 (2.1 it/s)
[Epoch 8/10] step 1200/11742 (2.1 it/s)
[Epoch 8/10] step 1250/11742 (2.1 it/s)
[Epoch 8/10] step 1300/11742 (2.1 it/s)
[Epoch 8/10] step 1350/11742 (2.1 it/s)
[Epoch 8/10] step 1400/11742 (2.1 it/s)
[Epoch 8/10] step 1450/11742 (2.1 it/s)
[Epoch 8/10] step 1500/11742 (2.1 it/s)
[Epoch 8/10] step 1550/11742 (2.1 it/s)
[Epoch 8/10] step 1600/11742 (2.1 it/s)
[Epoch 8/10] step 1650/11742 (2.1 it/s)
[Epoch 8/10] step 1700/11742 (2.1 it/s)
[Epoch 8/10] step 1750/11742 (2.1 it/s)
[Epoch 8/10] step 1800/11742 (2.1 it/s)
[Epoch 8/10] step 1850/11742 (2.1 it/s)
[Epoch 8/10] step 1900/11742 (2.1 it/s)
[Epoch 8/10] step 1950/11742 (2.1 it/s)
[Epoch 8/10] step 2000/11742 (2.1 it/s)
[Epoch 8/10] step 2050/11742 (2.1 it/s)
[Epoch 8/10] step 2100/11742 (2.1 it/s)
[Epoch 8/10] step 2150/11742 (2.1 it/s)
[Epoch 8/10] step 2200/11742 (2.1 it/s)
[Epoch 8/10] step 2250/11742 (2.1 it/s)
[Epoch 8/10] step 2300/11742 (2.1 it/s)
[Epoch 8/10] step 2350/11742 (2.1 it/s)
[Epoch 8/10] step 2400/11742 (2.1 it/s)
[Epoch 8/10] step 2450/11742 (2.1 it/s)
[Epoch 8/10] step 2500/11742 (2.1 it/s)
[Epoch 8/10] step 2550/11742 (2.1 it/s)
[Epoch 8/10] step 2600/11742 (2.1 it/s)
[Epoch 8/10] step 2650/11742 (2.1 it/s)
[Epoch 8/10] step 2700/11742 (2.1 it/s)
[Epoch 8/10] step 2750/11742 (2.1 it/s)
[Epoch 8/10] step 2800/11742 (2.1 it/s)
[Epoch 8/10] step 2850/11742 (2.1 it/s)
[Epoch 8/10] step 2900/11742 (2.1 it/s)
[Epoch 8/10] step 2950/11742 (2.1 it/s)
[Epoch 8/10] step 3000/11742 (2.1 it/s)
[Epoch 8/10] step 3050/11742 (2.1 it/s)
[Epoch 8/10] step 3100/11742 (2.1 it/s)
[Epoch 8/10] step 3150/11742 (2.1 it/s)
[Epoch 8/10] step 3200/11742 (2.1 it/s)
[Epoch 8/10] step 3250/11742 (2.1 it/s)
[Epoch 8/10] step 3300/11742 (2.1 it/s)
[Epoch 8/10] step 3350/11742 (2.1 it/s)
[Epoch 8/10] step 3400/11742 (2.1 it/s)
[Epoch 8/10] step 3450/11742 (2.1 it/s)
[Epoch 8/10] step 3500/11742 (2.1 it/s)
[Epoch 8/10] step 3550/11742 (2.1 it/s)
[Epoch 8/10] step 3600/11742 (2.1 it/s)
[Epoch 8/10] step 3650/11742 (2.1 it/s)
[Epoch 8/10] step 3700/11742 (2.1 it/s)
[Epoch 8/10] step 3750/11742 (2.1 it/s)
[Epoch 8/10] step 3800/11742 (2.1 it/s)
[Epoch 8/10] step 3850/11742 (2.1 it/s)
[Epoch 8/10] step 3900/11742 (2.1 it/s)
[Epoch 8/10] step 3950/11742 (2.1 it/s)
[Epoch 8/10] step 4000/11742 (2.1 it/s)
[Epoch 8/10] step 4050/11742 (2.1 it/s)
[Epoch 8/10] step 4100/11742 (2.1 it/s)
[Epoch 8/10] step 4150/11742 (2.1 it/s)
[Epoch 8/10] step 4200/11742 (2.1 it/s)
[Epoch 8/10] step 4250/11742 (2.1 it/s)
[Epoch 8/10] step 4300/11742 (2.1 it/s)
[Epoch 8/10] step 4350/11742 (2.1 it/s)
[Epoch 8/10] step 4400/11742 (2.1 it/s)
[Epoch 8/10] step 4450/11742 (2.1 it/s)
[Epoch 8/10] step 4500/11742 (2.1 it/s)
[Epoch 8/10] step 4550/11742 (2.1 it/s)
[Epoch 8/10] step 4600/11742 (2.1 it/s)
[Epoch 8/10] step 4650/11742 (2.1 it/s)
[Epoch 8/10] step 4700/11742 (2.1 it/s)
[Epoch 8/10] step 4750/11742 (2.1 it/s)
[Epoch 8/10] step 4800/11742 (2.1 it/s)
[Epoch 8/10] step 4850/11742 (2.1 it/s)
[Epoch 8/10] step 4900/11742 (2.1 it/s)
[Epoch 8/10] step 4950/11742 (2.1 it/s)
[Epoch 8/10] step 5000/11742 (2.1 it/s)
[Epoch 8/10] step 5050/11742 (2.1 it/s)
[Epoch 8/10] step 5100/11742 (2.1 it/s)
[Epoch 8/10] step 5150/11742 (2.1 it/s)
[Epoch 8/10] step 5200/11742 (2.1 it/s)
[Epoch 8/10] step 5250/11742 (2.1 it/s)
[Epoch 8/10] step 5300/11742 (2.1 it/s)
[Epoch 8/10] step 5350/11742 (2.1 it/s)
[Epoch 8/10] step 5400/11742 (2.1 it/s)
[Epoch 8/10] step 5450/11742 (2.1 it/s)
[Epoch 8/10] step 5500/11742 (2.1 it/s)
[Epoch 8/10] step 5550/11742 (2.1 it/s)
[Epoch 8/10] step 5600/11742 (2.1 it/s)
[Epoch 8/10] step 5650/11742 (2.1 it/s)
[Epoch 8/10] step 5700/11742 (2.1 it/s)
[Epoch 8/10] step 5750/11742 (2.1 it/s)
[Epoch 8/10] step 5800/11742 (2.1 it/s)
[Epoch 8/10] step 5850/11742 (2.1 it/s)
[Epoch 8/10] step 5900/11742 (2.1 it/s)
[Epoch 8/10] step 5950/11742 (2.1 it/s)
[Epoch 8/10] step 6000/11742 (2.1 it/s)
[Epoch 8/10] step 6050/11742 (2.1 it/s)
[Epoch 8/10] step 6100/11742 (2.1 it/s)
[Epoch 8/10] step 6150/11742 (2.1 it/s)
[Epoch 8/10] step 6200/11742 (2.1 it/s)
[Epoch 8/10] step 6250/11742 (2.1 it/s)
[Epoch 8/10] step 6300/11742 (2.1 it/s)
[Epoch 8/10] step 6350/11742 (2.1 it/s)
[Epoch 8/10] step 6400/11742 (2.1 it/s)
[Epoch 8/10] step 6450/11742 (2.1 it/s)
[Epoch 8/10] step 6500/11742 (2.1 it/s)
[Epoch 8/10] step 6550/11742 (2.1 it/s)
[Epoch 8/10] step 6600/11742 (2.1 it/s)
[Epoch 8/10] step 6650/11742 (2.1 it/s)
[Epoch 8/10] step 6700/11742 (2.1 it/s)
[Epoch 8/10] step 6750/11742 (2.1 it/s)
[Epoch 8/10] step 6800/11742 (2.1 it/s)
[Epoch 8/10] step 6850/11742 (2.1 it/s)
[Epoch 8/10] step 6900/11742 (2.1 it/s)
[Epoch 8/10] step 6950/11742 (2.1 it/s)
[Epoch 8/10] step 7000/11742 (2.1 it/s)
[Epoch 8/10] step 7050/11742 (2.1 it/s)
[Epoch 8/10] step 7100/11742 (2.1 it/s)
[Epoch 8/10] step 7150/11742 (2.1 it/s)
[Epoch 8/10] step 7200/11742 (2.1 it/s)
[Epoch 8/10] step 7250/11742 (2.1 it/s)
[Epoch 8/10] step 7300/11742 (2.1 it/s)
[Epoch 8/10] step 7350/11742 (2.1 it/s)
[Epoch 8/10] step 7400/11742 (2.1 it/s)
[Epoch 8/10] step 7450/11742 (2.1 it/s)
[Epoch 8/10] step 7500/11742 (2.1 it/s)
[Epoch 8/10] step 7550/11742 (2.1 it/s)
[Epoch 8/10] step 7600/11742 (2.1 it/s)
[Epoch 8/10] step 7650/11742 (2.1 it/s)
[Epoch 8/10] step 7700/11742 (2.1 it/s)
[Epoch 8/10] step 7750/11742 (2.1 it/s)
[Epoch 8/10] step 7800/11742 (2.1 it/s)
[Epoch 8/10] step 7850/11742 (2.1 it/s)
[Epoch 8/10] step 7900/11742 (2.1 it/s)
[Epoch 8/10] step 7950/11742 (2.1 it/s)
[Epoch 8/10] step 8000/11742 (2.1 it/s)
[Epoch 8/10] step 8050/11742 (2.1 it/s)
[Epoch 8/10] step 8100/11742 (2.1 it/s)
[Epoch 8/10] step 8150/11742 (2.1 it/s)
[Epoch 8/10] step 8200/11742 (2.1 it/s)
[Epoch 8/10] step 8250/11742 (2.1 it/s)
[Epoch 8/10] step 8300/11742 (2.1 it/s)
[Epoch 8/10] step 8350/11742 (2.1 it/s)
[Epoch 8/10] step 8400/11742 (2.1 it/s)
[Epoch 8/10] step 8450/11742 (2.1 it/s)
[Epoch 8/10] step 8500/11742 (2.1 it/s)
[Epoch 8/10] step 8550/11742 (2.1 it/s)
[Epoch 8/10] step 8600/11742 (2.1 it/s)
[Epoch 8/10] step 8650/11742 (2.1 it/s)
[Epoch 8/10] step 8700/11742 (2.1 it/s)
[Epoch 8/10] step 8750/11742 (2.1 it/s)
[Epoch 8/10] step 8800/11742 (2.1 it/s)
[Epoch 8/10] step 8850/11742 (2.1 it/s)
[Epoch 8/10] step 8900/11742 (2.1 it/s)
[Epoch 8/10] step 8950/11742 (2.1 it/s)
[Epoch 8/10] step 9000/11742 (2.1 it/s)
[Epoch 8/10] step 9050/11742 (2.1 it/s)
[Epoch 8/10] step 9100/11742 (2.1 it/s)
[Epoch 8/10] step 9150/11742 (2.1 it/s)
[Epoch 8/10] step 9200/11742 (2.1 it/s)
[Epoch 8/10] step 9250/11742 (2.1 it/s)
[Epoch 8/10] step 9300/11742 (2.1 it/s)
[Epoch 8/10] step 9350/11742 (2.1 it/s)
[Epoch 8/10] step 9400/11742 (2.1 it/s)
[Epoch 8/10] step 9450/11742 (2.1 it/s)
[Epoch 8/10] step 9500/11742 (2.1 it/s)
[Epoch 8/10] step 9550/11742 (2.1 it/s)
[Epoch 8/10] step 9600/11742 (2.1 it/s)
[Epoch 8/10] step 9650/11742 (2.1 it/s)
[Epoch 8/10] step 9700/11742 (2.1 it/s)
[Epoch 8/10] step 9750/11742 (2.1 it/s)
[Epoch 8/10] step 9800/11742 (2.1 it/s)
[Epoch 8/10] step 9850/11742 (2.1 it/s)
[Epoch 8/10] step 9900/11742 (2.1 it/s)
[Epoch 8/10] step 9950/11742 (2.1 it/s)
[Epoch 8/10] step 10000/11742 (2.1 it/s)
[Epoch 8/10] step 10050/11742 (2.1 it/s)
[Epoch 8/10] step 10100/11742 (2.1 it/s)
[Epoch 8/10] step 10150/11742 (2.1 it/s)
[Epoch 8/10] step 10200/11742 (2.1 it/s)
[Epoch 8/10] step 10250/11742 (2.1 it/s)
[Epoch 8/10] step 10300/11742 (2.1 it/s)
[Epoch 8/10] step 10350/11742 (2.1 it/s)
[Epoch 8/10] step 10400/11742 (2.1 it/s)
[Epoch 8/10] step 10450/11742 (2.1 it/s)
[Epoch 8/10] step 10500/11742 (2.1 it/s)
[Epoch 8/10] step 10550/11742 (2.1 it/s)
[Epoch 8/10] step 10600/11742 (2.1 it/s)
[Epoch 8/10] step 10650/11742 (2.1 it/s)
[Epoch 8/10] step 10700/11742 (2.1 it/s)
[Epoch 8/10] step 10750/11742 (2.1 it/s)
[Epoch 8/10] step 10800/11742 (2.1 it/s)
[Epoch 8/10] step 10850/11742 (2.1 it/s)
[Epoch 8/10] step 10900/11742 (2.1 it/s)
[Epoch 8/10] step 10950/11742 (2.1 it/s)
[Epoch 8/10] step 11000/11742 (2.1 it/s)
[Epoch 8/10] step 11050/11742 (2.1 it/s)
[Epoch 8/10] step 11100/11742 (2.1 it/s)
[Epoch 8/10] step 11150/11742 (2.1 it/s)
[Epoch 8/10] step 11200/11742 (2.1 it/s)
[Epoch 8/10] step 11250/11742 (2.1 it/s)
[Epoch 8/10] step 11300/11742 (2.1 it/s)
[Epoch 8/10] step 11350/11742 (2.1 it/s)
[Epoch 8/10] step 11400/11742 (2.1 it/s)
[Epoch 8/10] step 11450/11742 (2.1 it/s)
[Epoch 8/10] step 11500/11742 (2.1 it/s)
[Epoch 8/10] step 11550/11742 (2.1 it/s)
[Epoch 8/10] step 11600/11742 (2.1 it/s)
[Epoch 8/10] step 11650/11742 (2.1 it/s)
[Epoch 8/10] step 11700/11742 (2.1 it/s)
09:58:27 | INFO  | trainer_inf~| \n+-----------------------------+------------------------+
|            Metric           |         Value          |
+-----------------------------+------------------------+
|        [0;34;40mfit/cons_loss[0m        |  [0;32;40m0.020562782883644104[0m  |
|         [0;34;40mfit/kl_loss[0m         |   [0;32;40m5.6421685218811035[0m   |
|           [0;34;40mfit/loss[0m          |   [0;32;40m0.6583636999130249[0m   |
|        [0;34;40mfit/pred1_loss[0m       |  [0;32;40m0.025892790406942368[0m  |
|       [0;34;40mfit/sigreg1_loss[0m      |       [0;32;40m0.92578125[0m       |
|        [0;34;40mfit/skill_loss[0m       |  [0;32;40m0.47199034690856934[0m   |
|           [0;34;40mfit/w_kl[0m          |  [0;32;40m0.009999999776482582[0m  |
|     [0;34;40mhardware/cpu_percent[0m    |          [0;32;40m38.5[0m          |
|   [0;34;40mhardware/disk_read_mb_s[0m   |   [0;32;40m109.76529693603516[0m   |
|   [0;34;40mhardware/disk_write_mb_s[0m  |  [0;32;40m0.024992365390062332[0m  |
|    [0;34;40mhardware/net_recv_mb_s[0m   | [0;32;40m7.779605948599055e-05[0m  |
|    [0;34;40mhardware/net_sent_mb_s[0m   | [0;32;40m0.00011516868107719347[0m |
|     [0;34;40mhardware/ram_used_gb[0m    |   [0;32;40m54.669456481933594[0m   |
|    [0;34;40mhardware/ram_used_pct[0m    |   [0;32;40m45.70000076293945[0m    |
|     [0;34;40mhparams/lr_model_opt[0m    | [0;32;40m7.489306881325319e-06[0m  |
|      [0;34;40mvalidate/cons_loss[0m     |  [0;32;40m0.018339108675718307[0m  |
|   [0;34;40mvalidate/cons_loss_epoch[0m  |  [0;32;40m0.018339108675718307[0m  |
|       [0;34;40mvalidate/kl_loss[0m      |   [0;32;40m5.648261547088623[0m    |
|    [0;34;40mvalidate/kl_loss_epoch[0m   |   [0;32;40m5.648261547088623[0m    |
|        [0;34;40mvalidate/loss[0m        |   [0;32;40m0.7124049663543701[0m   |
|     [0;34;40mvalidate/loss_epoch[0m     |   [0;32;40m0.7124049663543701[0m   |
|     [0;34;40mvalidate/pred1_loss[0m     |  [0;32;40m0.01733171008527279[0m   |
|  [0;34;40mvalidate/pred1_loss_epoch[0m  |  [0;32;40m0.01733171008527279[0m   |
|    [0;34;40mvalidate/sigreg1_loss[0m    |   [0;32;40m1.362718939781189[0m    |
| [0;34;40mvalidate/sigreg1_loss_epoch[0m |   [0;32;40m1.362718939781189[0m    |
|     [0;34;40mvalidate/skill_loss[0m     |  [0;32;40m0.49760645627975464[0m   |
|  [0;34;40mvalidate/skill_loss_epoch[0m  |  [0;32;40m0.49760645627975464[0m   |
|        [0;34;40mvalidate/w_kl[0m        |  [0;32;40m0.010000155307352543[0m  |
|     [0;34;40mvalidate/w_kl_epoch[0m     |  [0;32;40m0.010000155307352543[0m  |
+-----------------------------+------------------------+
09:58:27 | INFO  | utils.py    | 📦📦📦 Model saved to /home/mattin/.stable_worldmodel/checkpoints/lehwm/weights_epoch_9.pt 📦📦📦
[Epoch 8/10] done in 6320.7s
09:58:27 | INFO  | checkpoint_~|   Checking for non PyTorch modules to save
09:58:27 | INFO  | atomic_chec~| [atomic_save] → /home/mattin/.cache/stable-pretraining/runs/20260928/181015/359e86ba207f/checkpoints/epoch=8-step=105678.ckpt
09:58:28 | INFO  | atomic_chec~| [atomic_save] ✓ epoch=8-step=105678.ckpt saved (138.5 MiB, serialise=0.13s write=0.21s rename=0.0ms)
09:58:28 | INFO  | checkpoint_~|   Checking for non PyTorch modules to save
09:58:28 | INFO  | atomic_chec~| [atomic_save] → /home/mattin/.cache/stable-pretraining/runs/20260928/181015/359e86ba207f/checkpoints/last.ckpt
09:58:28 | INFO  | atomic_chec~| [atomic_save] ✓ last.ckpt saved (138.5 MiB, serialise=0.11s write=0.11s rename=0.2ms)
[Epoch 9/10] step 50/11742 (1.9 it/s)
[Epoch 9/10] step 100/11742 (1.9 it/s)
[Epoch 9/10] step 150/11742 (2.0 it/s)
[Epoch 9/10] step 200/11742 (2.0 it/s)
[Epoch 9/10] step 250/11742 (2.0 it/s)
[Epoch 9/10] step 300/11742 (2.0 it/s)
[Epoch 9/10] step 350/11742 (2.0 it/s)
[Epoch 9/10] step 400/11742 (2.0 it/s)
[Epoch 9/10] step 450/11742 (2.0 it/s)
[Epoch 9/10] step 500/11742 (2.0 it/s)
[Epoch 9/10] step 550/11742 (2.0 it/s)
[Epoch 9/10] step 600/11742 (2.0 it/s)
[Epoch 9/10] step 650/11742 (2.0 it/s)
[Epoch 9/10] step 700/11742 (2.0 it/s)
[Epoch 9/10] step 750/11742 (2.0 it/s)
[Epoch 9/10] step 800/11742 (2.0 it/s)
[Epoch 9/10] step 850/11742 (2.0 it/s)
[Epoch 9/10] step 900/11742 (2.0 it/s)
[Epoch 9/10] step 950/11742 (2.0 it/s)
[Epoch 9/10] step 1000/11742 (2.0 it/s)
[Epoch 9/10] step 1050/11742 (2.0 it/s)
[Epoch 9/10] step 1100/11742 (2.1 it/s)
[Epoch 9/10] step 1150/11742 (2.0 it/s)
[Epoch 9/10] step 1200/11742 (2.1 it/s)
[Epoch 9/10] step 1250/11742 (2.1 it/s)
[Epoch 9/10] step 1300/11742 (2.1 it/s)
[Epoch 9/10] step 1350/11742 (2.1 it/s)
[Epoch 9/10] step 1400/11742 (2.1 it/s)
[Epoch 9/10] step 1450/11742 (2.1 it/s)
[Epoch 9/10] step 1500/11742 (2.1 it/s)
[Epoch 9/10] step 1550/11742 (2.1 it/s)
[Epoch 9/10] step 1600/11742 (2.1 it/s)
[Epoch 9/10] step 1650/11742 (2.1 it/s)
[Epoch 9/10] step 1700/11742 (2.1 it/s)
[Epoch 9/10] step 1750/11742 (2.1 it/s)
[Epoch 9/10] step 1800/11742 (2.1 it/s)
[Epoch 9/10] step 1850/11742 (2.1 it/s)
[Epoch 9/10] step 1900/11742 (2.1 it/s)
[Epoch 9/10] step 1950/11742 (2.1 it/s)
[Epoch 9/10] step 2000/11742 (2.1 it/s)
[Epoch 9/10] step 2050/11742 (2.1 it/s)
[Epoch 9/10] step 2100/11742 (2.1 it/s)
[Epoch 9/10] step 2150/11742 (2.1 it/s)
[Epoch 9/10] step 2200/11742 (2.1 it/s)
[Epoch 9/10] step 2250/11742 (2.1 it/s)
[Epoch 9/10] step 2300/11742 (2.1 it/s)
[Epoch 9/10] step 2350/11742 (2.1 it/s)
[Epoch 9/10] step 2400/11742 (2.1 it/s)
[Epoch 9/10] step 2450/11742 (2.1 it/s)
[Epoch 9/10] step 2500/11742 (2.1 it/s)
[Epoch 9/10] step 2550/11742 (2.1 it/s)
[Epoch 9/10] step 2600/11742 (2.1 it/s)
[Epoch 9/10] step 2650/11742 (2.1 it/s)
[Epoch 9/10] step 2700/11742 (2.1 it/s)
[Epoch 9/10] step 2750/11742 (2.1 it/s)
[Epoch 9/10] step 2800/11742 (2.1 it/s)
[Epoch 9/10] step 2850/11742 (2.1 it/s)
[Epoch 9/10] step 2900/11742 (2.1 it/s)
[Epoch 9/10] step 2950/11742 (2.1 it/s)
[Epoch 9/10] step 3000/11742 (2.1 it/s)
[Epoch 9/10] step 3050/11742 (2.1 it/s)
[Epoch 9/10] step 3100/11742 (2.1 it/s)
[Epoch 9/10] step 3150/11742 (2.1 it/s)
[Epoch 9/10] step 3200/11742 (2.1 it/s)
[Epoch 9/10] step 3250/11742 (2.1 it/s)
[Epoch 9/10] step 3300/11742 (2.1 it/s)
[Epoch 9/10] step 3350/11742 (2.1 it/s)
[Epoch 9/10] step 3400/11742 (2.1 it/s)
[Epoch 9/10] step 3450/11742 (2.1 it/s)
[Epoch 9/10] step 3500/11742 (2.1 it/s)
[Epoch 9/10] step 3550/11742 (2.1 it/s)
[Epoch 9/10] step 3600/11742 (2.1 it/s)
[Epoch 9/10] step 3650/11742 (2.1 it/s)
[Epoch 9/10] step 3700/11742 (2.1 it/s)
[Epoch 9/10] step 3750/11742 (2.1 it/s)
[Epoch 9/10] step 3800/11742 (2.1 it/s)
[Epoch 9/10] step 3850/11742 (2.1 it/s)
[Epoch 9/10] step 3900/11742 (2.1 it/s)
[Epoch 9/10] step 3950/11742 (2.1 it/s)
[Epoch 9/10] step 4000/11742 (2.1 it/s)
[Epoch 9/10] step 4050/11742 (2.1 it/s)
[Epoch 9/10] step 4100/11742 (2.1 it/s)
[Epoch 9/10] step 4150/11742 (2.1 it/s)
[Epoch 9/10] step 4200/11742 (2.1 it/s)
[Epoch 9/10] step 4250/11742 (2.1 it/s)
[Epoch 9/10] step 4300/11742 (2.1 it/s)
[Epoch 9/10] step 4350/11742 (2.1 it/s)
[Epoch 9/10] step 4400/11742 (2.1 it/s)
[Epoch 9/10] step 4450/11742 (2.1 it/s)
[Epoch 9/10] step 4500/11742 (2.1 it/s)
[Epoch 9/10] step 4550/11742 (2.1 it/s)
[Epoch 9/10] step 4600/11742 (2.1 it/s)
[Epoch 9/10] step 4650/11742 (2.1 it/s)
[Epoch 9/10] step 4700/11742 (2.1 it/s)
[Epoch 9/10] step 4750/11742 (2.1 it/s)
[Epoch 9/10] step 4800/11742 (2.1 it/s)
[Epoch 9/10] step 4850/11742 (2.1 it/s)
[Epoch 9/10] step 4900/11742 (2.1 it/s)
[Epoch 9/10] step 4950/11742 (2.1 it/s)
[Epoch 9/10] step 5000/11742 (2.1 it/s)
[Epoch 9/10] step 5050/11742 (2.1 it/s)
[Epoch 9/10] step 5100/11742 (2.1 it/s)
[Epoch 9/10] step 5150/11742 (2.1 it/s)
[Epoch 9/10] step 5200/11742 (2.1 it/s)
[Epoch 9/10] step 5250/11742 (2.1 it/s)
[Epoch 9/10] step 5300/11742 (2.1 it/s)
[Epoch 9/10] step 5350/11742 (2.1 it/s)
[Epoch 9/10] step 5400/11742 (2.1 it/s)
[Epoch 9/10] step 5450/11742 (2.1 it/s)
[Epoch 9/10] step 5500/11742 (2.1 it/s)
[Epoch 9/10] step 5550/11742 (2.1 it/s)
[Epoch 9/10] step 5600/11742 (2.1 it/s)
[Epoch 9/10] step 5650/11742 (2.1 it/s)
[Epoch 9/10] step 5700/11742 (2.1 it/s)
[Epoch 9/10] step 5750/11742 (2.1 it/s)
[Epoch 9/10] step 5800/11742 (2.1 it/s)
[Epoch 9/10] step 5850/11742 (2.1 it/s)
[Epoch 9/10] step 5900/11742 (2.1 it/s)
[Epoch 9/10] step 5950/11742 (2.1 it/s)
[Epoch 9/10] step 6000/11742 (2.1 it/s)
[Epoch 9/10] step 6050/11742 (2.1 it/s)
[Epoch 9/10] step 6100/11742 (2.1 it/s)
[Epoch 9/10] step 6150/11742 (2.1 it/s)
[Epoch 9/10] step 6200/11742 (2.1 it/s)
[Epoch 9/10] step 6250/11742 (2.1 it/s)
[Epoch 9/10] step 6300/11742 (2.1 it/s)
[Epoch 9/10] step 6350/11742 (2.1 it/s)
[Epoch 9/10] step 6400/11742 (2.1 it/s)
[Epoch 9/10] step 6450/11742 (2.1 it/s)
[Epoch 9/10] step 6500/11742 (2.1 it/s)
[Epoch 9/10] step 6550/11742 (2.1 it/s)
[Epoch 9/10] step 6600/11742 (2.1 it/s)
[Epoch 9/10] step 6650/11742 (2.1 it/s)
[Epoch 9/10] step 6700/11742 (2.1 it/s)
[Epoch 9/10] step 6750/11742 (2.1 it/s)
[Epoch 9/10] step 6800/11742 (2.1 it/s)
[Epoch 9/10] step 6850/11742 (2.1 it/s)
[Epoch 9/10] step 6900/11742 (2.1 it/s)
[Epoch 9/10] step 6950/11742 (2.1 it/s)
[Epoch 9/10] step 7000/11742 (2.1 it/s)
[Epoch 9/10] step 7050/11742 (2.1 it/s)
[Epoch 9/10] step 7100/11742 (2.1 it/s)
[Epoch 9/10] step 7150/11742 (2.1 it/s)
[Epoch 9/10] step 7200/11742 (2.1 it/s)
[Epoch 9/10] step 7250/11742 (2.1 it/s)
[Epoch 9/10] step 7300/11742 (2.1 it/s)
[Epoch 9/10] step 7350/11742 (2.1 it/s)
[Epoch 9/10] step 7400/11742 (2.1 it/s)
[Epoch 9/10] step 7450/11742 (2.1 it/s)
[Epoch 9/10] step 7500/11742 (2.1 it/s)
[Epoch 9/10] step 7550/11742 (2.1 it/s)
[Epoch 9/10] step 7600/11742 (2.1 it/s)
[Epoch 9/10] step 7650/11742 (2.1 it/s)
[Epoch 9/10] step 7700/11742 (2.1 it/s)
[Epoch 9/10] step 7750/11742 (2.1 it/s)
[Epoch 9/10] step 7800/11742 (2.1 it/s)
[Epoch 9/10] step 7850/11742 (2.1 it/s)
[Epoch 9/10] step 7900/11742 (2.1 it/s)
[Epoch 9/10] step 7950/11742 (2.1 it/s)
[Epoch 9/10] step 8000/11742 (2.1 it/s)
[Epoch 9/10] step 8050/11742 (2.1 it/s)
[Epoch 9/10] step 8100/11742 (2.1 it/s)
[Epoch 9/10] step 8150/11742 (2.1 it/s)
[Epoch 9/10] step 8200/11742 (2.1 it/s)
[Epoch 9/10] step 8250/11742 (2.1 it/s)
[Epoch 9/10] step 8300/11742 (2.1 it/s)
[Epoch 9/10] step 8350/11742 (2.1 it/s)
[Epoch 9/10] step 8400/11742 (2.1 it/s)
[Epoch 9/10] step 8450/11742 (2.1 it/s)
[Epoch 9/10] step 8500/11742 (2.1 it/s)
[Epoch 9/10] step 8550/11742 (2.1 it/s)
[Epoch 9/10] step 8600/11742 (2.1 it/s)
[Epoch 9/10] step 8650/11742 (2.1 it/s)
[Epoch 9/10] step 8700/11742 (2.1 it/s)
[Epoch 9/10] step 8750/11742 (2.1 it/s)
[Epoch 9/10] step 8800/11742 (2.1 it/s)
[Epoch 9/10] step 8850/11742 (2.1 it/s)
[Epoch 9/10] step 8900/11742 (2.1 it/s)
[Epoch 9/10] step 8950/11742 (2.1 it/s)
[Epoch 9/10] step 9000/11742 (2.1 it/s)
[Epoch 9/10] step 9050/11742 (2.1 it/s)
[Epoch 9/10] step 9100/11742 (2.1 it/s)
[Epoch 9/10] step 9150/11742 (2.1 it/s)
[Epoch 9/10] step 9200/11742 (2.1 it/s)
[Epoch 9/10] step 9250/11742 (2.1 it/s)
[Epoch 9/10] step 9300/11742 (2.1 it/s)
[Epoch 9/10] step 9350/11742 (2.1 it/s)
[Epoch 9/10] step 9400/11742 (2.1 it/s)
[Epoch 9/10] step 9450/11742 (2.1 it/s)
[Epoch 9/10] step 9500/11742 (2.1 it/s)
[Epoch 9/10] step 9550/11742 (2.1 it/s)
[Epoch 9/10] step 9600/11742 (2.1 it/s)
[Epoch 9/10] step 9650/11742 (2.1 it/s)
[Epoch 9/10] step 9700/11742 (2.1 it/s)
[Epoch 9/10] step 9750/11742 (2.1 it/s)
[Epoch 9/10] step 9800/11742 (2.1 it/s)
[Epoch 9/10] step 9850/11742 (2.1 it/s)
[Epoch 9/10] step 9900/11742 (2.1 it/s)
[Epoch 9/10] step 9950/11742 (2.1 it/s)
[Epoch 9/10] step 10000/11742 (2.1 it/s)
[Epoch 9/10] step 10050/11742 (2.1 it/s)
[Epoch 9/10] step 10100/11742 (2.1 it/s)
[Epoch 9/10] step 10150/11742 (2.1 it/s)
[Epoch 9/10] step 10200/11742 (2.1 it/s)
[Epoch 9/10] step 10250/11742 (2.1 it/s)
[Epoch 9/10] step 10300/11742 (2.1 it/s)
[Epoch 9/10] step 10350/11742 (2.1 it/s)
[Epoch 9/10] step 10400/11742 (2.1 it/s)
[Epoch 9/10] step 10450/11742 (2.1 it/s)
[Epoch 9/10] step 10500/11742 (2.1 it/s)
[Epoch 9/10] step 10550/11742 (2.1 it/s)
[Epoch 9/10] step 10600/11742 (2.1 it/s)
[Epoch 9/10] step 10650/11742 (2.1 it/s)
[Epoch 9/10] step 10700/11742 (2.1 it/s)
[Epoch 9/10] step 10750/11742 (2.1 it/s)
[Epoch 9/10] step 10800/11742 (2.1 it/s)
[Epoch 9/10] step 10850/11742 (2.1 it/s)
[Epoch 9/10] step 10900/11742 (2.1 it/s)
[Epoch 9/10] step 10950/11742 (2.1 it/s)
[Epoch 9/10] step 11000/11742 (2.1 it/s)
[Epoch 9/10] step 11050/11742 (2.1 it/s)
[Epoch 9/10] step 11100/11742 (2.1 it/s)
[Epoch 9/10] step 11150/11742 (2.1 it/s)
[Epoch 9/10] step 11200/11742 (2.1 it/s)
[Epoch 9/10] step 11250/11742 (2.1 it/s)
[Epoch 9/10] step 11300/11742 (2.1 it/s)
[Epoch 9/10] step 11350/11742 (2.1 it/s)
[Epoch 9/10] step 11400/11742 (2.1 it/s)
[Epoch 9/10] step 11450/11742 (2.1 it/s)
[Epoch 9/10] step 11500/11742 (2.1 it/s)
[Epoch 9/10] step 11550/11742 (2.1 it/s)
[Epoch 9/10] step 11600/11742 (2.1 it/s)
[Epoch 9/10] step 11650/11742 (2.1 it/s)
[Epoch 9/10] step 11700/11742 (2.1 it/s)
11:44:04 | INFO  | trainer_inf~| \n+-----------------------------+------------------------+
|            Metric           |         Value          |
+-----------------------------+------------------------+
|        [0;34;40mfit/cons_loss[0m        |  [0;32;40m0.022488947957754135[0m  |
|         [0;34;40mfit/kl_loss[0m         |   [0;32;40m5.122514724731445[0m    |
|           [0;34;40mfit/loss[0m          |   [0;32;40m0.7147966027259827[0m   |
|        [0;34;40mfit/pred1_loss[0m       |  [0;32;40m0.02200632356107235[0m   |
|       [0;34;40mfit/sigreg1_loss[0m      |        [0;32;40m0.90625[0m         |
|        [0;34;40mfit/skill_loss[0m       |   [0;32;40m0.5375332236289978[0m   |
|           [0;34;40mfit/w_kl[0m          |  [0;32;40m0.009999999776482582[0m  |
|     [0;34;40mhardware/cpu_percent[0m    |          [0;32;40m39.5[0m          |
|   [0;34;40mhardware/disk_read_mb_s[0m   |    [0;32;40m73.5680923461914[0m    |
|   [0;34;40mhardware/disk_write_mb_s[0m  |   [0;32;40m0.0269470177590847[0m   |
|    [0;34;40mhardware/net_recv_mb_s[0m   | [0;32;40m0.00017772462160792202[0m |
|    [0;34;40mhardware/net_sent_mb_s[0m   | [0;32;40m0.00022387198987416923[0m |
|     [0;34;40mhardware/ram_used_gb[0m    |   [0;32;40m54.50906753540039[0m    |
|    [0;34;40mhardware/ram_used_pct[0m    |   [0;32;40m45.599998474121094[0m   |
|     [0;34;40mhparams/lr_model_opt[0m    |          [0;32;40m0.0[0m           |
|      [0;34;40mvalidate/cons_loss[0m     |  [0;32;40m0.018127180635929108[0m  |
|   [0;34;40mvalidate/cons_loss_epoch[0m  |  [0;32;40m0.018127180635929108[0m  |
|       [0;34;40mvalidate/kl_loss[0m      |    [0;32;40m5.65759801864624[0m    |
|    [0;34;40mvalidate/kl_loss_epoch[0m   |    [0;32;40m5.65759801864624[0m    |
|        [0;34;40mvalidate/loss[0m        |   [0;32;40m0.7093076109886169[0m   |
|     [0;34;40mvalidate/loss_epoch[0m     |   [0;32;40m0.7093076109886169[0m   |
|     [0;34;40mvalidate/pred1_loss[0m     |  [0;32;40m0.016926124691963196[0m  |
|  [0;34;40mvalidate/pred1_loss_epoch[0m  |  [0;32;40m0.016926124691963196[0m  |
|    [0;34;40mvalidate/sigreg1_loss[0m    |   [0;32;40m1.3578580617904663[0m   |
| [0;34;40mvalidate/sigreg1_loss_epoch[0m |   [0;32;40m1.3578580617904663[0m   |
|     [0;34;40mvalidate/skill_loss[0m     |  [0;32;40m0.49547284841537476[0m   |
|  [0;34;40mvalidate/skill_loss_epoch[0m  |  [0;32;40m0.49547284841537476[0m   |
|        [0;34;40mvalidate/w_kl[0m        |  [0;32;40m0.010000155307352543[0m  |
|     [0;34;40mvalidate/w_kl_epoch[0m     |  [0;32;40m0.010000155307352543[0m  |
+-----------------------------+------------------------+
11:44:04 | INFO  | utils.py    | 📦📦📦 Model saved to /home/mattin/.stable_worldmodel/checkpoints/lehwm/weights_epoch_10.pt 📦📦📦
11:44:05 | INFO  | utils.py    | 📦📦📦 Model saved to /home/mattin/.stable_worldmodel/checkpoints/lehwm/weights_epoch_10.pt 📦📦📦
[Epoch 9/10] done in 6336.4s
11:44:05 | INFO  | checkpoint_~|   Checking for non PyTorch modules to save
11:44:05 | INFO  | atomic_chec~| [atomic_save] → /home/mattin/.cache/stable-pretraining/runs/20260928/181015/359e86ba207f/checkpoints/epoch=9-step=117420.ckpt
11:44:05 | INFO  | atomic_chec~| [atomic_save] ✓ epoch=9-step=117420.ckpt saved (138.5 MiB, serialise=0.13s write=0.19s rename=0.0ms)
11:44:05 | INFO  | checkpoint_~|   Checking for non PyTorch modules to save
11:44:05 | INFO  | atomic_chec~| [atomic_save] → /home/mattin/.cache/stable-pretraining/runs/20260928/181015/359e86ba207f/checkpoints/last.ckpt
11:44:05 | INFO  | atomic_chec~| [atomic_save] ✓ last.ckpt saved (138.5 MiB, serialise=0.11s write=0.12s rename=0.2ms)
`Trainer.fit` stopped: `max_epochs=10` reached.
Epoch 9/9  ━━━━━━━━━━━━━━━━━━━━━━━━━━━━━━━━━━━━━━━━ 11742/11742 1:35:01 • 0:00:00 2.13it/s  
11:44:07 | INFO  | utils.py    | ── SignalHandlers (after Trainer.fit() returned) ──
11:44:07 | INFO  | manager.py  |   SIGUSR1  → SIG_DFL (default OS action — terminate process)
11:44:07 | INFO  | manager.py  |   SIGUSR2  → SIG_DFL (default OS action — terminate process)
11:44:07 | INFO  | manager.py  |   SIGCONT  → SIG_DFL (default OS action — terminate process)
11:44:07 | INFO  | manager.py  |   SIGTERM  → SIG_DFL (default OS action — terminate process)
